player,label,rating,n_moves,mean_t,median_t,cv_t,log_std,near_median,frac_sub_sec,max_ratio,corr_legal,capture_ratio,late_early
GhengisKhan,0,1867,43.0,0.8987688098495212,0.47058823529411764,0.9177337523410054,1.0879528600304358,0.20930232558139536,0.0,3.3378995396651376,0.4810279109421061,1.1488129691421547,0.6093856271897398
Susmoy1882,0,1408,26.0,1.205128205128205,1.3333333333333333,0.6140795607526494,0.9015708394604228,0.3076923076923077,0.07692307692307693,2.2127659556106836,0.10399773835405686,0.6081081076643535,1.0434782608327033
Yonasanperry,0,1515,36.0,0.7740740740740739,0.4,1.110614851278798,1.0197893919404775,0.25,0.0,4.909090902749022,0.06481916225241445,1.2687499982752932,1.612499998966406
SillySammy,1,1573,17.0,1.0,0.5,1.194349440231942,0.8369002755846119,0.23529411764705882,0.0,4.74999999525,-0.0028696727525187246,0.319999999744,0.744744744965506
camilocn,0,1724,16.0,1.2083333333333333,0.6666666666666666,1.1204980669875,0.7725960619069566,0.3125,0.0,4.781609191445105,0.36607309088457063,0.337349397334301,0.2985074630634885
dddraa,0,1962,25.0,1.333333333333333,1.3333333333333333,0.6633249575735863,0.9483365191213103,0.36,0.08,2.4999999981250007,0.19708025187511877,0.45652173881781655,0.7252747254513344
the_machine1005,0,1880,22.0,1.2727272727272727,1.3333333333333333,0.6098213554668402,0.9618090207472737,0.4090909090909091,0.09090909090909091,2.619047616989796,0.21537266173231318,0.7499999994843749,1.0999999999174999
Messinumerouno,1,1510,35.0,0.9269841269841269,0.4444444444444444,1.095547890496636,0.9803410303705832,0.34285714285714286,0.02857142857142857,4.794520542773035,0.411969514418886,1.5380658416560933,0.3687830692429554
gombas,0,1944,52.0,0.28205128205128205,0.2222222222222222,0.9539440110843311,1.3350530629850577,0.36538461538461536,0.28846153846153844,4.727272710512396,0.2018321567414624,1.3571428518685067,0.5348837221957816
NAKAMURUS-HIKARULSEN,1,1937,58.0,0.7957559681697612,0.5384615384615385,1.9631493946893805,1.4212375063160918,0.13793103448275862,0.1206896551724138,15.079999981049468,0.15006411465469002,2.182274244022534,2.3333333305407407
Magic55,0,1541,17.0,0.6143790849673203,0.4444444444444444,0.6017930042856326,0.9363672576214455,0.29411764705882354,0.058823529411764705,2.170212762425079,0.2159035587680206,0.8593749986706543,0.8518518520740742
mo33,0,1557,26.0,1.375,0.625,1.157907663409218,1.4675152559533684,0.34615384615384615,0.11538461538461539,4.181818178776859,0.16340274957047754,0.20408163253644315,0.7023809525651927
ritvikbs,0,1124,16.0,0.5153846153846154,0.46153846153846156,0.7233803458234492,0.6883480388631279,0.3125,0.0,3.1044776059166854,0.014076701765407007,0.38753387467317185,0.5056179782502209
salmon_rushdie,0,1738,33.0,0.9898989898989898,0.6666666666666666,0.6656941393397617,1.0864957028353188,0.3939393939393939,0.15151515151515152,2.6938775482990422,0.4240741659897028,1.1612903213444326,0.5960784316956862
IvanDriga,0,1772,20.0,0.5923076923076924,0.46153846153846156,0.9623543105855245,0.6698880426425685,0.25,0.0,4.675324667431269,-0.00358805896102062,0.4477611933782581,1.7499999982589285
hanykof,0,1778,21.0,0.5079365079365079,0.4444444444444444,0.7162547251595022,0.8605101111936123,0.3333333333333333,0.047619047619047616,2.6249999948320313,0.06151915123737592,0.5945945935821769,1.5151515138636358
Eimoss,0,919,21.0,1.3968253968253967,1.3333333333333333,0.5874021806394772,0.5335121951684636,0.2857142857142857,0.0,2.386363634655217,0.190114718480482,0.7499999995078126,1.1961722486489552
ramesh612,0,1889,30.0,1.177777777777778,1.3333333333333333,0.5600310213983067,0.8307900829136016,0.43333333333333335,0.06666666666666667,2.830188676842292,0.4154902549348867,0.8883116875883487,0.6562500002416992
Jacksonjacobk,1,1663,46.0,0.6028985507246375,0.4,0.8806873477731212,1.097871864922837,0.2608695652173913,0.06521739130434782,4.4230769157405705,0.2254521735101322,0.6132404172210421,0.6250000005053713
upanishad7,1,1401,26.0,0.2632801161103048,0.15471698113207547,1.41314000312478,1.119332029338985,0.19230769230769232,0.0,6.994487294271214,-0.13037551137341083,0.2057761726946135,0.44888179065383554
mrhifi,0,1259,35.0,0.9904761904761904,0.6666666666666666,1.1863997538165911,1.4414359886282588,0.37142857142857144,0.3142857142857143,5.384615379178994,0.09474777956615571,0.604651162242293,0.5000000003749998
Cartago50,0,1206,24.0,1.2420634920634919,0.8095238095238095,1.0618906693969388,1.0764968306480287,0.20833333333333334,0.0,3.680511179145403,0.24019085813329477,0.8178438655325384,0.9810126582429901
azizonemli,1,1460,20.0,1.6666666666666667,0.6666666666666666,1.0620734431508962,1.4424771187745498,0.35,0.2,3.9999999976,0.15767172872733135,0.33333333316666663,1.1739130433648395
altray33,0,1218,53.0,0.6792452830188678,0.4,1.144762030240667,1.489121533591774,0.1320754716981132,0.1320754716981132,6.674074064248355,0.4746064116557748,1.0435315741752738,0.24633936330198508
Schuhmacherr,0,1758,25.0,1.413333333333333,1.3333333333333333,0.9833067329491988,1.3592097845114668,0.32,0.2,3.7735849029903883,0.42650689394078345,0.6381766377839142,0.474725274995416
whiplash012,0,1933,28.0,1.214285714285714,1.3333333333333333,0.7771733790700305,1.3352463219721247,0.21428571428571427,0.21428571428571427,2.7450980369550178,0.38379990073498943,0.39276485762081603,0.5000000003088235
JonnyWatson,0,1589,29.0,1.2413793103448274,0.6666666666666666,1.3133794972010477,1.5261288311488699,0.3448275862068966,0.3103448275862069,4.8333333294398155,0.36409281101669505,0.7777777771944444,0.8666666667666668
ozeroso,1,1509,16.0,1.4027777777777777,1.0,0.9043566734724385,0.9054172050529905,0.25,0.0,3.485148512367023,-0.03745659890015772,0.7120879116442265,1.5249999995275
Luvjo,0,1663,45.0,0.7496296296296295,0.4,1.0798256918736706,0.903066642740936,0.13333333333333333,0.0,4.268774697862802,0.41125663684040487,0.6635944692204125,0.4586829397544619
dediktsi,0,1874,43.0,0.8527131782945736,0.4444444444444444,1.1225708379877584,1.206419073789818,0.23255813953488372,0.06976744186046512,4.6909090854079345,0.4047393972254489,1.454545452641322,0.6860795457635607
Myrzamurat,0,1915,45.0,0.5674074074074075,0.26666666666666666,1.1595923128351426,1.1351709628492284,0.3333333333333333,0.022222222222222223,4.817232367489211,0.381166777160761,0.39680232497581047,0.6789596278021539
Enuderino,1,1216,18.0,0.4567901234567901,0.3333333333333333,0.8803512129323301,1.4100659218685452,0.0,0.2222222222222222,2.918918912528853,0.4955050142740914,0.24193548351977107,1.312499999208984
Naipeman,0,1450,25.0,0.951111111111111,0.8888888888888888,0.74918070290693,0.9416057111944965,0.24,0.04,3.7383177530788716,0.2277471470824757,1.351111109570845,0.8406593408129902
pakkid,0,1938,22.0,1.212121212121212,1.3333333333333333,0.6123724351905874,0.45979846098198635,0.4090909090909091,0.0,3.2999999972775003,0.08367646286506975,0.9545454537644625,1.857142856132653
christianlbmtz,1,1417,23.0,1.4492753623188404,1.3333333333333333,1.038845512340841,0.816597902025255,0.43478260869565216,0.043478260869565216,5.519999996191201,0.05407572782388947,0.5860465112599242,1.629629629052469
ionchick,1,1500,25.0,1.182222222222222,1.1111111111111112,0.2696303919078857,0.25254662561867874,0.8,0.0,1.6917293218772966,-0.17187034081612207,1.0039215677770703,0.8823529412698962
David_mj,1,1841,55.0,0.7151515151515151,0.6666666666666666,1.3045343307110402,1.4604881740101507,0.3090909090909091,0.43636363636363634,6.5254237196890275,0.21698422655545807,1.0126811580003348,0.3287337668516362
TIHOOKEANSKII,0,1429,41.0,0.9329268292682927,0.75,0.8678793545049046,1.4456445733196321,0.0975609756097561,0.14634146341463414,2.947712415141014,0.43529670887114746,0.28846153819526626,0.7619047621288515
ftwftwftw,0,1779,46.0,0.3144927536231884,0.26666666666666666,0.9310238479855248,1.0967691782652187,0.2391304347826087,0.043478260869565216,4.663594455217141,-0.02178937514835238,0.4528089875811451,0.6315789483240998
Mauricio_Urquizo_76,0,1744,51.0,0.47320261437908495,0.26666666666666666,0.9342082361627145,0.9745458985208416,0.23529411764705882,0.0392156862745098,4.790055238496154,0.28725886422750246,0.5349421810045446,0.6499287755365374
FI123581321,1,1700,51.0,0.3790849673202614,0.4444444444444444,0.7725984980449755,1.154262145639554,0.35294117647058826,0.1568627450980392,4.103448265037455,0.2761936298756816,0.5934210511909712,0.8183306059994953
pablian88,0,1115,19.0,0.8421052631578947,0.5714285714285714,0.889955601800247,0.6671636384785719,0.47368421052631576,0.0,4.07142856659375,0.30229888810662825,0.5228758164193258,1.7068965505723845
Yala_Baba,1,1701,33.0,1.1515151515151516,0.8888888888888888,0.8235031151007489,0.758504622407295,0.3333333333333333,0.0,3.8596491194552165,0.21589771440945396,0.8142493631963948,0.6682352943565176
Dilmurod05,0,1957,45.0,0.8740740740740738,0.6666666666666666,1.8739355857998548,1.1803134680665386,0.6,0.2222222222222222,12.96610168008116,0.004971698560907178,0.7254901952889274,1.2140468224708003
t0kas,0,1102,24.0,1.3333333333333333,1.3333333333333333,0.8036375628133514,1.251818940478902,0.25,0.16666666666666666,2.99999999775,0.22899583412324087,0.23255813940508382,0.9200000000576003
si-mo,0,1650,31.0,1.1182795698924728,0.6666666666666666,1.1570468417723583,1.4499508247433899,0.25806451612903225,0.2903225806451613,5.365384610586725,0.2418851791243122,0.4432624109938509,0.7435344829576025
theyetg1n,1,1406,28.0,1.3253968253968256,0.7777777777777777,1.7467282424371706,0.9131763486679692,0.32142857142857145,0.0,9.05389220873778,0.022571578964510185,0.5801526713770759,0.3467741938802679
tenako,0,1884,38.0,0.8771929824561402,0.6666666666666666,0.8009993748668922,1.2507717590251715,0.3684210526315789,0.23684210526315788,3.0399999965344007,0.04140016346200376,0.8842105253385041,0.6666666669833332
ahook,0,1565,34.0,0.6000000000000001,0.5333333333333333,0.7777777764814814,0.9576581466684393,0.3235294117647059,0.029411764705882353,3.777777771481481,0.10149012261528637,0.7896512923292118,1.124999999778646
FI123581321,1,1674,23.0,0.6086956521739131,0.4444444444444444,0.7779397291881687,0.8806526192803954,0.391304347826087,0.043478260869565216,2.9206349158367346,-0.021848402317956168,0.5747126427863655,1.9708333309305208
vedantp36,0,1411,40.0,0.9333333333333332,0.4444444444444444,1.0381061587254408,0.9606512333314313,0.3,0.025,4.523809518962586,0.47247481851195416,0.6937799036254813,0.30232558188209846
Darwesh121,0,738,19.0,1.0315789473684212,0.6666666666666666,0.9551950640246905,0.9069647854577231,0.2631578947368421,0.0,3.619047615539358,0.11554071893662675,1.0021551714418755,0.9375000000585936
blubbersilly,0,1600,82.0,0.4227642276422765,0.2222222222222222,1.1771157850246967,1.3343407556815827,0.3780487804878049,0.2073170731707317,6.307692292772187,0.4192626866115304,0.971428569141978,0.4444444453935187
Scippo,0,1065,22.0,1.0340909090909092,0.625,1.1805389697543556,1.071194346688139,0.4090909090909091,0.045454545454545456,4.83516483048907,0.39612885859770186,1.09374999890625,1.1666666664920635
edrono,0,1776,30.0,0.8592592592592591,0.4444444444444444,0.9853263479725632,0.8448971625632713,0.26666666666666666,0.0,4.1379310296670635,0.3880393266171365,0.25943396202184943,0.43209876590534985
irvi_7667,0,1609,39.0,0.3794871794871795,0.13333333333333333,1.7572764257824138,1.5170432887822736,0.2564102564102564,0.1282051282051282,10.189189162339297,0.105035423561016,1.1231527063719091,0.1961956534189361
shankara1502,0,1062,18.0,1.2777777777777777,0.75,0.886786001669956,0.8242219438440926,0.0,0.0,2.7391304326389414,0.6052044484674932,0.7058823524429065,0.5593220341671933
Mishasalikov2014,0,1132,19.0,0.8342105263157894,0.55,1.0595988632556284,1.3717209284176195,0.3157894736842105,0.05263157894736842,4.255520499630607,-0.14350136478430345,0.38661709999806537,1.924752473599451
mattwithnight,0,1207,25.0,1.031111111111111,0.4444444444444444,1.8777278988518438,1.6369832457320406,0.2,0.2,8.836206887982126,0.12858839231207153,0.3653846150842271,1.626373625568289
vicsantoyo,1,1679,25.0,1.1466666666666665,1.3333333333333333,0.6266136545841151,1.0434294544745513,0.24,0.12,2.325581393320714,0.08021740979626521,0.7304687494179075,1.0615384614830767
Messinumerouno,1,1503,42.0,0.6984126984126984,0.4444444444444444,0.9635220044134206,1.114746033559443,0.23809523809523808,0.07142857142857142,4.454545448167356,0.46191383695109955,0.7138461529145849,0.5172413798347206
geraldooliveira,0,1315,19.0,1.1842105263157894,1.0,0.7714024419134726,0.720575843080532,0.3157894736842105,0.0,2.955555553059753,0.021416565087464864,0.389873417445153,0.787500000159375
ibrahimone,1,845,19.0,1.3684210526315788,1.3333333333333333,0.6793662199902974,1.3616790628995479,0.2631578947368421,0.21052631578947367,2.4358974341173574,-0.08385318279261654,0.31168831151829984,1.1647058822221454
maliha11405,0,1399,23.0,0.6086956521739131,0.5333333333333333,0.8217011266547477,0.6037468577015304,0.43478260869565216,0.0,4.380952373755102,0.5220746387895336,0.712962961923225,1.3217054257393637
Realshadow01,1,1865,50.0,0.7555555555555555,0.4444444444444444,1.3034423398136992,1.558254597349196,0.1,0.2,7.352941166738755,0.3591387997224809,0.9045915313309549,0.1971830992275838
helloindia12050,1,1953,22.0,1.1666666666666665,0.8,0.9114810871492024,1.1249132587133623,0.09090909090909091,0.0,3.5428571398204087,0.42151070660594864,0.45901639312657894,0.8689320389399333
happybanshee38,0,1222,19.0,0.1696594427244582,0.1411764705882353,0.8156260640321489,0.8342371800408035,0.21052631578947367,0.0,3.051094872527306,-0.002683295168396371,0.5181818159795455,0.4549450572360826
ijhdfg4,1,1746,27.0,0.7160493827160495,0.6666666666666666,0.6560792263403186,1.2059357275339053,0.14814814814814814,0.1111111111111111,2.482758617222354,-0.0009442891682743985,0.610937499269739,0.950166113024608
loki_07,0,1671,19.0,0.41295546558704455,0.46153846153846156,0.6049901405169948,0.8974951232261285,0.2631578947368421,0.05263157894736842,2.6078431309398304,0.3444408937591502,0.5999999986999999,0.8000000004333333
YoVi2020,0,1406,25.0,1.5733333333333335,1.3333333333333333,0.8028962220203292,1.0205990800654625,0.24,0.08,3.8135593196100253,0.17259408472413548,0.9824561397303785,0.5101214577219263
Philipp_Fed,0,1585,20.0,0.9066666666666666,0.5,1.0417848825696012,0.8836874330974064,0.25,0.0,3.970588230914793,0.2535899152142615,0.8559463977567067,3.857142849489795
MVigotsky1972,1,1534,18.0,0.9382716049382714,0.2222222222222222,1.9714021874071155,1.6461046946299376,0.3333333333333333,0.2222222222222222,8.289473675375694,0.007368786577804672,1.8148148120925922,2.0399999983152006
kaviin_mei,0,1278,18.0,0.8888888888888888,0.0,1.3462912002690486,1.2221749492735543,1.0,0.6111111111111112,4.4999999949375,0.12710925087176853,0.7142857135204081,1.666666665666667
saifalqaisi_1,0,1117,30.0,0.5948717948717948,0.38461538461538464,0.9389826745725796,0.7346642459527487,0.43333333333333335,0.0,4.655172405967599,0.09246491241661998,0.4399999993708001,1.761904760136054
Rhinnoru,0,1575,27.0,1.333333333333333,1.3333333333333333,0.827759134143144,0.7605212894447287,0.37037037037037035,0.037037037037037035,4.499999996625001,0.2507362791885177,0.6999999995274999,0.7428571430242856
Cris1231456,1,1106,23.0,0.9391304347826087,0.5333333333333333,1.27432885631455,0.8307613916210344,0.391304347826087,0.0,6.246913573595107,0.30547390496146953,0.23684210505280467,0.8100775195620379
rgnelson,0,1702,24.0,1.2435897435897438,1.3846153846153846,0.7936805343269077,1.3289538544050514,0.20833333333333334,0.041666666666666664,2.4742268021341265,0.4064253414741764,0.4268398265539735,0.7636363638039668
Chessotkin,0,1811,27.0,1.3086419753086418,1.3333333333333333,0.5455408408963682,0.7190876821563957,0.37037037037037035,0.037037037037037035,2.5471698093743327,0.6153538736761128,0.8815426990833958,1.0399999999688
Moein_893,0,1953,28.0,0.5714285714285714,0.0,1.581138827317197,1.0832586646562354,1.0,0.7142857142857143,3.4999999938750004,0.007418156314481678,0.8333333319444445,0.60000000056
abdosalama1997,1,1073,20.0,0.8966666666666665,0.7,0.9095204076965475,1.435440874860401,0.15,0.05,3.048327134146848,-0.2823989629693067,1.17761557035786,0.37948717996449705
elready,0,1089,30.0,0.7399999999999999,0.4666666666666667,0.9905404367803096,0.9715115478178304,0.1,0.0,3.9639639586072564,0.25512204768000535,0.6929870121176294,1.1764705879757786
infinitiespawn,0,1741,17.0,2.007843137254902,1.2,1.475332241375234,1.0826261870197915,0.17647058823529413,0.0,6.507812496758804,0.053524059925269936,0.2295081966225477,1.557945041456045
wonkatriv,0,1169,16.0,0.7638888888888888,0.7777777777777777,0.734284381086343,0.7669971517116108,0.375,0.0,2.3272727242261158,-0.23016663031604223,0.48214285665468753,0.8333333335333334
Anton12345678910,1,1334,26.0,1.461538461538462,1.3333333333333333,0.7592661401254984,0.8194796323577894,0.23076923076923078,0.038461538461538464,3.1929824539556777,0.4333695105365116,0.5380434779450614,1.0357142856894137
Iapatudi,0,1434,55.0,0.6389610389610386,0.38095238095238093,1.1783290058808595,0.8759854532257935,0.2909090909090909,0.0,6.558265572391878,0.15448287760484933,0.317307691891226,0.42023346367456743
Flintern,1,1583,23.0,0.8405797101449276,0.6666666666666666,0.7475683918237134,1.0874132836816597,0.5217391304347826,0.17391304347826086,3.1724137893293696,-0.09103818714878303,0.5759999993779201,0.7447916669298503
kinglasana,0,1921,20.0,1.1,0.8461538461538463,0.8703695506893628,1.6868889658366755,0.1,0.15,3.3566433535918625,0.5215449030902599,0.7850467283043061,1.0724637680476787
nickcantrell,0,1180,16.0,1.1666666666666665,0.6666666666666666,0.8451542540040986,1.405525621428446,0.3125,0.25,2.285714283755102,-0.3028295148870194,0.6470588230726644,1.7999999990400004
beika,0,1781,17.0,0.48156862745098045,0.26666666666666666,1.2413372626442551,0.8240252366508473,0.29411764705882354,0.0,5.205211715575496,-0.03958532685320605,1.2117647032093424,1.5476190461522106
AmrFathalla,1,1808,40.0,0.7166666666666667,0.5333333333333333,0.9472284570232301,1.5832360039210414,0.35,0.1,3.8139534830502977,0.1669269551433716,0.4559585486558029,1.128712871095971
Nimzowitch2010,1,1792,52.0,0.4763313609467455,0.3076923076923077,0.9919820511655367,1.196014515226155,0.15384615384615385,0.09615384615384616,5.167701852505074,0.26082650092612303,1.6442307652229564,0.6597938150257202
Dias700000,0,1828,39.0,0.9401709401709397,0.6666666666666666,0.8899809627275964,1.0407609709201822,0.15384615384615385,0.05128205128205128,4.490909086132399,0.2436250274147605,0.5333333328000001,0.5013888892836226
Kon6567,0,1032,24.0,1.3518518518518519,1.0,0.7365482218535158,0.7644949111311248,0.25,0.0,2.9589041074002624,0.2908771848010147,0.7289719621262991,0.8481012659266144
sbelete,0,1679,28.0,1.1904761904761902,1.0,0.7386474118843118,1.1378140043896692,0.0,0.14285714285714285,2.7999999976480003,0.30335648679901844,0.40909090879803717,0.7857142858749999
MANU_PATEL,1,1894,31.0,1.118279569892473,0.6666666666666666,0.7322858749090048,1.0730695738035712,0.41935483870967744,0.12903225806451613,2.9807692281037355,0.5170550603300482,0.6558265577377221,0.8035714287292729
sazory,0,1605,21.0,1.3424036281179137,0.7619047619047619,1.147505392045299,0.9652383009213059,0.23809523809523808,0.0,5.249999996089104,0.02622881662300228,0.7924528296391956,0.49976201836162526
Nafaz-Mhd,1,1192,28.0,0.5523809523809524,0.4,0.8127257743488706,0.8033678605389781,0.21428571428571427,0.0,3.3793103387098693,0.14821219526223692,0.9309868858606062,1.2095238091047618
ZombieOne4,1,1497,17.0,0.9019607843137254,0.6666666666666666,1.1520836703322714,1.508761860380553,0.23529411764705882,0.058823529411764705,4.139130430193574,0.34362760580393176,0.31802721061662675,1.309438470329518
Carhoracorgar,0,1382,26.0,1.2974358974358973,1.1333333333333333,0.7640327445953362,0.7203557741386851,0.19230769230769232,0.0,3.802371538571295,-0.045162631557950125,0.4654654651509618,1.2999999997340905
mickymoussse,0,1069,27.0,0.36213991769547316,0.24444444444444444,1.002594771301103,0.7738048257166072,0.37037037037037035,0.0,4.724999986952557,-0.20594172229751653,1.0703703673376546,1.3928571415513393
ArCVErma,1,1627,23.0,0.7342995169082126,0.6666666666666666,0.7852959626872232,0.7181434643587844,0.2608695652173913,0.0,3.328947363887552,0.1863885798840861,0.4235294112602076,1.0738095237051357
Jorgemembiela,0,1718,40.0,0.8266666666666668,0.6,0.741935482973465,0.6522254741883635,0.25,0.0,2.74193548055411,0.06045083962725218,0.49295774595814323,0.5897435901380669
auf123,1,1032,17.0,0.8470588235294118,0.8,0.7813520157364513,1.0148539977895676,0.29411764705882354,0.0,2.833333329988426,0.5158144662312866,0.4447368416488227,1.6046176036753435
jayantabhakta1974,1,1629,46.0,0.8357487922705312,0.6666666666666666,0.8610388781646235,0.7008039090409464,0.1956521739130435,0.0,4.520231208464233,0.16594764852383215,0.7145299137439316,0.6796116508073804
OrZone,1,1608,21.0,0.8095238095238095,0.6666666666666666,0.7203100694705429,1.5150398115533565,0.3333333333333333,0.09523809523809523,3.047058819765398,-0.06256297129679607,0.24688796654374925,0.8471074381902707
Dsld56,0,1286,26.0,0.6717948717948717,0.26666666666666666,1.5622767284158252,0.9724771436685012,0.23076923076923078,0.0,7.740458003745121,0.5372174351371869,0.7927350416678995,0.21296296367348247
cj2009,1,1588,29.0,1.1264367816091954,0.6666666666666666,0.696872288318649,0.8553157948793392,0.4827586206896552,0.06896551724137931,3.5510204050108287,-0.27967900735360635,0.8624999992560936,1.7568627441630913
Doctoramaadin,0,1530,20.0,1.192307692307692,0.38461538461538464,1.3258810108405517,1.1585150171589709,0.45,0.0,5.290322576208117,0.15575058795088523,1.428571427244898,1.9807692295432695
A_C_E21,0,1838,27.0,1.3425925925925926,0.5,1.6321094353240349,1.3021175048827918,0.37037037037037035,0.07407407407407407,7.448275856521284,-0.10710111292268092,0.72916666615625,3.8801020354675666
JulioMI,0,1854,35.0,0.9714285714285714,0.6666666666666666,0.9329707640098102,0.7952015356830271,0.08571428571428572,0.0,4.803921563682238,0.09512155521452095,0.5846774188243854,1.8888888875555558
caballosdefuerza,0,1477,28.0,0.7301587301587301,0.4444444444444444,1.219718271295215,1.3788808155993122,0.2857142857142857,0.14285714285714285,4.869565210722118,0.19280953129957998,0.3658536581149614,1.190476190190476
fernandogeo98,0,1788,18.0,1.47008547008547,1.0,0.9510035682178561,0.9710939671226749,0.3333333333333333,0.0,3.244186044304827,-0.09460665882394709,0.9401709395441595,1.7741935476566075
hmsrgs,0,1561,26.0,1.4153846153846152,0.6666666666666666,2.5497877872853256,0.8972946601810601,0.38461538461538464,0.0,13.659420280204396,0.21765461185778542,0.32838427930390346,3.5999999957749997
elrei,0,1894,28.0,1.2417582417582416,0.6153846153846154,1.3449871824710957,1.6031659039034543,0.14285714285714285,0.10714285714285714,6.07079645528812,0.34495574019849345,0.6309067683900045,0.20855615011776146
jmanchola,0,1723,23.0,1.507246376811594,1.3333333333333333,0.8373669631781795,1.0493021865022065,0.17391304347826086,0.08695652173913043,3.5384615361139056,0.48602871973834305,0.5599999996639999,1.5921052626436982
Omar_Shirov,1,1910,40.0,0.65,0.5333333333333333,0.8284075313477224,0.8518067922619579,0.25,0.0,3.897435891439842,0.42166297220118126,0.798701297534365,0.5476190481575964
Its_7_of_spades,0,1549,35.0,1.042857142857143,1.0,0.7762422768724903,0.6833799488868287,0.42857142857142855,0.0,3.8356164346781756,0.3681325377770684,0.6973140489643808,0.538231780504901
Gods-chess,0,1794,64.0,0.6041666666666667,0.4444444444444444,0.9320272823784176,1.0760121913688478,0.234375,0.078125,4.781609187487911,0.4091853924109047,1.1009667006079245,0.4146341470267699
tha_linda,0,1720,24.0,1.5,1.3333333333333333,0.8240220535723921,0.9987279297107597,0.4166666666666667,0.08333333333333333,3.999999997333333,0.43886058216871865,0.44680851038162067,0.9285714286173471
ahmedwalid744,1,1835,30.0,0.8888888888888888,0.6666666666666666,0.7826237912444748,1.2493118568680057,0.36666666666666664,0.23333333333333334,2.999999996625,0.07249819587910443,1.2499999985351564,0.9047619048639458
CpvXI,0,1438,48.0,0.7777777777777778,0.4444444444444444,1.37147817194283,1.1650658563451546,0.22916666666666666,0.08333333333333333,7.999999989714286,0.12170038977510585,0.9322033886573543,0.31250000058007815
luzdealfil_7,0,1929,42.0,0.7248677248677249,0.5555555555555556,0.8463691704600202,1.0014004174669255,0.35714285714285715,0.047619047619047616,3.678832111713144,0.44741130794874895,0.7239366129183648,0.5747126441401108
OrZone,1,1596,29.0,0.9241379310344828,0.6666666666666666,1.0860993915116106,1.0919064550225213,0.1724137931034483,0.0,5.2661691485303885,0.3854695043056075,1.3922413776000486,1.7855072451814744
BruceDingo,0,1349,44.0,0.4348484848484848,0.26666666666666666,0.9991862537995774,0.8986288808038826,0.36363636363636365,0.0,4.599303125311707,0.2419476696930986,0.576271185268601,0.5597826094851726
Leroy101,0,1617,28.0,1.0952380952380951,1.3333333333333333,0.6550660504157815,1.0957588511027947,0.35714285714285715,0.14285714285714285,2.4347826064725897,0.3743718212147521,0.6634920629517913,0.48387096809157126
Leyte-Macarthur,0,1853,43.0,0.3617571059431524,0.2222222222222222,0.8588079042082458,1.2747793652141555,0.3023255813953488,0.20930232558139536,4.299999988113572,0.32949256994668263,1.1840277743366971,0.4671179894660173
pablochess22,0,1708,40.0,0.6666666666666666,0.6666666666666666,0.7149203519118601,0.716414455723961,0.35,0.025,4.333333326833333,0.18267150162036003,1.2024291478752664,0.60000000048
TD2014_Ronaldo,1,1563,20.0,1.353846153846154,0.5384615384615385,1.1026826783408097,1.1588820198985548,0.1,0.0,4.204545451439824,-0.11755927350449552,0.3818181816320455,0.31343283615393186
FVH_01-09-2012,1,1323,17.0,1.0457516339869282,0.8888888888888888,0.7670967988947764,0.8170430556248787,0.17647058823529413,0.0,2.9749999971551557,0.11401152763732315,0.5185185180648147,1.3333333329583337
fransus1961,0,1737,26.0,1.4205128205128204,0.6666666666666666,1.146611543526282,1.0848029440795195,0.19230769230769232,0.0,5.162454870011991,-0.03571178099631677,0.5447028420542396,2.0439560428375194
mariomunoz,0,1846,22.0,1.5227272727272727,0.75,1.0347062687197162,0.8912861918394225,0.18181818181818182,0.0,4.597014922354199,0.1934825057307524,0.8173784972852739,0.9142857143395919
mlauraceae,0,1050,30.0,0.9066666666666667,0.8333333333333334,0.5361768195606017,0.614796973637727,0.3333333333333333,0.0,2.8676470556606835,0.2736491429470159,1.300541514696106,0.8461538463104767
PawnicAboard,0,1613,44.0,0.6608391608391607,0.46153846153846156,0.82991235203897,1.0246983687849278,0.20454545454545456,0.045454545454545456,3.492063486779206,0.25540232231621246,0.5029411757783047,1.0106382978561568
sirussajjadi54,0,1741,24.0,1.403846153846154,0.7692307692307693,1.1213090930479128,0.9764870014927798,0.25,0.0,4.71232876376656,0.32082380724826975,0.5799999996230001,0.20329670363814756
skier237,0,1054,21.0,1.7142857142857142,1.3333333333333333,0.7644358306855714,0.8623602093202839,0.42857142857142855,0.047619047619047616,3.111111109296296,-0.26853816245421536,0.4336734691620679,1.674641147792747
pclndev,0,1782,28.0,0.8571428571428571,0.0,1.3123346441375783,1.2054508161703426,1.0,0.6071428571428571,4.666666661222223,-0.06207289225008572,3.4999999930000003,1.0
karina_hdez,0,1919,55.0,0.6927272727272729,0.6,0.8249636512185466,0.886988788664979,0.2909090909090909,0.0,4.330708655165643,0.24101838073187967,0.48884270338963964,0.5507363775252478
BjoernWissling,0,1720,18.0,0.5703703703703703,0.5333333333333333,0.636893496817874,0.6025086384946469,0.3888888888888889,0.0,2.805194800276607,0.24363873781131762,1.019607841337947,1.1388888886284723
CreoGo,1,1388,41.0,0.5398373983739838,0.4,0.8374902353691196,0.7525515330862939,0.1951219512195122,0.0,3.828313245920444,0.10018628595335735,0.6285543240251703,1.2282430208742428
ahmedomardraz,0,1318,25.0,1.2586666666666666,0.9333333333333333,0.8704920393877033,0.8363504990965054,0.16,0.0,4.131355928921063,0.4772820268597716,1.0570570561999837,1.7663817655302314
Antropomancia,0,1278,27.0,1.2407407407407407,0.75,1.41893128887431,1.3995403963475122,0.14814814814814814,0.1111111111111111,6.850746263135219,0.037378485383380754,0.36853448251716703,0.5527210887122611
skeem,0,1509,29.0,0.7931034482758621,0.75,0.7027491241245604,0.8517030613870284,0.27586206896551724,0.034482758620689655,3.152173909068998,0.13759363211057538,0.8312499990128907,1.0181818181586777
laubensj,0,1542,34.0,1.036764705882353,0.625,1.0896396280935827,1.46937589557244,0.3235294117647059,0.14705882352941177,4.340425527728383,0.022050480774365104,1.4807692290986194,0.3177570097793693
abomryam,0,996,30.0,1.0222222222222224,0.6666666666666666,0.9924097564651057,1.1532876809511046,0.5333333333333333,0.16666666666666666,4.565217386838373,0.4050022407772557,1.0555555545,0.8400000001439999
Antonio8989,0,1527,64.0,0.7307692307692307,0.46153846153846156,0.9437063711844601,0.7987865116182353,0.1875,0.0,5.052631572033242,0.40347120573084955,0.878220139345462,0.5353535358416487
barcollomanonmollo,0,1733,21.0,0.9365079365079365,0.6666666666666666,0.8552186981744522,1.3133623490171114,0.14285714285714285,0.14285714285714285,3.559322030097673,0.025293795068832652,0.7441860457847486,1.23636363608
patrykowski2,1,1846,44.0,0.8181818181818182,0.6666666666666666,1.263066139565877,1.4594916232319632,0.36363636363636365,0.38636363636363635,4.88888888291358,0.5582941927855061,0.7777777768703704,0.17391304407088848
vijay_saswadkar,0,1238,22.0,0.36363636363636365,0.2222222222222222,0.8940820497318899,1.094062186926461,0.5,0.13636363636363635,3.666666656583333,0.001931641695045056,0.5999999986499999,1.2499999992265627
el_celebro,0,1439,21.0,1.3015873015873014,1.3333333333333333,0.5116140718850534,0.9677788084624264,0.42857142857142855,0.09523809523809523,2.048780486230815,0.06324575842491653,1.2962962952160493,1.2834224596429695
R-STORM61,1,1992,44.0,0.8986013986013986,0.5384615384615385,1.040730563300644,1.0923393227040652,0.11363636363636363,0.022727272727272728,4.451361862750624,0.3786992576801873,0.9472636805505209,0.5670731711091983
ionchick,1,1500,45.0,0.637037037037037,0.6666666666666666,0.7941102814959372,1.1305715275908064,0.6,0.24444444444444444,4.186046505056788,-0.24809747724767212,1.4358974335779098,0.9130434783913046
Lavri141184,0,1470,17.0,0.6649616368286445,0.5217391304347826,0.7273197929722423,0.8134227955085109,0.17647058823529413,0.0,3.0076923031692013,0.14058894646973505,1.0176767661399733,1.4693877542207414
Malshuwaiter,0,1732,19.0,0.5649122807017544,0.4666666666666667,0.656918557700151,1.1221685848974636,0.15789473684210525,0.05263157894736842,2.9503105537836123,0.31632008944793727,0.6246973356088152,1.3640624992320556
saigidovich,0,1439,22.0,0.8121212121212121,0.8,0.7423779164259309,0.8524169530725664,0.3181818181818182,0.0,2.791044772682669,0.4023968733884406,0.515873015335648,1.4814814807458847
random_eyes,0,1002,44.0,0.7683982683982683,0.5714285714285714,1.16431432529549,0.7636326659865368,0.2727272727272727,0.0,7.312676046821251,0.35940086194640475,0.4985119042166574,0.4669421492691586
Finnley_Riddle,0,1446,26.0,1.2307692307692306,0.7777777777777777,0.9072538600434179,1.103336359567164,0.34615384615384615,0.038461538461538464,3.4305555527682294,0.35869738159367914,0.4104477608907887,0.5483870970582724
frathesi,1,1733,35.0,1.0285714285714285,0.6666666666666666,0.8248539788765803,1.0933389285632602,0.5428571428571428,0.14285714285714285,3.240740737590021,0.28245636046498623,0.9615384606139052,0.6010101013184113
tripl3check,0,1735,31.0,1.032258064516129,0.6666666666666666,0.9682458356138661,1.2952949907551996,0.3870967741935484,0.22580645161290322,4.520833328953776,-0.0709211777394965,1.11111111,1.562499999296875
flipiberto,1,980,75.0,0.2844444444444444,0.26666666666666666,0.8112971837569815,1.2155636962736114,0.22666666666666666,0.14666666666666667,3.7499999868164067,0.13492559527996367,0.8831908801487812,0.8169993956230313
Knighthawk37,0,1817,67.0,0.47761194029850745,0.4444444444444444,0.7422438437730042,0.7660401633356004,0.19402985074626866,0.029850746268656716,4.187499991232421,0.43226425868199675,0.7490542229720921,0.6359026375383123
thorben_gastfeld,0,1817,48.0,0.7407407407407408,0.6666666666666666,0.7656696405220237,0.9297607712824997,0.16666666666666666,0.041666666666666664,3.899999994735,0.06003596310364727,0.5428571421940818,0.7021276599167046
shawnf8,1,1539,37.0,0.844074844074844,0.46153846153846156,1.2532275286942447,1.360130098464645,0.13513513513513514,0.08108108108108109,5.467980289088428,0.3129735827642981,0.39797328382906966,0.8009569380107524
Aleksandr8985,0,1209,36.0,0.5430555555555555,0.4,0.8580057599853913,0.8107796541929213,0.16666666666666666,0.0,3.4987212211788257,0.26514148396144455,0.8712871271600825,0.56400000062784
Jacksonjacobk,1,1664,59.0,0.6146892655367233,0.26666666666666666,1.282967083041075,1.7795023666004957,0.1016949152542373,0.23728813559322035,5.856617637531053,0.425418049897489,1.050522646354105,0.08506666746265867
sharbl,0,1550,18.0,0.8765432098765431,0.6666666666666666,0.7194136774396626,0.6558322485678291,0.2777777777777778,0.0,3.042253517656021,0.21270831727804115,0.777777777,0.9722222222534722
Hromero123,0,1603,29.0,0.6850574712643678,0.5333333333333333,0.7348916663201286,0.6675281431076021,0.41379310344827586,0.0,3.6979865717831406,0.0194636237453778,0.5943152446833123,1.3844444437716665
prospery28,0,1690,20.0,1.606666666666667,0.9333333333333333,1.000843293191042,0.9531061964283978,0.1,0.0,3.5684647280694195,0.28688139794928647,1.1812499992248044,2.9508196697325983
matter3462,1,1193,25.0,1.0133333333333332,1.3333333333333333,1.02124252067284,1.4638601716423338,0.4,0.32,4.605263153350069,0.3416847215909778,1.2929292915188249,0.6020066892746836
RFP91,1,1669,25.0,1.3,1.0,0.7787867967592633,0.7985402006135617,0.28,0.0,3.269230766715976,0.18757532205570657,1.142857141942857,1.1821862346643937
Damaso-Isaac,0,1952,37.0,0.9009009009009008,0.6666666666666666,0.8048188192974649,0.7447337596732272,0.08108108108108109,0.0,3.6999999958930005,0.2900186579120684,1.0271546623723014,0.8070175440526315
Matistant,0,1891,28.0,1.0396825396825398,0.6666666666666666,0.772879557914003,0.7849178760992392,0.14285714285714285,0.0,3.4198473249549552,0.47551121314970674,0.9473684201551243,1.7291666657096356
Ekx-000,0,1331,19.0,1.5087719298245617,1.1111111111111112,0.736556496889783,0.7972298935404877,0.2631578947368421,0.0,2.503875967332702,0.2666183676081926,0.775438596013721,1.034999999976375
Pyr0maniaK,0,1493,33.0,1.0505050505050506,0.8,0.73727869942235,0.8723491138559165,0.15151515151515152,0.0,2.7923076896496295,0.40618418910001425,1.1428571417268445,0.457142857515102
Eduardo_Zelaya,0,1405,52.0,0.4142011834319526,0.3076923076923077,0.9760394749314889,0.8214607974559115,0.4807692307692308,0.038461538461538464,6.314285699041225,-0.05364964081836218,1.158415838676649,1.413793102242568
madmax4687,0,1903,27.0,1.045267489711934,0.8888888888888888,0.6118469972118916,0.9310428938586697,0.3333333333333333,0.037037037037037035,2.5511810999215077,0.18135060608369039,0.7266055039272115,1.1772959181821363
ser_mik,0,1653,23.0,0.9101449275362316,0.5333333333333333,0.935200178200536,0.8781590549611934,0.2608695652173913,0.0,4.101910823518603,0.3264656878457417,0.4956521734281663,0.7567829459697527
Eliseo_Ligutom83,0,1943,20.0,1.5466666666666666,1.0,0.9306352905754062,0.7798593051581494,0.35,0.0,3.8793103423194113,0.1742645817592076,1.2429378522646748,1.5777777772962964
Shrprateek,0,1453,29.0,1.0804597701149425,0.6666666666666666,0.8168661192632182,1.0939220186796925,0.4827586206896552,0.13793103448275862,3.0851063801233587,0.19367945515975674,0.6790123451131687,1.2599999997270004
goizrago,1,1294,18.0,1.0277777777777777,0.5,1.2159158776495944,0.8970928792550282,0.16666666666666666,0.0,5.351351346144631,0.29728655618999555,1.3636363621487604,1.9599999986176004
MitraIndo10,1,1129,24.0,0.9388888888888888,0.6666666666666667,0.8844718957543191,0.8603004184520013,0.20833333333333334,0.0,3.408284020038515,0.2934878348839479,0.5413533829702074,0.7978723406190582
larinik,0,1626,22.0,0.8121212121212121,0.6,0.7782333428706161,0.641868238304728,0.2727272727272727,0.0,3.858208950473101,0.19709132453568756,0.6728971955070311,1.481481480745885
Lalorus,0,1419,23.0,1.1652173913043478,0.6666666666666666,1.143391392036359,1.3882855271240548,0.17391304347826086,0.043478260869565216,4.348258702735947,0.3508368138711763,1.1890243891563796,1.3032128511042367
subskybox,0,1525,31.0,1.1612903225806452,1.3333333333333333,0.91023746050837,1.340575374832168,0.3225806451612903,0.22580645161290322,4.018518515058127,0.14601981157189556,0.8333333326388888,0.6955645163499934
Estasiada,0,1309,18.0,0.6074074074074075,0.43333333333333335,0.8855539663290066,0.8389806563240635,0.2222222222222222,0.0,3.6219512135492264,0.4431915044449936,0.32666666620933327,1.4848484838567493
chessroshi89,0,1989,20.0,1.4,0.6666666666666666,0.9147320332655984,1.076400908337948,0.45,0.1,3.809523806802721,0.16598041546639436,0.4999999996875,1.2105263156232686
CarlosAG22,0,1777,31.0,0.8516129032258064,0.6666666666666666,0.9770867402185698,0.9337652089023755,0.22580645161290322,0.0,4.383838378690696,-0.03195097682907649,0.541353382888801,1.7142857131377554
Sleeplessknight2,0,1909,62.0,0.4301075268817203,0.4444444444444444,0.8188745645319999,0.8836016592827297,0.3387096774193548,0.06451612903225806,4.133333323723334,0.13592353643948998,0.6623376608899815,0.7142857148551021
broose,0,793,52.0,0.39487179487179486,0.23333333333333334,1.0014747070100174,1.3701612113305888,0.23076923076923078,0.09615384615384616,4.558441546897453,0.38602036356206826,0.4349442369723333,0.432558140564197
Manojmv,0,1991,34.0,1.0392156862745097,1.0,0.6064210816801684,0.9949128243080579,0.0,0.11764705882352941,2.5660377333798503,0.24262292384320444,0.7236842098978529,0.7666666668649998
Llyod75,0,1531,24.0,0.6203703703703703,0.4444444444444444,0.56618139426319,0.4922203306192499,0.4583333333333333,0.0,2.507462682525284,0.1722089457102243,1.1921568607464825,1.4814814805185181
zobimaru,0,1112,27.0,0.7999999999999999,0.6,0.8311700305425287,0.6940910541937392,0.4074074074074074,0.0,3.7499999953125003,0.11819975011843409,0.4847859716255542,1.440382451517298
Txxx_jrc,0,1951,26.0,0.7076923076923076,0.4666666666666667,1.1716743711796047,0.7037753459924297,0.3076923076923077,0.0,5.463768108221488,-0.02101480952373186,0.5861386131649838,1.8749999982226562
rrrr8954,0,1997,19.0,1.4385964912280702,1.3333333333333333,0.9177994004462506,1.5187695411126614,0.15789473684210525,0.2631578947368421,2.7804878029452706,0.12575048439602343,0.6383928567666614,3.1999999967000003
draw2024,0,1557,22.0,1.3434343434343434,1.3333333333333333,0.6810635713400877,1.3153541960105126,0.22727272727272727,0.09090909090909091,2.8120300730948045,0.5851765826444989,0.5714285710612245,0.7051282053153353
badawyfr,0,1451,28.0,1.2380952380952377,0.6666666666666666,0.8600261444975904,1.34880259267425,0.32142857142857145,0.21428571428571427,3.230769228159764,0.3217464279446541,0.23999999982720002,0.4444444447685184
iguanasoup,0,1198,16.0,0.7749999999999999,0.7333333333333334,0.6669267607506627,0.7922112075288008,0.1875,0.0,2.408602147429761,0.3374547486263696,0.9285714274107143,1.3249999995125001
Batussai,0,1543,20.0,0.8238095238095239,0.5238095238095237,0.9797815732323008,0.9243270712973998,0.2,0.0,3.8150288971031436,0.2675254027033159,0.6293706286774414,0.9010989012130177
Chesspirito63,0,1158,35.0,0.1695238095238095,0.13333333333333333,0.9874864005893145,0.9333919391573828,0.42857142857142855,0.05714285714285714,5.505617945051132,0.25199652255468047,0.5555555527777778,0.3897707255740321
hunglikeaknight,0,1799,22.0,1.4545454545454546,1.0,1.015023859859153,1.1771960396500716,0.4090909090909091,0.045454545454545456,3.9531249972822264,0.5422621191658991,0.4205607474277229,1.3703703700685872
miladr1265,0,1631,25.0,0.8959999999999999,0.9,0.5773272550816334,0.6595861290222931,0.16,0.0,2.56696428284937,0.28189435415168645,0.8368554513487424,1.426573425991736
yencal,0,1348,30.0,1.186666666666667,0.6666666666666666,1.092490808960866,1.0794047005738483,0.16666666666666666,0.0,4.494382018684508,0.07666421603113184,0.2559055116221169,0.4354838713091832
RaffiHelmy14,1,1199,30.0,1.0666666666666667,0.75,0.8994898719457441,0.7489662943035089,0.16666666666666666,0.0,4.218749996044922,0.3812619868621125,0.4320987650960219,0.6202531648453773
Duszman,0,1586,16.0,1.7916666666666665,1.3333333333333333,0.6406966188961652,0.562236958794375,0.3125,0.0,2.976744184385073,0.2572895687159251,0.6887755098719933,1.0476190475918368
MsRaaiin,0,1822,35.0,1.0095238095238095,0.6666666666666666,0.712498398860231,1.1513861399999779,0.37142857142857144,0.17142857142857143,2.6415094313456744,0.32030428790788884,0.6086956516181474,0.48571428608897943
Jasmitheal,1,1763,23.0,1.2434782608695651,1.1333333333333333,0.8686104155315258,1.2875793962632345,0.34782608695652173,0.043478260869565216,4.181818178455181,0.2669621641212629,0.49999999965909087,0.5291053924425156
sunny2727,0,1599,20.0,0.7166666666666667,0.4666666666666667,0.944483855942367,1.248509109579448,0.15,0.05,3.2558139489453763,0.18963733237128436,0.32474629161336566,1.1287128710959708
PanagiotisDanikas,0,1605,19.0,0.9122807017543859,0.6666666666666666,0.48650425487723636,0.3666462498019392,0.7368421052631579,0.0,2.192307689904586,-0.3143923739698049,1.147058822213668,1.6999999989500003
stravigor,0,1894,26.0,0.6239316239316237,0.4444444444444444,0.6553903394375629,1.0291284260786442,0.3076923076923077,0.07692307692307693,2.4931506809356363,0.2923172190881746,0.5302144242396635,0.6590909095441632
vamsidasarik4,0,1760,25.0,0.9155555555555556,0.6666666666666666,1.0190013008988132,0.9746475389581204,0.28,0.04,5.09708737307357,0.24896347353110365,1.529411762681661,0.8708272860532354
chee83,0,1173,17.0,1.3725490196078431,1.3333333333333333,0.7719574900722193,1.1164254970997274,0.23529411764705882,0.11764705882352941,2.9142857121624486,0.3550148368653389,0.8307692301940828,1.1851851850370367
Berna24,0,1869,17.0,0.6029411764705882,0.25,1.1293499398625637,0.6900404848565448,0.5294117647058824,0.0,4.975609747845331,-0.050158825406457226,0.412499999505,2.1481481450864197
ctedde00,0,813,16.0,0.825,0.8,0.5805225465893066,0.7117366901050028,0.25,0.0,2.4242424213039486,0.14517817404584998,0.6550387589472915,1.0624999999218752
Mike-Wouzauski,0,1917,59.0,0.39548022598870053,0.3333333333333333,0.9258377319321256,0.8614982551862269,0.288135593220339,0.01694915254237288,6.574285697662163,0.21758439474407115,0.8431712942322834,0.7595238100575193
ferlorenzo,0,1769,49.0,0.6303854875283446,0.4444444444444444,0.9928578846593015,1.2026345054843726,0.20408163265306123,0.10204081632653061,3.877697835575308,0.5815824394656798,1.0799999982504,0.44463157957873467
goizrago,1,1289,35.0,0.85,0.5,1.5115308960097522,1.3716534787500398,0.2571428571428571,0.14285714285714285,8.823529401384084,0.37130388990622626,1.631944442177855,0.409638554700537
POD_NAPOLE,0,1668,42.0,0.5343915343915343,0.4444444444444444,1.0623628558351723,1.2570231120018254,0.2619047619047619,0.14285714285714285,4.990099000563083,0.41415416406748556,0.9974025955373249,0.4225352120362033
hastakral45,0,1545,26.0,1.2393162393162394,0.8888888888888888,1.036251360881229,1.7283824108883215,0.15384615384615385,0.19230769230769232,4.662068961755433,0.34666643739182335,0.29793735659188814,0.8125000001371092
Issacpro,1,1214,18.0,1.2246913580246914,0.788888888888889,1.3401086975349097,1.13895412470858,0.2222222222222222,0.0,6.11491934984568,-0.24154365819769416,0.3820264945714784,0.22620519198193684
poperocketfistiii,0,1817,60.0,0.5999999999999999,0.4,1.02117498521726,0.7582715597257749,0.23333333333333334,0.0,5.77777776814815,0.29829825438948393,0.5762711855616203,0.508379888886115
R-STORM61,1,1992,41.0,0.8442776735459662,0.46153846153846156,1.3523678349841217,1.5672426272065834,0.0975609756097561,0.14634146341463414,7.106666658249216,0.2248453995759026,0.1536491675930101,1.1080586079235344
Orxannt,0,1473,26.0,0.8284023668639053,0.5384615384615385,0.9908767493101467,1.4094368196477876,0.3076923076923077,0.11538461538461539,4.271428566272347,0.4185402612516586,0.48913043428497166,0.728395062011736
kaktus88,0,1860,27.0,0.9876543209876543,0.6666666666666666,1.0398317161014416,0.6015577900810264,0.2222222222222222,0.0,5.3999999945325,0.1474859357284056,0.6373626367953147,0.6632653064038628
louise_fang,1,1130,38.0,0.7449392712550605,0.6153846153846154,0.8033924985794627,0.6961510460836077,0.23684210526315788,0.0,3.5108695605044318,0.3418731971573005,0.6141414133672236,0.5593220343595232
Ceramic54,0,1968,15.0,0.7851851851851853,0.4444444444444444,0.7370575456509025,0.6336128405021427,0.4,0.0,3.113207543204877,0.3374031417862774,0.5306122442644731,1.5657894727461912
aliesber200015,0,1309,23.0,1.4492753623188404,1.3333333333333333,0.7631513606069822,1.305564827116471,0.17391304347826086,0.17391304347826086,2.2999999984130004,0.036210927179932025,0.6446886442919132,1.0760869564671551
muhammadzakifayyaz,0,1526,16.0,0.7361111111111112,0.4444444444444444,1.005325795219725,0.6580469657523653,0.375,0.0,4.5283018806407975,-0.00983708925534929,0.5531914886731553,2.1176470564567476
muluu,0,1840,43.0,0.6356589147286821,0.4444444444444444,1.2076934052699182,0.8005112282399333,0.37209302325581395,0.023255813953488372,7.691056898469762,0.12220728708377313,1.625322994524458,0.9391495602100497
GoodChessPlayer3,1,1923,27.0,0.8547008547008546,0.6153846153846154,0.7641989260875993,0.7097384023308184,0.3333333333333333,0.0,3.4199999959986007,0.21303289428234112,0.6338582670352628,0.7700348434425514
putra-surya,1,1517,20.0,0.9692307692307691,0.8461538461538463,0.6170092604928258,0.6626542053701381,0.1,0.0,2.698412695628622,0.4864763965786623,0.9374999990478516,0.448275862481173
CHESSLIZG,0,1720,28.0,0.9404761904761906,0.4666666666666667,1.6049015594461762,1.0508177659259028,0.25,0.0,8.506329104879345,-0.08716799119094819,0.23545706351624063,4.642857131928571
HEBETH,0,1609,28.0,0.8174603174603173,0.6666666666666666,0.5859929085384002,0.5931720216000748,0.14285714285714285,0.0,2.4466019387546427,0.08869789978138898,0.7285714277752043,0.839285714466518
Binho2112,0,1766,16.0,1.0833333333333333,0.8888888888888888,0.790725329788524,0.7468938289983919,0.4375,0.0,3.4871794839605523,0.5086494397186412,0.4812499996277833,1.0
IXMASTERYODAXI,1,1270,30.0,0.7047619047619046,0.2857142857142857,1.517931131243392,1.179516961058069,0.16666666666666666,0.03333333333333333,7.837837826716584,-0.11328163737340172,0.8445807759535988,0.5633802821744197
vilmaratheesh12,1,1163,15.0,0.711111111111111,0.6666666666666666,0.7234898054069818,1.2218815726066057,0.4,0.26666666666666666,1.8749999973632814,-0.31771635662219067,1.4999999977500003,1.9249999980574997
leira25,1,1920,39.0,0.5470085470085468,0.4,0.8706588724801416,0.7414539790730599,0.15384615384615385,0.0,4.6312499915334975,0.41554511252564375,0.7928464963997951,0.5257281559959587
marcustheman97,0,770,20.0,1.7666666666666664,1.3333333333333333,0.8029404837324191,1.431692531649322,0.3,0.2,3.018867922819509,0.47352043558482215,0.7857142852933673,0.6060606062396694
CapablancasFam,0,1179,29.0,1.172413793103448,1.3333333333333333,0.609422362928044,1.0974944993801388,0.41379310344827586,0.13793103448275862,2.2745098019815457,-0.006551377979412953,0.8214285707538266,0.970666666691307
ademarp,1,1131,28.0,1.0267857142857142,0.75,0.9724756464025277,0.9931884501194285,0.21428571428571427,0.03571428571428571,4.869565212648771,0.10125832723711219,0.6477272721678718,0.5333333336817778
OMW2FYQ,0,1957,18.0,1.3703703703703705,1.0,0.7514291223953271,1.098653643205242,0.0,0.1111111111111111,2.432432430657414,0.02704706616306536,0.8461538455680475,1.312499999736328
MALEKFG,1,862,23.0,0.6753623188405797,0.5333333333333333,0.5393400188547972,0.429622645747745,0.6956521739130435,0.0,2.6652360475557666,-0.08462805217047763,0.6416666658645834,1.0982704400986043
Jabid,0,1832,26.0,1.4358974358974357,1.3333333333333333,0.889278542094162,1.4425242743268827,0.2692307692307692,0.23076923076923078,2.785714283774235,0.10422203694286343,0.1730769229870562,0.9310344828049941
Jose_camilo-8270,0,1422,22.0,1.5757575757575757,1.3333333333333333,0.7711514478092085,1.2176094161353819,0.2727272727272727,0.13636363636363635,2.9615384596590237,0.33547806631965904,0.3877551018152852,0.5757575759696969
skd2000,1,1941,18.0,1.7777777777777777,1.0,0.910013735648182,1.2176511510953865,0.0,0.1111111111111111,2.9999999983125,0.09497632468277022,0.9210526310699445,0.9200000000431998
skd2000,1,1943,40.0,0.9,0.6666666666666666,0.7508568485254663,1.1798492369731377,0.425,0.2,2.9629629596707816,0.4444266901269973,0.5130023635586489,0.7419354841207076
dookieshoe,0,1141,61.0,0.4306010928961749,0.26666666666666666,1.2617047114797273,1.1158753715423415,0.21311475409836064,0.06557377049180328,6.812182725296579,0.5494332051589914,0.9078947347814238,0.23128423724118335
Nimzowitch2010,1,1791,55.0,0.6868686868686867,0.6666666666666666,0.6652522471548561,0.8509252954368748,0.21818181818181817,0.03636363636363636,2.911764701643167,0.30195678265462395,0.8309178732310442,0.817546584091889
GoodChessPlayer3,1,1928,47.0,0.602291325695581,0.46153846153846156,1.1768532001733396,1.0775162795455158,0.1702127659574468,0.0425531914893617,6.385869554614766,0.31030848511335063,0.9496753231120606,0.2922576839655377
AlaskaITchess,1,988,23.0,1.1304347826086956,0.7692307692307693,0.833752796835281,1.2899353718557232,0.08695652173913043,0.043478260869565216,2.5857988142806096,0.24526603111832054,0.4026315786374481,1.0952380951496599
chesssport2006,1,1685,16.0,1.0,0.8461538461538463,0.5357072408944512,0.5852614725365692,0.3125,0.0,2.461538459076923,0.535796301629499,1.096385541052475,1.5365853651731116
tamnsh,1,1719,25.0,1.0666666666666667,0.6666666666666666,0.6123724351216953,0.691838811871205,0.52,0.04,3.1249999970703124,0.1416721634470529,0.7465437781516279,1.3846153841826925
tangerineman,0,1881,19.0,1.333333333333333,1.3333333333333333,0.5380275864454498,1.0032458703344656,0.5789473684210527,0.10526315789473684,2.4999999981250007,0.3713532358906431,0.9999999992499999,0.8100000001282499
misslondon,0,1580,49.0,0.7482993197278911,0.6666666666666666,0.7975168061873661,1.2008595711550691,0.46938775510204084,0.24489795918367346,3.56363635887405,0.5175661977649954,0.8695652162570888,0.5066666671599999
viqule,0,1691,16.0,0.825,0.5333333333333333,1.5398326459254303,0.8655280446607575,0.375,0.0,6.787878779651056,-0.15031751608667265,0.413793103020214,0.4347826091871455
Sergey_v_v,0,1380,22.0,0.9370629370629371,0.6923076923076923,0.7635316745540619,0.8005427546317905,0.18181818181818182,0.0,2.9552238774433057,0.37571505005237604,0.28650137716421914,0.6144578316574248
bacana,0,1937,48.0,0.6361111111111111,0.4,0.968359686754399,1.0235945299945242,0.041666666666666664,0.020833333333333332,3.772925758260903,0.11690494442897788,0.7955801093104607,0.6962962967012346
AndrezICP1,0,1970,37.0,0.8036036036036035,0.4,1.1530681878193283,0.8901940923980575,0.24324324324324326,0.0,5.973094162970702,-0.11187132057754925,0.797872339470632,1.7268487662462582
kingpatel,0,1930,46.0,0.8662207357859529,0.6153846153846154,0.7997498891699671,0.7314555635797672,0.4782608695652174,0.0,3.907335902825123,0.2864023766161209,0.44853824544554793,0.8111888113862047
abn1976,1,1741,20.0,1.01,0.7,0.9636228996316271,0.7824893989252346,0.25,0.0,4.29042903865634,0.02438884429234684,1.9970645765890476,0.8253012049771373
Puzzles_Solver,0,1685,51.0,0.8137254901960784,0.5,0.7691995026456763,1.021406682562935,0.2549019607843137,0.058823529411764705,2.7650602375658297,0.39647485526095877,0.9044117636152682,0.5586080590284318
NoFinalTePego,1,1079,18.0,1.4814814814814814,1.0,1.0770329606999034,1.6586109822746227,0.0,0.3333333333333333,3.59999999757,0.5111599999960851,0.2837837836227173,0.6666666668541666
bcrites,0,1076,31.0,0.9354838709677419,0.75,0.8927305829077444,1.3959040144344539,0.03225806451612903,0.12903225806451613,3.2068965482960765,0.18184717566623262,0.5193548382405826,0.9703947368732687
therapterlc,0,1586,21.0,1.1428571428571428,0.5714285714285714,1.2950863578593872,1.0980548083797046,0.19047619047619047,0.0,5.1666666621458335,0.44071792699060863,0.3922413790465963,1.47727272675071
Sferadyson,1,1532,24.0,0.8138888888888888,0.4666666666666667,1.2964207720929168,1.5705433894050254,0.16666666666666666,0.08333333333333333,5.8976109142554956,-0.023461280208506855,0.3429355278031805,2.32954545182593
BMWCHESSLOV,0,1998,53.0,0.5660377358490566,0.3076923076923077,0.9352474016891859,0.8611292457585996,0.2641509433962264,0.018867924528301886,5.435897426294018,0.22015223672723533,1.275234739390727,0.8085255069439896
alfared66,1,1874,44.0,0.86013986013986,0.5384615384615385,0.9474597354621421,1.0367647149882968,0.20454545454545456,0.022727272727272728,3.5772357681988245,0.15222813180065195,1.0727272714595042,0.40571428619990213
krtekostrovid,0,1484,42.0,0.9408369408369408,0.6060606060606061,1.1608068812686785,0.751507532415224,0.38095238095238093,0.0,7.472392630094528,0.13096659789699167,0.4551724133657907,0.6632653064200985
mohannedai,0,1951,28.0,0.7698412698412699,0.4444444444444444,0.8218376676900576,0.7468159557517265,0.2857142857142857,0.0,3.463917521273674,0.24746638184652262,0.8289473673903223,0.8653846155477071
femetre,0,1410,24.0,1.2777777777777777,1.3333333333333333,0.44974262716057534,0.7045343064181108,0.5,0.041666666666666664,2.08695652010586,0.1693336477566099,0.9677419347346514,1.1904761903129253
DorianR,1,1379,16.0,2.015625,1.25,0.9946373844022811,1.382142295187804,0.1875,0.0625,3.596899223021693,0.014984923033198448,0.1553672315857512,0.4659090911033058
adrisc36,1,1992,39.0,0.9401709401709399,0.6666666666666666,1.2093301185912324,1.4870623382778239,0.28205128205128205,0.358974358974359,5.672727266693555,0.5162617264616378,0.787878787090909,0.23750000049389208
thelen10,0,1546,26.0,1.4102564102564101,1.0,1.137926197616296,1.5868273195372515,0.0,0.3076923076923077,5.1999999963127275,0.5969776532069624,1.4341463403615702,0.4864864867571218
farrrid,0,1916,31.0,1.189964157706093,0.6666666666666666,0.9081412707486393,1.3488981058301304,0.16129032258064516,0.0967741935483871,3.361445780307701,0.39014455472723875,0.950792326154058,0.3813559325572753
mcollins57,0,1988,40.0,0.4683333333333334,0.3,1.1183610188015927,0.9365378826894244,0.15,0.0,4.839857640911335,0.19317098031515761,1.0677272704049663,0.6927710848925824
ludoclerm,0,1096,17.0,1.5656108597285066,1.2307692307692308,1.2826640383280241,0.838363001327518,0.23529411764705882,0.0,5.895953753459521,0.25708932557113756,0.3865771810056845,1.4063018238969331
Barhuje,0,1192,16.0,1.4083333333333334,0.9333333333333333,0.8618562058308536,0.789055305394513,0.1875,0.0,2.9349112405195896,0.24089130852801735,0.38929440367982665,2.7555555532148155
rviking777,0,1963,54.0,0.654320987654321,0.6666666666666666,1.2005991128770495,1.4141607863478667,0.3148148148148148,0.42592592592592593,5.094339614855821,0.3618677176917315,1.6219780191279751,0.2926829275279595
LungWhisperer,0,1509,24.0,1.1666666666666667,0.6666666666666666,0.6649638110380757,0.9297594188718576,0.4583333333333333,0.08333333333333333,2.2857142837551017,0.34395537422475314,0.8181818175123966,0.7500000001874999
sfaherty,0,988,26.0,1.2721893491124259,1.0,0.8626747235528407,0.8343736268152111,0.2692307692307692,0.0,3.5069767414294,0.47304367458109864,2.3999999975040005,0.8220338984325265
AliIbrahim1988,0,1494,41.0,0.526829268292683,0.2,1.3233076406411364,0.9817490421129975,0.14634146341463414,0.0,7.339506158908036,0.5528221083383397,0.5259927789004094,0.46308431703420033
TheYetg1n,1,1390,20.0,0.8777777777777777,0.4444444444444444,1.3431447466086248,1.2655227255999046,0.3,0.1,6.32911391684025,-0.2532722401030714,0.5092165893812808,0.4905660381683873
dan83,1,1743,46.0,0.20386473429951688,0.12222222222222222,1.0748476583787083,0.961863414750581,0.08695652173913043,0.0,5.232227462486468,0.3766536641578301,0.5926456516521075,0.7295081978686844
izwannasir,0,1837,24.0,0.8425925925925926,0.4444444444444444,1.3850949789626408,1.213840733054104,0.25,0.08333333333333333,6.85714284900471,-0.06879217588233405,2.055555552472222,1.7575757563360883
namssso,0,1253,30.0,0.9777777777777776,0.8888888888888888,0.8968877922311371,1.1557145278510002,0.23333333333333334,0.06666666666666667,4.090909086725207,0.21818122545144952,0.7071428564761226,1.7499999989453126
MoralesLeonel,1,1947,19.0,1.3216374269005848,1.1111111111111112,1.0485885474259706,1.2759720151340408,0.3684210526315789,0.05263157894736842,3.5309734486557676,0.6169251837056341,0.3573883159356644,5.082352931450866
masatran,0,1229,17.0,1.1764705882352942,0.9333333333333333,0.6667999861025526,0.6130027115874713,0.29411764705882354,0.0,2.833333330925,0.044457247410254565,0.70344827531629,1.9479905425250243
LifeMovie,0,1959,24.0,0.96875,0.75,0.8205224083128094,0.9579626521041609,0.16666666666666666,0.041666666666666664,3.870967737939646,-0.03725783925522667,0.5828571423286857,1.3249999996100001
krishnamaamu,0,1758,46.0,0.7246376811594202,0.6666666666666666,1.16413057526192,1.4184575167870808,0.34782608695652173,0.391304347826087,5.5199999923824015,0.5089216331825271,0.4130434777490548,0.31578947430540166
Keir4nLee,0,1791,30.0,1.1555555555555552,0.6666666666666666,1.181714729418687,1.4262226865581287,0.43333333333333335,0.26666666666666666,4.6153846113905335,0.19344699049720857,0.4883720926654947,0.3684210530055401
AndrewKao,0,1446,21.0,1.26984126984127,1.3333333333333333,0.5590169939347214,0.7797307751508409,0.2857142857142857,0.047619047619047616,2.0999999983462496,0.1900797445241089,0.9090909084090908,1.1111111110185186
Jaworstkie,0,1617,57.0,0.6175438596491227,0.5333333333333333,0.7309330226971316,1.0683217981356696,0.3684210526315789,0.05263157894736842,2.8068181772730507,0.2669210361743631,0.6391425159088745,0.5887300257579132
skd2000,1,1911,18.0,0.8888888888888887,0.6666666666666666,0.4330127014050801,0.6841497016866908,0.5555555555555556,0.05555555555555555,1.4999999983125003,0.3882110384890836,0.6666666659999999,1.0
naif_Only,0,1891,31.0,1.096774193548387,0.6666666666666666,0.6087911640041422,0.946755588171663,0.41935483870967744,0.0967741935483871,2.431372546802768,0.08863368335731642,1.2820512808185405,0.9750000000225001
vji13,0,1705,21.0,1.8412698412698405,0.6666666666666666,1.2487806174067364,0.9895002852785616,0.47619047619047616,0.047619047619047616,5.793103445129609,-0.21067357566799072,0.4680851061738343,2.386363635063921
sanskruti2017,1,829,21.0,0.6373626373626373,0.3076923076923077,1.0955174748277323,0.8590815936315699,0.3333333333333333,0.0,3.862068959457789,0.4865162461037238,1.9090909057066112,0.36656891562009275
VanDogDiogenes,0,1270,31.0,1.247311827956989,0.6666666666666666,1.0226332837550904,1.02287023331545,0.5161290322580645,0.0967741935483871,4.810344823729638,0.06586601966071419,1.7062499983204096,0.4218750003251952
littleOneOne,0,1550,24.0,0.7870370370370369,0.4444444444444444,0.9292628312648289,1.0173824568884962,0.20833333333333334,0.041666666666666664,3.670588230630312,0.10269068658927824,1.0702179162878895,0.7346938778433986
Tauruschild,0,1654,36.0,0.9629629629629629,0.6666666666666666,1.112064021522161,1.363409524359921,0.3055555555555556,0.2777777777777778,6.230769224298817,0.35666347030663603,1.4545454529586777,0.79310344846849
y_3-3,0,893,28.0,0.8428571428571427,0.5666666666666667,0.8810842682559799,0.9735975060923097,0.14285714285714285,0.0,3.1638418041558944,0.44508419041664876,0.5204778151667462,0.9032258065608743
marcosfs93,0,1406,33.0,1.0303030303030303,0.6666666666666666,0.7315591407086879,1.1073823065650856,0.42424242424242425,0.15151515151515152,3.2352941145069205,0.41353039831858635,1.069078946313409,0.558823529742647
pd42,0,1746,21.0,1.6190476190476186,0.8888888888888888,0.9697461185287444,0.8672958156364888,0.2857142857142857,0.0,3.843137252528259,-0.06053359698869751,0.49635036468634447,1.4090909087840908
wussydagrape,0,1151,24.0,0.49444444444444446,0.26666666666666666,1.065166166714283,1.302196986919931,0.16666666666666666,0.041666666666666664,3.910112351642469,0.4703779829537246,0.5797101439193447,0.8163265309496044
MrSauri1,0,1524,23.0,1.3623188405797102,1.3333333333333333,0.6032956114191903,1.1296882008355031,0.2608695652173913,0.13043478260869565,1.9574468070737887,0.064313194624734,0.5268292679457466,0.6790123458751713
Blackaran,0,1217,22.0,1.3636363636363635,1.0,0.9719523427818592,1.1770326536595679,0.0,0.13636363636363635,3.4222222197125927,0.3710830022828969,1.099999999175,0.6666666668703704
DannyLiber,1,1896,15.0,1.4666666666666663,1.5238095238095237,0.4491328949091129,0.5414748413743922,0.4,0.0,1.688311687160567,-0.32907285215274296,0.7354838705193341,0.8379237289145136
MoralesLeonel,1,1956,25.0,1.182222222222222,0.6666666666666666,1.5688182068829142,1.2980221301123318,0.2,0.08,7.142857136815253,0.18293344905245215,0.25599999981567995,0.8307692308997804
nsggns,0,1392,18.0,1.5555555555555556,1.3333333333333333,0.4948716589872617,0.4671044217116179,0.5,0.0,2.142857141479592,0.17376224799637954,0.9999999993571427,0.9090909091466943
orhan2534,0,1621,34.0,1.0588235294117647,0.9333333333333333,0.7963910358169318,0.9785172534633995,0.20588235294117646,0.0,3.148148145174897,0.025663633594400038,1.1489237917749806,1.0
Jaribu,0,1978,26.0,1.1948717948717948,0.8,0.8956393623122847,1.1909370162755117,0.15384615384615385,0.038461538461538464,3.3476394821768682,0.20555637200413096,1.5019047604779523,0.9745762712074475
zarkot1984,0,1893,48.0,0.8072916666666666,0.5,1.095312117099253,0.8983985171238758,0.22916666666666666,0.020833333333333332,5.883870960453528,0.5964956440504509,0.905172412700654,0.49038461585502957
BALAKOLONAKO,0,2000,21.0,1.492063492063492,1.3333333333333333,0.4339591072489665,0.7636750088253675,0.42857142857142855,0.047619047619047616,1.7872340413553642,-0.4252209999151868,0.7638888884114582,1.2272727271022728
PEMilian,0,1569,39.0,1.1111111111111112,0.8888888888888888,1.4091277522165517,1.1055804473353754,0.3333333333333333,0.05128205128205128,8.9999999919,0.2019462479411839,0.467672413418159,0.6199152545126884
firdavsus,1,1810,24.0,1.0444444444444445,0.7333333333333334,0.8344115545682261,1.2122090113645405,0.25,0.041666666666666664,3.3829787201652324,0.369414108957866,0.9718309849915693,0.5100401609967582
sachin_agane,0,1895,46.0,0.5169082125603864,0.3333333333333333,0.9739824429152147,1.2157102400525628,0.0,0.13043478260869565,4.2990654122438645,0.40291307278449595,0.7314524542662058,0.5070422542397341
thomas0122,0,1961,35.0,1.0704761904761906,0.26666666666666666,1.3836233017100952,1.6635054559996054,0.22857142857142856,0.11428571428571428,5.231316721091741,0.4157838801638158,0.5939349107714533,0.5985142121839179
Rex4242564,0,1794,18.0,1.0,1.0,0.6382847378659406,1.1298125545044881,0.0,0.16666666666666666,1.9999999979999998,0.16375848367682513,0.307692307408284,0.6875000002636718
MAXWELLFISHER,0,1936,40.0,0.7055555555555555,0.6666666666666666,0.6450448286640372,0.7724901951070917,0.15,0.025,3.4645669242234494,0.25292386655548355,1.0029644254547876,0.6075949371559044
Foccusntrate,0,1902,26.0,0.8461538461538461,0.6666666666666666,1.104710673455535,1.3643136022386781,0.4230769230769231,0.3076923076923077,4.72727272168595,0.13259511182427894,1.3439999983065603,0.9411764706557093
neggalimpet,0,1159,19.0,1.6491228070175439,1.3333333333333333,0.6474520870415638,0.873844576681279,0.3684210526315789,0.05263157894736842,2.8297872323266184,0.19241876655029466,1.8285714273175508,1.0227272727133263
zezo1984,1,1507,21.0,0.9084249084249082,0.46153846153846156,1.2509621673373312,0.830271612840493,0.23809523809523808,0.0,6.09677418683702,0.23800201509787797,0.3846153842788461,0.6351183066760777
nid125,0,1453,47.0,0.6666666666666665,0.6666666666666666,0.9173917170364021,1.4738951395483242,0.23404255319148937,0.19148936170212766,3.666666661166668,0.6448555046909065,0.8635703906258043,0.36642156927034675
Evgen-555,1,1389,49.0,0.7292517006802721,0.5333333333333333,0.8068334226919074,0.7130833031530319,0.3469387755102041,0.0,4.205223874830524,0.33220472652622346,0.5189231363141538,1.0499999999296878
JosueJuanolan,0,1693,24.0,1.1666666666666667,0.6666666666666666,0.77810164877916,1.0850024977019888,0.4583333333333333,0.125,2.857142854693877,0.42401234690685347,0.971428570602857,1.333333333
Holongganda,0,1121,16.0,0.75,0.5333333333333333,0.7947357652624709,0.7325876720819303,0.375,0.0,3.0222222181925926,0.2806962130232446,0.5887323936821068,1.9032258047034336
hgcanuck,0,1628,21.0,1.1062271062271063,0.9230769230769231,0.49238755705002324,0.4470782272888102,0.42857142857142855,0.0,2.3642384084588173,0.11873873867638533,1.1650485425864832,1.1397557664858542
Diplomat1220,0,1506,20.0,1.8,1.3333333333333333,1.0416563779713195,1.1590122571121133,0.3,0.1,4.444444441975309,0.16600729276278506,0.49999999975,0.9285714286096938
JB_Juaking,0,1772,46.0,0.6714975845410628,0.4444444444444444,1.0634105912349536,0.8408402374769168,0.2608695652173913,0.021739130434782608,6.618705026114591,0.3757635119299853,0.5617816084544318,0.43298969132665516
mohamede5e2,1,1618,23.0,0.9468599033816424,0.4444444444444444,0.8760071840272682,0.8025038385979758,0.30434782608695654,0.0,3.7551020368504795,0.34959755277637666,0.5860805855395883,1.5112612605772768
Epkebay1957,0,1902,49.0,0.5337519623233908,0.46153846153846156,0.7228834979961523,0.601477061576234,0.22448979591836735,0.0,3.7470588165091874,0.1833842660327564,0.623737372667491,0.794838710021561
JhonraySolomon2012,0,1429,29.0,1.2873563218390804,0.8,1.206698987617625,0.9648472544722984,0.27586206896551724,0.0,6.317857137949521,0.008727026917858535,0.750948166329112,1.442424242001928
Fernando_sp87,0,1520,43.0,0.7937984496124031,0.5333333333333333,1.165948554495913,1.4992116920794183,0.18604651162790697,0.11627906976744186,5.542968743017159,0.3452639752212163,0.31725146166479107,0.8555555557240743
Al-1976-D,1,1748,47.0,0.7659574468085103,0.6666666666666666,0.6468240434730534,0.9795122021852427,0.5957446808510638,0.14893617021276595,3.4814814769362155,0.1872171611330229,0.9350649338627087,0.8261494254941785
RaffiHelmy14,1,1193,15.0,1.3333333333333333,1.25,0.7037844124851241,0.7461686104078615,0.4,0.0,2.812499997890625,0.025694276250579826,0.43840579682188613,0.9198717949293228
ilovevietnamm,0,1985,38.0,0.4269005847953216,0.4444444444444444,0.8044957164730866,0.9393422967616094,0.2631578947368421,0.07894736842105263,4.684931495875023,0.0924825393728379,0.5450549438851733,0.921052631756579
dario2994,0,1632,23.0,1.2608695652173914,0.75,0.8953074913566335,1.2408279648468943,0.21739130434782608,0.08695652173913043,3.1724137905873957,0.25341399464869496,0.5673202610641446,0.8555555556614816
Abu_Hammam,0,1446,15.0,1.422222222222222,0.6666666666666666,0.9662265514293911,0.9589335932470899,0.4666666666666667,0.06666666666666667,3.749999997363281,0.20531398910431184,0.39999999981999995,0.8750000000820312
MohammadAL111111,0,1219,42.0,0.3206349206349206,0.26666666666666666,0.6452377310621246,0.6502998545483453,0.35714285714285715,0.0,2.9108910800303893,0.19064601492406957,0.8654088024188915,0.8363636368322314
FlacoTulio,1,1280,20.0,1.8666666666666667,1.3333333333333333,0.9147320334289434,0.961734351460964,0.35,0.05,3.9285714264668363,0.24304501330451758,0.3921568625605536,0.6470588236851212
mrslimdrugs,0,1303,22.0,1.5757575757575752,1.3333333333333333,0.6189798818929969,0.539461283495743,0.3181818181818182,0.0,2.9615384596590246,-0.25339436748650573,0.484848484584022,0.529411764934256
thecreator2007,0,972,22.0,0.3484848484848485,0.26666666666666666,0.8257207402557406,1.0132745934334804,0.4090909090909091,0.045454545454545456,3.060869556434026,0.06296768945797072,1.0258064486347553,0.8852459019497447
dyNNamitT,0,1405,31.0,0.17419354838709677,0.13333333333333333,0.6712235625204171,0.5681172860990896,0.3870967741935484,0.0,3.0617283774851396,0.019683809016745244,0.6923076888461538,1.0608552627975674
RaffiHelmy14,1,1200,17.0,1.1470588235294117,0.75,0.8191093759506887,0.6884551724232593,0.17647058823529413,0.0,3.487179484139382,0.5130388959222084,0.4010416663909505,0.8888888889800569
Mr-Grinch,0,1579,36.0,0.9320987654320988,0.6666666666666666,0.8274436246114653,0.9757078853476767,0.08333333333333333,0.027777777777777776,3.0993377450192536,0.2809575333229152,0.28676470563565093,0.911392405154142
Nafaz-Mhd,1,1191,33.0,0.7616161616161616,0.5333333333333333,0.816605722945588,0.7770285459472686,0.3333333333333333,0.0,4.289124662803404,0.008729193114893511,0.594594593871439,0.5948561246888178
Joolly,0,1739,17.0,1.0326797385620916,0.8888888888888888,0.8510246226681399,1.1654086561633072,0.058823529411764705,0.058823529411764705,3.227848098140121,-0.35859936181994845,0.1782407406182002,0.5740740743935185
blackfire008,1,1858,26.0,0.535042735042735,0.23333333333333334,1.1777876276227872,1.2785323790248686,0.11538461538461539,0.0,3.904153347335688,0.4635260831092533,0.30205479403177776,0.19465648944871367
Horsenotknight1729,0,1456,20.0,1.7333333333333332,1.3333333333333333,0.7337993852819972,0.8924819423144412,0.25,0.05,3.4615384595414205,-0.0951401304305072,0.42424242403994483,0.9259259259670785
CreoGo,1,1373,28.0,0.5452380952380953,0.3333333333333333,1.1872831616834605,0.9870269195069468,0.10714285714285714,0.0,5.991266364557502,0.5947795254730169,1.8940397309600456,0.21164021251616705
CASIMEROPUJAS,0,1602,21.0,0.9968253968253971,0.9333333333333333,0.584670355712215,0.7472064891597757,0.2857142857142857,0.0,2.1401273863880883,0.39471304372256444,0.7068965510842746,1.3210227268965289
devidgm,0,1528,39.0,0.9572649572649572,0.6666666666666666,1.0436885129241795,1.3747104184531123,0.358974358974359,0.28205128205128205,4.874999994907367,0.350789400899017,0.4242424238712121,0.4878378382323411
juanit0banana,0,1698,41.0,0.8780487804878049,0.6666666666666666,0.8942738114000132,1.1607871083434256,0.5365853658536586,0.1951219512195122,3.796296291972737,0.2688611362161857,0.9545454534715908,0.8210180625825264
anna160984,1,1938,38.0,0.7771929824561403,0.5666666666666667,1.0409943387743266,1.0109655844056167,0.21052631578947367,0.0,5.060948074752279,0.2015365066546736,0.951591941609655,1.1930693066582934
BobbyNoFishR,0,1643,44.0,0.8333333333333333,0.6666666666666666,0.913424015636227,1.3886221681919246,0.09090909090909091,0.13636363636363635,4.266666661546667,0.34648927745450747,0.8035714276415816,0.7010309281401848
Wiliam103,0,1946,21.0,0.4365079365079364,0.3333333333333333,0.8454056662496288,1.1164124061780745,0.2857142857142857,0.047619047619047616,3.4363636284912404,0.14493342710259527,0.24519230721135354,0.7575757580606063
Phalane,0,1308,24.0,1.0888888888888888,0.5333333333333333,1.2047732350687137,0.9329657050882572,0.3333333333333333,0.0,5.755102035531029,-0.09076126791537095,0.6486486481227173,1.481012657679859
Josehjunior,0,1543,57.0,0.29239766081871343,0.26666666666666666,0.7269883055352252,0.9497309261536591,0.2982456140350877,0.07017543859649122,3.19199998908336,0.27443260053563673,0.9490384583217686,0.9810901001752844
Elang29,0,1870,24.0,1.15625,0.5,1.147190382294426,1.3315023317066916,0.3333333333333333,0.08333333333333333,3.6756756724967126,0.35000078602492596,0.9837251347771189,0.18085106424807607
siriusskye,0,1527,39.0,0.7794871794871795,0.3333333333333333,1.0804706819306018,1.0874947074787429,0.1794871794871795,0.0,4.532894731026879,0.08904405759730072,0.2181818179636364,1.0742990653216111
Dregchess,1,1702,17.0,1.4509803921568627,1.3333333333333333,0.9871341813602007,1.4584192862176506,0.23529411764705882,0.23529411764705882,3.6756756731424396,0.2941394564714261,0.12605042011245673,1.8518518510000002
afaqueahmed,0,1518,30.0,0.7022222222222222,0.5333333333333333,0.9326803541041524,0.7196903882409567,0.13333333333333333,0.0,5.1265822711805,0.09060311458102918,1.7619047587585033,1.1944444441406252
smashingpatzers,0,1857,20.0,0.5666666666666665,0.3333333333333333,0.9152894114815529,0.6991618953374436,0.0,0.0,3.921568620530566,0.07510641573633012,0.4341085264957636,0.8888888890740742
YukiNah,0,1500,25.0,0.9333333333333332,0.6666666666666666,0.9035079019372072,1.2847914993491667,0.4,0.24,3.5714285676020414,0.3415563492120377,0.7355769223554919,0.6923076925846154
AndreyMakhanov,0,1535,24.0,0.9500000000000001,0.6666666666666666,0.7507050130811761,0.7230835144765342,0.4583333333333333,0.0,3.228070172040628,0.439448098266411,0.80327868773448,1.2799999996640004
Asmit2022,1,1414,17.0,0.596078431372549,0.6,0.7790984904344052,0.9041414823563146,0.17647058823529413,0.0,3.0197368370392574,0.48851378126870343,0.47619047556390975,0.8888888890643276
Anton12345678910,1,1303,17.0,0.7450980392156863,0.6666666666666666,0.6781104583912267,1.1779657773291818,0.4117647058823529,0.23529411764705882,1.7894736818088641,-0.01617178938981077,1.038961037544274,0.9876543210041153
cj2009,1,1572,37.0,0.8648648648648649,0.6666666666666666,0.9628516662443146,1.1966748038989052,0.4594594594594595,0.21621621621621623,5.395833327094401,0.1996189630331148,0.4609756093007435,0.7368421055263158
Cristianraulvb118,0,943,52.0,0.5054945054945054,0.2857142857142857,0.9959485225821411,0.7367786302594763,0.23076923076923078,0.0,4.710144918218338,0.37766730906723445,1.1544715423501886,0.5164835172087912
william_sang,0,1755,34.0,0.6764705882352942,0.6666666666666666,0.7119173375455794,1.0985687036327527,0.29411764705882354,0.11764705882352941,2.463768112299937,0.15678730679585137,0.9795918352952936,1.2258064512414153
sportspook,0,1657,16.0,0.9791666666666666,0.6666666666666666,0.8800901216520968,1.0406974964953006,0.1875,0.0625,3.40425531567225,-0.4845494229107446,0.6341463408602022,1.9374999985937504
MuhammadSul3man,0,1364,17.0,0.8366013071895424,0.8888888888888888,0.5728219611847789,0.5094266790380138,0.5882352941176471,0.0,2.6562499968249518,0.2637493758530268,0.8680851053856043,1.0074074073985186
misha_kvasov,1,1677,34.0,1.1004901960784312,0.8333333333333334,0.9202639179015164,0.868131808576711,0.3235294117647059,0.0,3.937639194640185,0.36595192529560355,0.6765145843177504,0.4966666670089333
TariqulIslam00,1,1862,34.0,0.8760180995475113,0.4153846153846154,1.3043589853860542,1.3501582485354024,0.11764705882352941,0.0,5.654958671230652,0.2979947199530746,0.26850828703246854,0.9795501022725943
generalaltar,0,943,45.0,0.6577777777777778,0.5333333333333333,0.7231939535091796,0.8477681019203593,0.4,0.022222222222222223,3.243243238312637,0.340316687893146,1.1574121224599465,0.6769230773331362
mariorobaglio,0,1430,27.0,1.2592592592592593,0.6666666666666666,1.2914410813332762,1.2714914780616176,0.4074074074074074,0.18518518518518517,6.882352935711071,0.38469746673616473,0.5568181814195505,0.38690476223685505
diegomormar,0,1560,28.0,1.1666666666666665,1.3333333333333333,0.7730896697404462,1.0044403011123497,0.39285714285714285,0.10714285714285714,3.9999999965714292,0.1741695553344397,0.7623456784088221,0.9600000000336
IsraSan,0,1757,30.0,0.5155555555555557,0.26666666666666666,0.8826845318168758,0.7696181778587341,0.3,0.0,4.137931026456599,-0.43289079654205265,0.607894735786288,2.5151515099862265
KN1GHTFALL,0,1093,23.0,1.36231884057971,1.3333333333333333,0.7564420775141512,0.985084193848415,0.391304347826087,0.08695652173913043,3.4255319123791312,0.2282658550147008,1.0624999992031252,0.5689655174866232
Assou8,0,1878,53.0,0.8359941944847604,0.46153846153846156,0.9173634756428256,0.7525674779979613,0.16981132075471697,0.0,4.2326388838258895,0.44989648727156667,0.49627791511246305,0.33907146635642793
JOEL2027,1,1417,36.0,0.5407407407407409,0.4,0.6365074046031133,0.6897719590553428,0.1388888888888889,0.0,2.465753420097579,0.17538159642019036,0.4921874991925048,0.8250000002953124
Dr_bastwisy,0,1518,18.0,0.8814814814814814,0.6666666666666666,0.768206962861972,0.7039092037284896,0.3888888888888889,0.0,3.0252100806016524,0.33485036958315073,0.793814432130407,1.5319148928531008
upsetracecar22,0,1904,53.0,0.6918238993710693,0.26666666666666666,1.2866356905406346,1.430472657627014,0.1509433962264151,0.09433962264150944,5.396363628563438,0.4049976528141689,0.7319148926125851,0.25738180643623226
nachshonaryecohen,0,1730,40.0,0.9166666666666666,0.6666666666666666,0.8860722121978271,1.2446838343586284,0.425,0.225,4.363636358876033,0.013350371687692101,0.8024316100971352,0.9642857143239796
Aswerches,0,1325,29.0,0.6896551724137931,0.6666666666666666,0.8560604558368555,0.9130800480077372,0.2413793103448276,0.034482758620689655,3.5444444393050003,0.2158150695341553,1.0564663008092212,0.9333333334266667
AlekhineMaule,0,1987,17.0,1.1450980392156862,1.2,0.7816626085057182,0.9292302818944629,0.29411764705882354,0.0,3.1438356136928833,0.47146200330998045,1.044802866456671,1.0196078431199538
DJ_Panda02,0,1453,16.0,0.8571428571428571,0.6666666666666666,0.7607257734252174,0.8627122350035028,0.3125,0.0,3.222222218462963,0.5963871126841219,0.8181818173032026,1.2857142853333332
Deosfen,0,1706,37.0,0.8708708708708709,0.6666666666666666,0.9312132640130963,1.075727690950731,0.1891891891891892,0.05405405405405406,4.593103443001712,0.6717004960878554,0.8696397932082103,0.3734817818644794
mcavalcante2000,0,1789,23.0,1.3623188405797102,0.6666666666666666,1.004742037825676,0.8504600346785036,0.5652173913043478,0.043478260869565216,4.893617017684472,0.2879671138611716,1.32812499894165,0.8066666667942665
fadit12,0,1301,18.0,1.1851851851851851,0.6666666666666666,1.0532687207583493,1.3457288055831644,0.3888888888888889,0.2222222222222222,4.499999996203124,0.30949346365756564,0.49999999962499997,3.571428566469388
Hor_Bat,0,1942,54.0,0.6790123456790123,0.6666666666666666,1.1569409633821803,1.3858244904735848,0.3888888888888889,0.3888888888888889,4.909090901861158,0.4070738503643742,0.66537717510235,0.34146341528465196
kapjaki,0,1774,27.0,0.8034188034188035,0.7692307692307693,0.7449847394987572,1.066243460349505,0.14814814814814814,0.037037037037037035,2.680851060492983,-0.09947211205339879,1.0773195862572271,1.0255863539122936
EBBLKU,0,1679,25.0,1.4755555555555555,0.8888888888888888,0.9164549514626008,0.825674864531306,0.36,0.0,3.463855419339254,0.3574170489761095,0.5217391301285444,0.45738045764443425
Friedox,0,927,54.0,0.5020576131687242,0.2222222222222222,1.3063424113741893,1.2501108283075286,0.4074074074074074,0.14814814814814814,7.9672130988849785,0.36743896588709984,0.6641509421556425,0.3863636372108731
shripaddboss,0,1502,24.0,1.2777777777777777,1.0,0.6375164472669516,0.5155028758960161,0.0,0.0,3.13043478015879,0.09112029762808245,0.7999999994000001,0.9166666667291666
DVBTrongHieu2016,1,1236,34.0,0.4436274509803922,0.3333333333333333,0.709788875671022,0.7009460401783442,0.35294117647058826,0.0,2.817679551659595,0.39460317479927165,0.6979865757196522,1.1294117643952941
b_y_h_2016,1,1784,18.0,0.8837606837606838,0.6000000000000001,0.9993338311306225,0.9059608973133852,0.16666666666666666,0.0,3.93423597233747,-0.1601234942758117,1.7361290298918886,0.2892768084984702
brunellal413,0,1505,27.0,0.8387464387464385,0.7692307692307693,0.7662995288276272,0.9094075392241169,0.14814814814814814,0.0,2.8614130400667266,0.2191894740160855,0.6970562382593457,1.334437085624836
mrhickey1234,0,1139,19.0,1.618421052631579,1.0,1.0015521030842112,1.1116937168961603,0.47368421052631576,0.05263157894736842,4.479674793980038,0.616449474028295,1.1645833325763542,0.38720930258209846
mmerati,0,1784,27.0,1.1111111111111112,0.6666666666666666,0.8640987590100258,1.3202891497927074,0.3333333333333333,0.2222222222222222,2.9999999972999998,0.6166284641812559,0.9696969688350167,0.26530612285830907
Tegaragung,0,1721,41.0,0.6775067750677507,0.4444444444444444,0.7934128799948386,0.9479964076824634,0.36585365853658536,0.04878048780487805,3.27999999515872,-0.048865217702426016,0.47879464222231244,1.5805471113503196
MichaelSpudic,0,1063,16.0,1.8333333333333335,1.3333333333333333,0.5061603963448236,0.5190830932645725,0.375,0.0,1.8181818171900825,0.2361268185795168,0.913043477784499,0.5714285716122448
GenesisEinstein,1,887,45.0,0.8793162393162391,0.6153846153846154,1.0678965520629375,0.9769077159031937,0.3111111111111111,0.0,6.123639184326734,0.05899468874846819,1.1319978032776428,0.8960188581528266
viktorxam,0,1762,31.0,0.8745519713261649,0.6666666666666666,0.8388734581883852,0.7693780679698047,0.0967741935483871,0.0,4.065573765843053,-0.048782195803707365,0.3491379306687909,1.1805555553298612
josberjv,0,1859,21.0,0.5206349206349207,0.4,0.5909288495764826,0.6219029639192489,0.2857142857142857,0.0,2.304878044353435,0.19423250056127708,0.42857142788265307,1.5757575743181818
Lune_dor,1,1150,43.0,0.7131782945736435,0.4444444444444444,0.8327345032714581,1.0869948816944401,0.2558139534883721,0.06976744186046512,3.7391304295396974,0.41315056402271055,0.5666666659441667,0.4176136369369228
CyBerTOOth131,0,1750,48.0,0.4166666666666666,0.0,1.3711309167894947,1.3355204954703872,1.0,0.5625,6.399999984640001,0.20333249605514192,1.023715412549493,1.142857142489796
Mostawful,0,1931,43.0,0.5633074935400516,0.4444444444444444,0.8732480009665403,0.897823815386968,0.27906976744186046,0.046511627906976744,4.733944945724603,-0.05797570154910278,0.6981382967025874,1.465116278047593
ManuCr0,0,1393,23.0,0.45507246376811594,0.26666666666666666,1.003543559131379,1.6252189047091525,0.21739130434782608,0.13043478260869565,3.8089171890823157,0.423590022418445,0.1722113500104549,0.9769736842605177
itachisan127,0,1710,18.0,1.6324786324786325,0.9230769230769231,1.2439706833637352,1.169861010091816,0.16666666666666666,0.0,4.240837693737288,0.30035804584735387,0.8628318579107604,1.1222222221427778
bikoo25,1,1844,30.0,1.1911111111111112,0.4,1.2010984789158363,1.5054611422996027,0.16666666666666666,0.06666666666666667,4.253731339712352,0.32433347058073586,0.8291054732969662,0.6962025318618811
LapsusPro,0,1999,22.0,1.1212121212121213,0.6666666666666666,0.971846193531337,1.2300599055829937,0.45454545454545453,0.18181818181818182,4.162162158449963,0.14507229201510313,1.84722222006713,0.32142857182844387
patrykowski2,1,1835,26.0,1.2307692307692308,1.3333333333333333,0.8589803379724243,1.4590211346706548,0.3076923076923077,0.2692307692307692,2.7083333311328124,-0.3792634208618487,0.7142857137499999,1.5263157889335177
vania1a,0,1280,25.0,0.9653333333333333,0.5333333333333333,0.8507928519175453,0.8609663646927855,0.36,0.0,3.453038670456107,0.2433051881069647,1.2142857129846938,0.5554799186658191
shashank1359,0,1104,27.0,0.4129629629629629,0.3,0.7919592273744333,0.7735251238727925,0.2222222222222222,0.0,3.511210753829355,-0.13826823178853034,0.3755868536137009,2.116596634386122
tacticaltactician12,0,1828,29.0,0.942528735632184,0.6666666666666666,0.6571801741957957,1.1244175378465013,0.3793103448275862,0.1724137931034483,2.1219512172608566,0.12053196879362232,0.8228571420107754,0.8060606062457298
siegfriedcel,0,1097,55.0,0.6424242424242423,0.4,0.8832929733362193,1.0994179230440548,0.18181818181818182,0.05454545454545454,4.358490559253293,0.41912736618438295,0.7725535156766888,0.613095238578869
BRmarak,0,1843,24.0,0.9814814814814815,0.5555555555555556,0.9824012100892375,0.7583999156122896,0.5,0.0,4.528301882178711,0.041155619572643215,0.617283950068587,1.4090909085888432
Ivan11t0,0,1056,20.0,0.8619047619047618,0.5238095238095237,1.1389660534319495,0.8551726304313404,0.35,0.0,5.082872922279541,-0.5399692050664839,0.44799999962367987,0.6160714289313616
MATRU,0,1444,19.0,0.2456140350877193,0.2,0.653405518827093,0.536470171526231,0.2631578947368421,0.0,2.7142857032346934,0.1902628508928457,0.47596153695127585,0.900000000385714
bensaar9,0,987,25.0,1.1093333333333333,0.8,0.8262519630605982,0.9251028309002878,0.24,0.0,3.124999997182993,0.5179807270321529,0.9523809515306123,0.29211295074402527
Pravinkumar123,0,1481,24.0,1.1666666666666665,0.6666666666666666,0.8611019668821568,1.2056047621285677,0.4166666666666667,0.16666666666666666,3.4285714256326534,0.03960637238582535,0.6756756751278304,0.6800000002304
Lgsonnet,0,1848,20.0,0.8866666666666667,0.6666666666666666,0.9260948363867666,0.8645439809582689,0.2,0.0,4.0601503713607325,0.5048091859891204,0.7129629622627316,0.7733333335599999
MVigotsky1972,1,1543,25.0,0.8533333333333333,0.4444444444444444,1.2073451404839561,1.172873564065455,0.28,0.08,6.249999992675781,0.1567742148636913,1.647058821349481,1.2923076919130772
goizrago,1,1283,18.0,1.3611111111111112,1.0,0.7119495318243801,0.6934451881189416,0.4444444444444444,0.0,2.5714285695393584,0.3310504657025981,0.5514705879108996,0.689655172606421
Djoone,1,1164,20.0,0.8125,0.75,0.5493406476733385,0.9225865955210859,0.2,0.05,2.1538461511952662,0.18362296000744197,0.7272727264264464,0.5853658540630576
emmitbrown2,0,1309,41.0,0.7333333333333333,0.5333333333333333,0.7912543517792832,0.9326606499016465,0.2926829268292683,0.0,3.454545449834711,0.3363420965532262,0.6084880629099553,0.5816326535094751
maxxx94,0,1811,27.0,0.9481481481481482,0.6666666666666666,0.8238391445351113,1.0209968243202152,0.25925925925925924,0.0,2.953124996885376,-0.06829186681862938,1.1735537176989277,1.1206896550371581
creepy_fingers12,0,1833,31.0,0.9330024813895781,0.7692307692307693,0.862358561756719,1.5589454695778524,0.3225806451612903,0.12903225806451613,3.132978720046302,0.40667113282114037,0.760869564464792,0.5561440681633555
MehdiiH,0,1875,27.0,0.5259259259259259,0.26666666666666666,1.1967687744144822,1.2133963985812408,0.2222222222222222,0.037037037037037035,4.943661962431066,0.23892037379424022,0.6541916156500323,1.6738721787221138
pijagachess,1,1722,46.0,0.7536231884057972,0.6666666666666666,1.0851335354574867,1.3072801692295093,0.43478260869565216,0.30434782608695654,6.192307684090976,0.18721452924029733,0.7575757566287878,0.6250000004042968
aromerosuazo,0,1775,28.0,1.236263736263736,1.0769230769230769,0.7901992241230376,0.8690612302167283,0.21428571428571427,0.0,3.235555552938351,0.013260714018483107,0.21428571414642852,1.6162790691153324
D_Silva_CMS,1,1065,15.0,0.64,0.2,2.6097994596244747,1.3923629662247514,0.3333333333333333,0.06666666666666667,10.729166649902343,0.08109994362238299,0.19847328221548863,0.10937500073059084
Marek81,0,810,18.0,1.4814814814814816,1.3333333333333333,1.0234744738320904,1.2896985456690608,0.2777777777777778,0.16666666666666666,4.499999996962499,0.6748598512418899,1.4999999987343748,0.37931034511652795
likopper,0,823,18.0,1.185185185185185,1.3333333333333333,0.8076779982760272,1.3412749266955726,0.3333333333333333,0.2222222222222222,2.812499997626954,-0.20092014865321764,0.26896551706052324,0.9999999999999998
DanielEne,0,1427,25.0,0.8266666666666665,0.6666666666666666,0.6737397926396392,0.6904102375838324,0.16,0.0,2.6881720397589324,0.2430911210372634,0.8448979582060059,1.336032388186448
crazydio,0,1688,48.0,0.7962962962962964,0.3333333333333333,1.216214590565022,1.3864742984585354,0.0,0.125,4.744186040553813,0.5931093000194035,0.4001774618306752,0.2112676062336838
DarKnight300,0,1550,17.0,2.0,0.4,2.3155061265497467,1.8328273437784892,0.11764705882352941,0.11764705882352941,10.066666661633333,0.1372146224142106,0.11890243897726427,8.17777776055111
hok_sh10,1,1931,32.0,0.7109375,0.65,0.6049308310925768,0.6571072685002738,0.4375,0.0,2.531868128306823,0.3044313739144429,0.7295081957645793,0.7300380231421592
TexasGrenadier,0,1918,24.0,0.5444444444444444,0.4666666666666667,0.8392198023341715,1.0707247397927446,0.16666666666666666,0.041666666666666664,2.938775504806331,0.5591949138535458,0.6333333322589286,0.3611111119097223
ChrFlo,0,1589,27.0,1.4320987654320985,1.3333333333333333,0.7020438985271016,0.8062116674898262,0.18518518518518517,0.037037037037037035,2.793103446325506,-0.11979660833067371,0.7547169806194374,1.315476190219866
sakthiarisk92,0,1392,29.0,1.1982758620689655,0.75,1.0093502096494968,0.9125275105763307,0.1724137931034483,0.0,3.964028773670307,0.5226197484688452,1.0176870739770132,0.27912772623397675
crisrege,0,1774,22.0,1.5454545454545454,1.3333333333333333,0.6553245080884531,0.5787632572931121,0.18181818181818182,0.0,3.019607841183391,0.167242910661531,0.40816326505622647,0.821428571533801
gmidhun,0,1657,26.0,1.1282051282051282,0.6666666666666666,0.6711283203248363,1.0302970379065821,0.4230769230769231,0.11538461538461539,2.363636361541322,0.392385428623546,0.7983193270619128,1.0952380951496596
Czarjoy,0,1652,32.0,1.0208333333333333,1.3333333333333333,0.7655101761281146,1.3380436286414759,0.4375,0.25,2.6122448954002495,0.5099935802672403,0.9228395052884516,0.44117647098269896
CarlosAG22,0,1783,29.0,0.9287356321839081,0.5333333333333333,1.2196315928044743,0.8878083414846001,0.3448275862068966,0.0,5.455445538680399,0.05277223087002185,1.1179290495769822,2.1075268798447797
WinNg,0,1175,16.0,0.3125,0.2,0.8043216577918064,0.6100228755406178,0.25,0.0,3.4133333224106663,-0.007591785087757089,0.8571428545714285,0.7857142863265307
Ifeanyidavid,0,1659,22.0,0.898989898989899,0.7777777777777777,0.7726710664193522,0.6267302802116543,0.2727272727272727,0.0,3.9550561753758364,0.11861939994346625,0.7452054786711203,1.3421052627122574
Espinoza19,0,1937,31.0,0.5878136200716846,0.4444444444444444,0.7156780842030214,0.6674220862764135,0.16129032258064516,0.0,2.6463414589126266,0.2933661293649661,0.6436567154236051,0.9843750000263675
gshanaya,1,1466,19.0,0.19271255060728745,0.12307692307692308,0.869656548965959,0.7296165193942129,0.3157894736842105,0.0,3.352941159071923,0.23935468529201623,0.9056603729156283,0.8274193556529007
Anghellion,0,1342,34.0,1.063348416289593,0.8461538461538463,0.7682825223834702,0.8117388764192597,0.20588235294117646,0.0,4.051063825977509,-0.08701618359583455,0.9235917448305372,1.6111111103608027
elserrano,0,1751,37.0,0.9594594594594594,0.5,1.2422742791360413,1.483276893348945,0.24324324324324326,0.16216216216216217,5.2112676002023415,0.5709734870291542,1.1367521355279422,0.19268510307957484
duguwd,1,1439,32.0,0.7395833333333334,0.4666666666666667,1.1063754562225363,0.9751518228927719,0.15625,0.0,4.687323937324182,0.45555686731192724,0.33855799334833575,0.30514705943663495
scroca,1,1609,23.0,1.3623188405797102,0.6666666666666666,0.8834272117781946,1.3981287484275844,0.30434782608695654,0.21739130434782608,2.9361702106106833,0.3685753658926492,0.4958333330172396,0.9565217391616258
Agustin2003,0,1556,22.0,1.2242424242424244,0.8,0.8815217961544557,1.2242164393527062,0.13636363636363635,0.045454545454545456,3.7029702940049987,0.42198227199397964,0.6103286380785891,1.3218390801545783
ishapira,0,1474,21.0,1.1534391534391537,0.8888888888888888,0.7464530491439645,0.9989406480044142,0.38095238095238093,0.047619047619047616,2.8899082543752623,0.5724819609355427,0.9459459451406135,0.4299754303220666
Nakamura_99,1,1558,39.0,0.9709401709401708,0.5333333333333333,0.9261433570311604,1.2137801624847828,0.3076923076923077,0.05128205128205128,3.84507041857506,-0.3921195573908609,0.8779816505001787,1.3364406775598074
duisengali-194,1,1326,38.0,0.8218623481781374,0.7692307692307693,0.6001164673756306,0.5782251123424027,0.34210526315789475,0.0,2.807881769982529,0.18976595464656087,0.5652173907110453,1.2808988760147073
zezo1984,1,1565,26.0,0.2958579881656805,0.18461538461538463,0.8749308514535264,0.7786761823587457,0.34615384615384615,0.0,3.9519999866422397,0.03364308099732791,0.8406593379572214,1.5510204057876924
kasspparow,1,1914,28.0,1.1964285714285714,0.875,0.9869949614058213,1.4156209918658758,0.17857142857142858,0.10714285714285714,4.388059697824906,0.1698713625983461,0.9035714278292092,1.2333333331155556
pauloh,0,1811,16.0,0.9624999999999999,0.7666666666666666,0.7387138606665469,0.8042138527306519,0.25,0.0,2.770562767684264,0.19367620558116852,1.3411458317616785,0.7368421055005935
NiceandDandy,1,1172,21.0,1.2063492063492063,1.3333333333333333,0.6293821438520331,1.131892478795973,0.23809523809523808,0.14285714285714285,2.2105263139570637,0.27645708757171045,0.5999999995500002,2.5454545431363633
kasspparow,1,1910,62.0,0.7096774193548387,0.5,1.2024531554146012,1.2766152561314539,0.27419354838709675,0.12903225806451613,6.340909081974173,0.25996026028456515,0.6263616549546471,0.478991597181555
tony0904,0,1695,19.0,1.6350877192982458,1.2,1.0782017943147006,1.4851577875193063,0.15789473684210525,0.05263157894736842,4.403433473701762,0.3438079925115774,0.8029411760100779,0.363253012307111
Fahmi_BKM,0,1803,17.0,1.9137254901960783,1.7333333333333334,0.9105926549657027,1.8230995819351428,0.17647058823529413,0.11764705882352941,3.0655737688899154,0.22749506536115405,0.8496732021978727,1.0828282827831037
SonorousTexas94,0,1295,24.0,0.7131782945736435,0.37209302325581395,1.1437344712628859,1.1806111872187606,0.3333333333333333,0.08333333333333333,5.217391297032136,0.35405679628632886,0.6666666658357489,0.7037037040576131
Aqualung1971,0,1530,37.0,0.4738738738738738,0.26666666666666666,0.8962260277216747,0.8334734495291243,0.3783783783783784,0.0,3.657794669087164,0.04472576370962601,1.214467002394451,1.257568699896913
okezzi,0,1961,36.0,1.0,0.6666666666666666,1.0599324449588958,1.2727514141422223,0.4444444444444444,0.2222222222222222,5.333333327999999,0.160373795394197,0.8571428563163265,1.0000000000000002
brfaraone,0,1777,39.0,0.874236874236874,0.6666666666666666,0.8455893667866082,0.778238964370435,0.2564102564102564,0.0,4.575418989179794,0.19569020416151695,0.5228037950135452,0.8213541668522907
Ibn_Alwaleed,0,1713,23.0,1.613526570048309,0.8888888888888888,0.9816342096177957,1.2731859538117563,0.043478260869565216,0.043478260869565216,3.167664668695489,0.13182095998973303,0.6832191776820874,1.4752604162990823
eduardo101,0,1363,25.0,0.9511111111111111,0.8888888888888888,0.6003172648922542,0.8763068143895079,0.36,0.04,2.8037383148091535,0.5402773371344378,0.703296702601135,0.6699751863916591
Shinshin00,1,1306,62.0,0.5712158808933002,0.1076923076923077,1.7289132425157345,1.7526456651440474,0.12903225806451613,0.04838709677419355,7.487402245797467,0.12460067898852893,0.49663414187417226,0.08893093748145893
luispahissa,1,1701,28.0,1.1825396825396823,0.6666666666666666,0.9674444839631814,1.0934957689801235,0.17857142857142858,0.03571428571428571,4.134228184423405,-0.11874480720491758,0.8869565210102838,0.4607843140585349
EscarpmentGuy,0,1100,15.0,0.968888888888889,0.6666666666666666,1.027932420621945,0.9038160694294697,0.2,0.0,4.128440362711472,0.34777462037825,0.17999999986499995,0.5923076926369821
maryabov13,0,1307,16.0,0.37499999999999994,0.16666666666666666,1.682231839836384,0.7981927566834227,0.3125,0.0,7.407407387654321,-0.052454010982108557,0.4105263148560665,2.4838709608491154
jorge_2077,0,1817,20.0,0.7555555555555554,0.6666666666666666,0.6922707223743372,0.7046146681985013,0.2,0.0,2.9411764666955027,0.029248231157997004,0.7666666657466666,1.344827585671819
joker_god,1,1539,43.0,0.4883720930232558,0.3333333333333333,0.8366991722343344,0.8578621752746066,0.2558139534883721,0.0,3.139682533253666,0.30962356269400276,0.29661016896366,0.5121951227007735
ArCVErma,1,1640,22.0,0.5858585858585857,0.4444444444444444,0.9940369159170458,1.121166687715769,0.3181818181818182,0.09090909090909091,3.7931034418014278,0.2650766750379644,0.36601307137870054,0.8709677421415192
erasmocorr,0,1541,22.0,1.125,0.625,1.0984122803838126,1.0901048837904075,0.36363636363636365,0.045454545454545456,4.444444440493827,-0.2573613304420052,0.3656821375933344,1.0204081632469806
tolih_tal,0,1592,32.0,0.8958333333333333,0.6666666666666666,0.8168277040231475,1.1285117860788887,0.1875,0.0625,3.720930228404544,0.4285428780435205,0.7108317207554068,2.7941176432595154
oay90bymo,1,1505,16.0,1.2083333333333333,0.6666666666666666,0.7355423789671904,0.8679208390996913,0.5,0.0625,2.758620687372176,0.19222005648911988,0.6933333327925332,0.8125000001406248
casuarius,0,1787,15.0,0.6222222222222221,0.5333333333333333,0.7167813533795788,0.8256252967706007,0.26666666666666666,0.0,2.464285710325256,0.3959076818386063,0.7580645150286162,0.8750000001875001
lohitg,1,1616,45.0,0.37185185185185177,0.2,0.9384478828596029,0.9233454805206237,0.08888888888888889,0.0,4.661354569137792,0.2140856100310776,0.4516396834646332,0.5924263683291682
ZecaOlho,0,1577,22.0,1.1515151515151514,1.0,0.9589930074981692,1.3394933234824844,0.0,0.22727272727272727,4.052631575427978,0.15916285827369683,0.3518518515733025,0.5833333336197914
lady-blue,0,1893,17.0,2.248366013071896,1.3333333333333333,1.1171266157334125,0.9450933515506293,0.17647058823529413,0.0,4.843023253659934,0.3781033922046369,0.44585987243255304,2.364066192808611
inactivehumble,0,1272,25.0,1.1507692307692308,0.9230769230769231,0.7411000718127507,1.1558011603307174,0.2,0.04,2.540106949664345,0.08223495717456046,0.4662576683583876,0.9132569558821256
tecnoches,1,1322,21.0,0.5761904761904761,0.35,1.0978523078385165,0.8752264894848568,0.3333333333333333,0.0,4.252066108322861,0.09105110949153111,0.40143369123829353,0.5382775125692522
yaron321,0,1604,22.0,1.696969696969697,1.3333333333333333,0.7559289455729964,0.8788746442552473,0.36363636363636365,0.045454545454545456,3.1428571410051016,-0.15569794509647875,0.5290697671834775,0.6969696971212124
Yurien,0,1887,16.0,1.5694444444444446,1.0,0.7827232267044277,0.89930376267316,0.0,0.0,2.2654867242202203,-0.2785610125462956,1.0960187346353132,0.24175824205820554
le-bleu,0,1502,22.0,1.1385281385281383,0.8095238095238095,1.017797641823635,1.32752788771325,0.3181818181818182,0.045454545454545456,3.931558931908023,0.29710410104176327,0.45431034447804125,0.5654761907749255
skd2000,1,1941,15.0,0.6962962962962963,0.4444444444444444,0.8392801231910773,1.0531504715608302,0.3333333333333333,0.06666666666666667,2.8723404214067454,-0.09730449285386271,0.34999999960625,2.552083329259114
mageto,1,1591,76.0,0.3070175438596492,0.2,1.27010203258041,1.494669692808121,0.11842105263157894,0.13157894736842105,6.948571405938937,0.5689313627195307,1.4482366275694725,0.2195121966720489
EdgeB22,0,1619,21.0,0.4507936507936507,0.26666666666666666,1.1952760260401762,1.5301886182244782,0.19047619047619047,0.19047619047619047,5.028169002930471,0.6389109104271017,0.20634920602985637,0.6651884706789791
Jack_z,0,1524,27.0,1.2839506172839508,1.3333333333333333,1.0183232526587078,1.5259564722200905,0.2962962962962963,0.2962962962962963,4.153846150610946,0.3630907777435877,0.3723404252823675,0.4126984130165343
Morocco_111,0,1480,21.0,1.0256410256410255,0.6153846153846154,1.1342083445822624,1.1980382243864331,0.2857142857142857,0.047619047619047616,5.0999999950275,0.10983777534639405,1.7518518495322704,1.0795454544646659
Khazbiev,0,1460,44.0,0.6484848484848483,0.4,0.6966849358242855,0.6555343228032742,0.29545454545454547,0.0,3.0841121447768374,0.40165413569243225,0.7107344622528968,0.78333333363125
Batilsky_1102,0,1977,32.0,1.0833333333333333,1.0,0.8249080988357471,1.1331612926385275,0.0,0.15625,4.307692303715976,0.3639235765940858,0.703349281713611,0.5294117650380623
Raulxx,0,1956,24.0,0.9722222222222222,0.6666666666666666,0.593158270590657,0.9951107799733923,0.4166666666666667,0.125,2.057142855026939,0.048204754811204946,0.7862068957790727,0.9444444444999998
TigerClawzz,0,1997,34.0,0.980392156862745,0.6666666666666666,0.8763560911143827,1.1583536176145728,0.47058823529411764,0.17647058823529413,4.079999995838401,0.30470380932082697,0.5101214570670146,0.47058823569117636
kingofknight911,1,1477,37.0,0.7747747747747747,0.6666666666666666,0.8372093012449973,1.213046258808386,0.4864864864864865,0.24324324324324326,3.441860460673878,-0.040548565421556056,1.2662337644700834,0.6821052635012209
selimistani,0,1173,49.0,0.5714285714285714,0.38095238095238093,0.8544932577868445,1.3035451588676572,0.24489795918367346,0.08163265306122448,3.1666666611250003,0.49797042570000366,0.509999999241375,0.5822950825424132
ufuk0855,1,1442,29.0,0.5609195402298851,0.4,0.8453359384505683,0.7014017871684158,0.10344827586206896,0.0,3.565573764135145,0.1684006592551609,0.5088435366153546,1.5970370356439507
j_s_xv,0,1792,24.0,1.472222222222222,1.0,0.9867401400839413,1.2974954774533751,0.0,0.16666666666666666,4.075471695344962,-0.008473914928324658,0.19607843125720875,1.1199999999135997
spinola26,0,1960,24.0,1.1944444444444444,1.0,0.9929442801086601,1.2027270036828486,0.0,0.16666666666666666,4.46511627533153,0.08105453666143835,0.39382239355097565,0.5925925928641976
SwagyDogster,1,1382,23.0,1.4202898550724636,1.3333333333333333,0.7492881525616572,0.8347997081937526,0.21739130434782608,0.043478260869565216,3.285714283400875,0.20794224755078794,1.299999999025,0.6321839082552516
Oscar1584,0,1769,25.0,1.0293333333333334,0.6666666666666666,1.0070491690325374,1.0433787217593073,0.2,0.0,4.015544037549666,0.15814289040009508,0.33083832310070727,0.3404255323358986
moataz206,1,1465,44.0,0.8383838383838385,0.6666666666666666,0.9231620593562533,1.2377392084903618,0.13636363636363635,0.09090909090909091,3.7108433690677893,0.5618525754888175,0.7890499185841561,0.4690265491377553
sir9999999,1,1794,38.0,0.8070175438596489,0.4444444444444444,0.9271964946031588,0.9876621160895759,0.5,0.05263157894736842,4.681159414489289,0.25904642881739803,0.5167464109325108,0.7037037040164609
Volram346,0,1783,27.0,1.3333333333333333,1.3333333333333333,0.7200822992830339,1.104763103250759,0.5925925925925926,0.2222222222222222,2.99999999775,0.2716447701077367,0.9999999992500002,0.5462184876552151
Ramadisia,0,1347,47.0,0.7044917257683214,0.4444444444444444,1.3019096321526828,1.2398547554751551,0.2127659574468085,0.10638297872340426,7.255033546748728,0.43424907406605057,0.7732441461284398,0.2726293109938179
aChris07,0,1337,55.0,0.5010101010101009,0.2222222222222222,1.0297348172680614,1.4366256169334266,0.2909090909090909,0.21818181818181817,4.43548386211466,0.6242299614866942,0.9974226784226671,0.2684094265422942
RSJbits,0,1864,36.0,1.0486111111111112,0.625,1.2563072736947947,0.9788698794542794,0.4722222222222222,0.027777777777777776,6.675496682375685,0.49753438147549506,0.8319672123509809,0.9610389610753921
tamnsh,1,1730,29.0,0.8275862068965518,0.6666666666666666,0.7525676204319844,1.234163576136763,0.3448275862068966,0.2413793103448276,3.222222218328703,0.20603867493280495,1.312499998277344,1.1666666664479166
halim86,0,1617,21.0,1.1216931216931216,1.3333333333333333,0.587940997622369,0.7004314310241874,0.3333333333333333,0.0,2.3773584884466,0.17173549585753844,0.5853658532088042,1.0575139146039527
tahanzr92,1,1079,27.0,0.8774928774928775,0.6153846153846154,0.8962920928995433,0.9071676729842533,0.2962962962962963,0.0,3.50649350249747,0.2693319726225393,0.6551724131322829,1.205756929378027
Johnjr9,0,1237,18.0,0.8765432098765431,0.6666666666666666,0.569857135241259,0.5332404825074406,0.2777777777777778,0.0,2.535211264713351,0.23868868903179719,0.5827586201018727,0.5434782612715028
Renklaf,0,1259,27.0,1.1965811965811963,0.9230769230769231,0.708836355410774,0.690506565719938,0.3333333333333333,0.0,3.2142857115994903,0.1977436415187085,1.0885416657330909,0.9110512130089125
blaudio78,0,1803,38.0,0.30877192982456136,0.2,0.830945267060323,1.108713626857798,0.15789473684210525,0.05263157894736842,3.670454533567278,0.11721594961825602,0.7199999978399998,1.2564102554733725
GamesLikeChess,0,1299,29.0,0.6283524904214559,0.6666666666666666,0.7549164641908787,1.0155186215635827,0.2413793103448276,0.06896551724137931,3.8902438962478443,0.3518265413146395,0.7222222211388889,1.1351351349050398
skd2000,1,1932,18.0,1.1851851851851851,0.6666666666666666,0.9291292959234536,1.2077174510464104,0.3888888888888889,0.16666666666666666,3.9374999966777344,-0.0932488022015195,0.4615384612189349,0.7777777779444446
ErmiaFarshchi,1,1316,20.0,0.8147058823529413,0.6470588235294118,0.6340957659514562,0.8150186341115241,0.3,0.0,2.382671477219825,0.23412104934499192,0.7298578190819613,0.9236111112012925
TonyDanyAnna,0,1386,16.0,0.5972222222222222,0.4444444444444444,0.5691738711641934,0.9241865461549338,0.375,0.0625,2.232558135796647,-0.0742067359590995,0.5833333324583333,1.529411763584775
AF-19,0,1193,33.0,0.8363636363636364,0.5333333333333333,0.876941339613356,0.8781226743810945,0.3333333333333333,0.0,3.666666662282609,-0.12063529694270686,1.5794871773001968,0.6174117650731671
sagati74,0,1493,46.0,0.38550724637681155,0.33333333333333337,0.7605886581813618,0.9342616909431188,0.2826086956521739,0.043478260869565216,3.4586466075696762,0.3285791617954456,0.790064100626926,0.7733333338546667
Fabianachess,0,999,46.0,0.5971014492753624,0.5333333333333333,0.6727111523226927,0.6138298656841478,0.43478260869565216,0.0,3.5728155279969838,0.1398090843573732,0.8126614973968848,0.9074074075552983
dirtpirate,0,1650,33.0,0.9318181818181818,0.5,1.6383273761682988,1.531258856856033,0.15151515151515152,0.18181818181818182,8.85365852708388,0.0969886732914226,0.23598820038948495,1.8823529397991392
skd2000,1,1938,16.0,1.0833333333333333,1.0,0.749753410447071,1.221435288488011,0.0,0.1875,2.461538459266272,0.28024040337937534,0.36111111081770825,0.7333333335466665
Fran1257,0,1880,21.0,1.2063492063492063,0.6666666666666666,0.9437063716935649,1.1439564340073727,0.38095238095238093,0.14285714285714285,3.8684210494248616,0.15917732617370742,0.2742857140976327,0.8181818183181817
Prodegi,0,1163,19.0,1.6680161943319838,1.2307692307692308,0.9397687141014699,0.9862312229671037,0.15789473684210525,0.0,2.9514563089101706,0.19109540287788077,0.3810160425820906,2.1899999988397503
Joolly,0,1711,34.0,0.9869281045751634,0.6666666666666666,1.004288858925363,1.3089630551510045,0.11764705882352941,0.08823529411764706,4.052980128343669,0.5019965542111314,0.3664122134383776,0.34821428615947864
marcoolivera,0,1879,29.0,0.7701149425287356,0.5333333333333333,0.8844489483722587,1.4498293757246568,0.20689655172413793,0.06896551724137931,3.1164179064010695,0.3248643083747507,0.2825854697729958,1.4175438589898428
Depredadornegro,1,1854,27.0,0.8444444444444444,0.5333333333333333,0.95125906636305,0.8615194620427511,0.2962962962962963,0.0,4.263157889688366,0.3495665085017238,0.4541935479036004,2.1848739473146317
EdneyFreire,0,1923,31.0,1.032258064516129,0.6666666666666666,0.6102424375703613,0.7994709106154374,0.5161290322580645,0.06451612903225806,2.5833333308307287,0.2529621084081778,1.2734693864452482,1.4309210521212778
samuelsarza,0,1988,20.0,1.4,1.3333333333333333,0.7663560441874162,1.0473056040633835,0.3,0.1,3.333333330952381,-0.06384823413185133,0.6724137926860878,1.3333333330555557
fadlyharmon,1,1822,17.0,0.38344226579520696,0.2962962962962963,0.9743614115600923,0.8105877749385987,0.35294117647058826,0.0,4.443181806594202,0.3921853295694568,1.786764699497297,2.3703703642037035
callumstrx,0,733,41.0,0.4780487804878049,0.3333333333333333,0.9146814398187487,0.7348857990352919,0.36585365853658536,0.0,4.741496588721018,0.19539426420346076,1.3019643643468604,0.6385281391442839
Daniel_Ramires,0,1483,61.0,0.5967213114754101,0.3333333333333333,1.2556090505223165,1.0598572214990027,0.13114754098360656,0.0,8.15567764201017,0.35081360380049453,1.5439266586633775,0.2610652670898829
Mriez,0,1608,23.0,1.2173913043478257,1.3333333333333333,0.7158712555249587,1.3375219397487237,0.30434782608695654,0.21739130434782608,2.1904761886768713,0.4793108252574164,0.38095238069841264,0.9166666667321431
JalenRankine,1,1522,29.0,0.636015325670498,0.4444444444444444,0.7878449493285965,1.0205387615730956,0.3103448275862069,0.06896551724137931,3.84337348793301,0.224071646138039,1.3825136588564457,1.0529914529058513
Prinplon,0,926,17.0,1.1098039215686275,0.8,0.7137284374093769,0.6173140619653276,0.17647058823529413,0.0,3.123674908846158,0.15983029006900407,0.5037537533793421,0.9744855967304984
ave8778,0,739,17.0,1.5947712418300652,1.3333333333333333,0.8552916362338923,0.9814037257562482,0.11764705882352941,0.0,3.204918030777244,0.30494797367870397,0.3594771240085544,2.4999999983125
Monazo97,0,1529,38.0,0.9999999999999998,0.6666666666666666,0.927172649018358,1.2489378110367175,0.42105263157894735,0.21052631578947367,3.9999999960000006,0.36127635132013936,0.32941176443460213,0.6285714288738774
Nimzowitch2010,1,1780,27.0,0.6267806267806266,0.46153846153846156,0.8261230759791462,0.6800727923526282,0.14814814814814814,0.0,3.9272727210069434,0.1619197847012926,0.8503086406788505,2.1666666636792935
draltnok,0,1709,20.0,1.7,1.3333333333333333,0.788956844192014,1.1236393574463028,0.3,0.1,2.745098037600923,-0.3055937724620414,1.026315788865997,0.70000000015
ecualizador,0,1998,22.0,0.7636363636363636,0.4666666666666667,0.992158724288485,0.7908365854722177,0.22727272727272727,0.0,4.888888882486773,-0.38161742604259796,0.4304347821034028,0.8000000002357143
star09man,0,1053,39.0,0.6888888888888888,0.4,1.3156934987418085,0.9624019500984379,0.20512820512820512,0.0,7.645161279224768,-0.11316015999671995,0.2501347705962032,1.0440104166013389
Moein_893,0,1948,30.0,0.6,0.0,1.5275252291060712,1.0988536596175313,1.0,0.7,3.333333327777778,-0.27470415028941036,1.5999999968000003,0.500000000625
totosound,0,961,19.0,1.2842105263157895,1.0666666666666667,0.7163265396902458,0.5673557257995838,0.42105263157894735,0.0,3.53005464205993,0.13710456507858793,0.8833333326708332,1.0607142856654974
thunderoo,0,1564,31.0,1.075268817204301,0.6666666666666666,0.9723282472826432,1.2408288902403293,0.06451612903225806,0.06451612903225806,3.7199999965404,0.4339738738152281,0.7526132397572872,0.6250000002812499
Thongteron,0,1863,32.0,0.9722222222222222,0.6666666666666666,0.971008311456473,1.1406746559887706,0.15625,0.0625,3.885714281717551,-0.04905253938551797,0.8197064981514083,0.5384615388267118
Mac415,0,1758,19.0,1.5789473684210524,1.3333333333333333,0.7275869125945239,0.9100497874142085,0.21052631578947367,0.05263157894736842,2.955555553683704,0.24706632030368272,0.468749999736328,0.9409090909453514
m-zana,0,1677,15.0,1.3466666666666671,0.7333333333333333,1.6775483722945121,1.0733118897444736,0.4,0.0,7.128712865993527,-0.1578082682850819,2.1951219488102316,0.5277777780401235
ianeru,0,994,20.0,0.8766666666666666,0.6666666666666667,0.8553950056314881,1.101144641179567,0.1,0.0,2.6615969551388634,0.7362331029881668,0.807017543010157,0.3556701035909767
majidheidari,0,1953,42.0,0.6634920634920635,0.4,0.8520105770508171,0.826729333916365,0.16666666666666666,0.0,3.215310999938646,0.6069431673991136,0.4249999994296053,0.39333333397033343
Dhikshan27,0,1968,28.0,0.5680272108843537,0.2857142857142857,1.0301315776614415,0.9699122280473497,0.07142857142857142,0.0,4.359281429451325,0.1333343690221761,0.28333333293666674,1.2266666662224002
vidualbeats1993,1,1604,15.0,1.12,0.8,0.8571428563775509,1.3346674151586322,0.2,0.06666666666666667,3.0952380924744896,-0.08683553284074368,0.24999999984374996,2.1874999982682297
gandalph-le-gris,0,1303,19.0,1.360323886639676,0.7692307692307693,1.0373550214823948,0.8276924337847481,0.47368421052631576,0.0,3.8452380924113876,0.4525394714758604,0.42218543019097293,0.24545454578894627
Buxtehude_telemann,0,1817,24.0,1.111111111111111,1.3333333333333333,0.4795831518996472,0.6898590643069166,0.375,0.041666666666666664,1.7999999983800001,-0.04877213255733265,1.4571428556565718,1.2222222219999999
discrete_sinosoidal,0,859,36.0,0.7991452991452993,0.6923076923076923,0.8843277193524878,1.114591773792017,0.16666666666666666,0.05555555555555555,4.427807481090336,0.20229488197572887,0.37951807188791914,1.1249999998338067
MICO05,0,1829,24.0,0.4444444444444444,0.3,0.9344115774491117,0.947570441642641,0.16666666666666666,0.0,3.1499999929125,0.37387608291854035,0.3103448270083234,1.6666666646666664
MidnightScrambler,0,1881,20.0,1.6111111111111107,0.6666666666666666,1.0320661421945856,0.9841603953885184,0.1,0.0,4.1379310319143885,-0.04827392340485262,0.2335766422130108,0.4646464648898071
Gonzalvo1985,0,1464,36.0,0.9814814814814814,0.8666666666666667,0.6950263209183499,0.9287788950991694,0.3055555555555556,0.027777777777777776,3.803773581030118,0.471397270162731,1.1406249987969972,0.5588235297621107
Get_J1nxed,0,1223,19.0,0.6035087719298246,0.26666666666666666,1.6971765728058035,1.0672375065878223,0.3157894736842105,0.0,7.843023242818247,0.30743833937673626,0.49863013626909364,2.135294114641869
boVerik,0,1601,21.0,1.3015873015873016,0.8666666666666667,1.1414373555068615,0.8466302647719632,0.38095238095238093,0.0,5.429268288511659,0.22344083644935206,0.5325443783437205,0.6374952850238147
grapes97223,0,1662,17.0,1.231372549019608,0.6666666666666666,1.1671181566110456,1.0386601634599109,0.29411764705882354,0.0,4.547770696943688,0.15296093312318693,0.2505592839397624,1.1336553944087375
Meep0z,0,1464,21.0,0.9015873015873016,0.3333333333333333,1.054799347680851,1.0873523705036905,0.14285714285714285,0.0,3.4753521088213524,0.19294991139144718,0.47272727230826445,0.8236729715014884
dmc29,0,1420,21.0,1.365079365079365,1.3333333333333333,0.5532733602165705,0.7846222342435645,0.38095238095238093,0.047619047619047616,2.4418604633274748,0.1569720593348028,0.8470588229314877,1.534090908590199
Human_prodigy,0,1972,30.0,1.0666666666666667,0.6666666666666666,0.7324331589486333,1.0720245405454283,0.4666666666666667,0.13333333333333333,2.49999999765625,0.47777421548666654,1.0606060595936637,1.0
lalabok,0,1836,24.0,0.9351851851851851,0.4444444444444444,0.8890515749642497,0.6542402739927591,0.5,0.0,4.514851480320753,0.11114248496372743,0.8804878039599793,1.2954545450919424
Kumar9507,0,1893,38.0,0.7485380116959065,0.4444444444444444,0.8943180001336335,0.8969632634954554,0.2631578947368421,0.02631578947368421,3.859374994844116,-0.2659042756333599,0.6133333325973335,1.2857142852780612
duisengali-194,1,1337,30.0,0.917948717948718,0.6153846153846154,1.0718252355363953,0.5874259119370127,0.6,0.0,6.368715076860896,0.12100670262331101,0.5079365074648525,1.2098765429572473
MoparSRT,0,1373,37.0,0.7567567567567568,0.5,1.0232470063520087,0.6792219735006804,0.21621621621621623,0.0,6.27678570599139,0.05818590722307132,0.4229665067139965,0.7640067914455337
saeren,0,1949,58.0,0.5793103448275863,0.4,0.8238309308011924,0.6698991534697032,0.20689655172413793,0.0,4.833333324990079,0.12318186753921144,0.49155269432582654,0.7746478876691134
KevinNaranjo,1,1301,44.0,0.7587412587412588,0.38461538461538464,1.7625809416400366,1.336541521817403,0.2727272727272727,0.09090909090909091,11.557603671403344,0.36579813867928623,0.6988888880308087,0.26162790759062343
Rhinnoru,0,1536,27.0,1.2345679012345678,0.6666666666666666,0.9935793870651383,1.3668811026789849,0.37037037037037035,0.2222222222222222,3.7799999969382,-0.17270211903152824,0.18237082055228607,0.2619047622738095
skd2000,1,1936,34.0,1.1241830065359477,0.5555555555555556,1.224137535943892,1.4820046241010343,0.17647058823529413,0.11764705882352941,6.127906971293199,0.388772754312396,0.9216417902400591,0.28358208996123857
deano2015,0,1624,28.0,1.3035714285714286,0.625,0.9930325855088753,0.8843684990062426,0.35714285714285715,0.0,3.8356164354137734,0.3293250633317139,0.6739130430094518,0.4313725493317954
zad38,0,1714,29.0,1.011494252873563,0.6666666666666666,0.70564430367783,1.15245752469709,0.3448275862068966,0.1724137931034483,2.6363636337572314,0.2102933394124239,0.8518518510354938,1.804444443318222
eynm2,0,1470,20.0,1.5076923076923079,1.2307692307692308,0.7564797134921568,0.9575403530240455,0.35,0.0,3.0612244877655135,-0.03283772222541236,1.9588235276142565,0.7657657659029299
aponmalai,0,1307,15.0,1.2444444444444442,1.0666666666666667,0.8541614809637202,1.3264854557837478,0.4666666666666667,0.06666666666666667,3.749999996986608,0.43755638242309386,0.43181818152376034,0.4711538464589496
shyamanicnitin,0,1766,19.0,1.5087719298245612,1.3333333333333333,0.8462049017024108,1.1147445810043815,0.15789473684210525,0.10526315789473684,3.5348837185873445,0.04674430787645467,0.2812499998417968,1.376470587936332
JellyWack,0,1319,23.0,0.41159420289855064,0.4,0.7958681217050623,1.1204542258839907,0.2608695652173913,0.043478260869565216,3.239436611847848,0.1942183056666157,0.4092592585203188,0.5458801506546417
drelli,0,1634,48.0,0.8489583333333334,0.5,1.0267050325351728,0.9915935559272913,0.2916666666666667,0.041666666666666664,5.006134963428356,0.45922146883786624,1.2692307676686392,0.304000000534528
zuletacabure,0,1977,48.0,0.6990740740740741,0.4444444444444444,0.7973190891103092,0.7068687851505898,0.22916666666666666,0.0,3.178807942472699,0.15630589035697212,0.47794117585383344,0.7356321842362266
SillySammy,1,1567,30.0,1.0166666666666666,0.5,1.1757653153707954,1.3362339051577767,0.16666666666666666,0.1,5.40983606025262,0.22321815232066075,1.0714285703571427,0.19607843184544407
Gmc1960,0,1624,23.0,0.9021739130434783,0.5,1.1606356207657818,0.788131790821173,0.30434782608695654,0.0,5.542168668555669,0.10683947157039651,0.4618055551514757,0.575163399059336
VrEcer,0,1741,30.0,1.2962962962962965,1.1111111111111112,0.7220153195360044,0.8416469645077461,0.16666666666666666,0.0,3.2571428546302035,0.4343780982455906,0.9735449727985891,0.44628099204442995
lucifuge1968,0,1954,40.0,0.9,0.6666666666666666,0.7748327539298504,1.0630433876733165,0.1,0.05,3.209876539643347,-0.347086204422105,1.4626865654449768,0.6200000003419999
I_Simple,0,1982,19.0,1.1228070175438598,0.8888888888888888,1.0383279819399982,1.205085617087308,0.21052631578947367,0.05263157894736842,4.156249996298339,0.10408505026039457,0.7629107974934703,3.8999999934750007
laureadoo12,0,1649,17.0,1.3393665158371042,1.0769230769230769,0.5427320435954115,1.1191533191509082,0.5294117647058824,0.058823529411764705,2.1824324308029808,0.22993083491885907,0.6886956517067977,1.104377104294868
mangotango1,0,1431,22.0,1.6060606060606062,1.3333333333333333,0.49526055623527876,0.5007777143285854,0.2727272727272727,0.0,2.0754716968209324,-0.07125661208739172,0.79999999952,1.5238095233979592
zd2196,0,1414,21.0,1.2275132275132277,1.1111111111111112,0.3731872552462114,0.3859893178322362,0.5238095238095238,0.0,1.8103448261114,0.28751963226172955,1.175257730977362,1.1188811187782408
GreatBonFire,0,1508,17.0,1.9439775910364148,2.0952380952380953,0.6105294611281822,0.7468074291058416,0.29411764705882354,0.0,2.2536023043162303,-0.14671437246034458,0.5858843534694789,0.9804713804813222
skd2000,1,1905,26.0,1.1538461538461537,1.3333333333333333,0.567863659026991,0.8729356351806717,0.4230769230769231,0.07692307692307693,2.311111109108148,-0.0394710276818188,1.0161290313730487,1.045454545414256
smithriver,0,1732,27.0,1.0765432098765433,0.9333333333333333,0.8004817160206776,0.9398244823738366,0.18518518518518517,0.0,3.096330272353179,0.28297641843314875,0.4863184075428362,1.2959183670298833
AmrNabil230,1,1888,61.0,0.5776736924277908,0.19047619047619047,1.5617272349849465,1.0630612694824058,0.29508196721311475,0.01639344262295082,8.408108093552991,0.54518616350506,1.1085337895635488,0.24193548467769177
hadzik,0,1647,42.0,0.728937728937729,0.6153846153846154,0.6675099662940005,0.6339677639905735,0.47619047619047616,0.0,2.954773865293199,0.28503909598095617,1.0535714271039545,0.7008547012037037
zunilp,1,1818,40.0,0.7749999999999999,0.6666666666666666,1.0150332589169586,1.1904985967801338,0.2,0.125,5.161290315920916,0.38522118865247607,0.3241830061812534,0.4531250005126954
misha_kvasov,1,1731,15.0,2.094117647058823,0.8235294117647058,1.6513668823074794,1.0832901587593051,0.2,0.0,6.853932580996719,0.38873603968567777,0.5279017854939339,1.8103448270320055
JandroOlem,0,1777,30.0,0.6666666666666664,0.4444444444444444,0.7649739756551397,0.6669442165316196,0.26666666666666666,0.0,3.6666666611666687,-0.2132392291168774,1.396226412723389,1.4324324316435355
maycreek,0,1207,31.0,0.9849462365591397,0.6,1.19478807399116,0.8855422019437053,0.12903225806451613,0.0,5.2117903877216545,0.4030315863222256,0.5221130216319597,1.2644230766179732
IbnRusd,0,1964,25.0,0.5107692307692308,0.3076923076923077,0.9044975586688313,0.5910938376430692,0.4,0.0,4.819277098998404,0.20333627521157777,0.6411657548267193,1.0414201182603553
PauloCardoso,0,1448,29.0,1.2413793103448274,1.1111111111111112,0.7674704037108843,0.8559371502758831,0.2413793103448276,0.0,3.5802469106961596,0.3609826134688441,0.3206997082388291,0.8666666667666665
davronbek49,0,1235,20.0,1.6666666666666665,1.3333333333333333,0.48166378286269357,0.45136545213632123,0.55,0.0,1.9999999988000001,0.1834864101286797,0.6581196577652859,1.0833333332812498
OmidTTU,0,1936,26.0,1.4358974358974357,0.6666666666666666,1.170971164238431,1.5203329157998708,0.2692307692307692,0.2692307692307692,4.178571425661352,0.11906037910151535,0.9807692300902365,0.30232558171173607
Bakhramnukus,0,1920,24.0,1.3611111111111114,1.0,0.7805955708103899,0.9924705347871029,0.0,0.08333333333333333,3.4285714260524776,0.4573806034279089,0.3377777775638518,0.8846153846952662
dariwala,0,1734,20.0,1.2799999999999998,1.1333333333333333,0.6244789489838701,0.815290916035873,0.3,0.0,2.760416664510091,0.4710687457292875,1.0860927143686678,0.8373205742794351
BennyGoodluck,1,1106,22.0,0.943722943722944,0.7142857142857142,0.7715154502514175,0.8461638895683357,0.4090909090909091,0.0,3.0275229325717525,-0.02396956855851201,0.7407407400205763,0.7580645163543832
vodoley5000,0,1782,49.0,0.6829931972789116,0.4,1.1901752786845066,1.4120694942878744,0.10204081632653061,0.10204081632653061,6.247011943044713,0.40690751592999375,0.8652210872103804,0.1453211016231294
kimy53022,1,1617,17.0,0.8778280542986425,0.46153846153846156,0.8517485584414555,0.8516106446818928,0.23529411764705882,0.0,2.628865976386704,0.2199477973936747,0.3895833329851433,2.703703700012346
realneil,1,1147,18.0,1.2962962962962963,1.0,0.695759751571038,0.5347650295672769,0.0,0.0,3.0857142833338775,0.18128602708531216,1.2115384605599118,1.058823529365052
blackysblack,0,1885,15.0,1.0933333333333335,1.0666666666666667,0.47587026384644043,0.6517554152264462,0.4,0.0,1.7073170716091608,0.0006414770690748962,0.6142857138249999,0.8608870968919907
Behzad-Naderloo,0,1945,41.0,0.8997289972899728,0.4444444444444444,1.2498512018318904,0.7821843905969025,0.2682926829268293,0.0,7.903614449046887,0.20692403031310083,0.4835589937343102,0.6608357631880564
Jayed_Bin9250,0,1156,20.0,0.35333333333333333,0.26666666666666666,1.031887462277701,0.8976240900324005,0.2,0.0,4.716981118725525,0.29983005052691014,0.6666666649999999,0.5142857153265306
Pratul5,0,1646,25.0,0.8533333333333333,0.6666666666666666,1.9580562724329706,1.3934223895180247,0.48,0.36,10.156249988098144,0.21054964013184732,0.5925925919999999,0.25846153899544616
isso_1909,1,1525,22.0,0.6606060606060606,0.4666666666666667,0.8101494039756945,1.208258739493203,0.3181818181818182,0.045454545454545456,3.22935779327666,-0.04277014904495141,1.2469135781687246,1.369565216728497
DanielCordeiro,0,1717,16.0,1.0416666666666667,0.6666666666666666,1.0361467067643886,1.4686127705204166,0.3125,0.3125,3.1999999969279997,0.2735138218940281,0.06944444440104165,1.7777777767407412
Ahmedhabour125,0,1651,54.0,0.6790123456790123,0.4444444444444444,1.054702181157488,1.1785270746282206,0.18518518518518517,0.09259259259259259,6.218181809024133,0.479067050356896,0.8843537402332361,0.46017699173087157
GoliathKiller,0,1898,34.0,0.8235294117647058,0.6666666666666666,0.7785872033993805,1.0807853117180741,0.14705882352941177,0.058823529411764705,3.2380952341632656,0.25072413936147475,0.725728154515435,1.3333333328611108
Rumo_Ao_Rei,1,1583,29.0,1.149425287356322,0.6666666666666666,0.8867919703243055,1.1209071546653975,0.4827586206896552,0.13793103448275862,4.059999996467799,0.15242375120239401,0.9222972965120981,0.5720430110425944
Girshwick7,0,1614,19.0,1.0760233918128654,0.4444444444444444,1.1474472354898526,1.3677199123920627,0.3157894736842105,0.10526315789473684,5.163043473462606,0.3090131445341824,1.59433962088172,2.6999999970065223
furkanozc,0,1965,30.0,0.8888888888888888,0.6666666666666666,0.9128709281482973,0.709496544920794,0.16666666666666666,0.0,4.24999999521875,0.13360794738724835,0.7101449268067895,0.6666666669791667
Mariomagd1,0,1533,28.0,0.5809523809523809,0.3666666666666667,0.7461267887304557,0.7591383211643686,0.17857142857142858,0.0,2.868852454078205,0.21405372313615303,0.6884057960351686,0.6944444448900464
Aryanzad,0,1564,16.0,1.5,1.0,0.9875771568211251,1.1868742478062035,0.0,0.125,3.111111109037037,-0.305432521039491,1.3199999990496003,1.7692307685207103
aylem,0,1796,31.0,0.6236559139784947,0.6666666666666666,0.9380324473742199,1.3095633937010298,0.41935483870967744,0.3548387096774194,3.206896546582045,0.009287307449456725,0.4807692300758137,1.004464285707111
PeixotoFilho,0,1933,19.0,1.1695906432748537,0.8888888888888888,0.8151073541956766,0.8309477531628723,0.21052631578947367,0.0,3.60999999691345,0.1961836016551334,0.5082304523078418,1.1930232556321523
Binhdzlqt12345956,1,1065,26.0,0.37179487179487186,0.26666666666666666,1.0610160448607469,1.2719221782495558,0.38461538461538464,0.07692307692307693,5.020689641668489,-0.010069490690492223,0.40178571347855546,0.8354430383808686
suhang1993,1,1399,19.0,0.40818713450292393,0.2222222222222222,1.18266280109757,1.1318676810823776,0.3684210526315789,0.0,4.464183370152216,0.31253151842647875,0.7890017914032118,2.62921347573223
Pinchamanda,0,1094,31.0,0.8279569892473118,0.5555555555555556,0.8655843874759266,0.772841416633618,0.2903225806451613,0.0,4.0259740211114865,0.3043837537198881,0.7822222213371938,0.8671875001494139
kings00,0,1598,16.0,1.5416666666666665,1.3333333333333333,0.7445933678389617,0.9076732469566825,0.3125,0.0625,3.4594594572154858,0.06957169867347121,0.4597701147047166,1.4666666662933332
kera2,0,1725,38.0,0.982456140350877,0.6666666666666666,0.5976143040589109,1.0193581653449393,0.39473684210526316,0.13157894736842105,2.03571428364222,0.10111422130810083,1.4727272710231167,0.8064516130811653
HeWentToJareds,0,1154,15.0,0.7692307692307695,0.46153846153846156,0.8824209112674817,0.8154459170960371,0.06666666666666667,0.0,3.1999999958399994,0.12304710969396027,2.2857142809599997,2.1079545431630935
Grebetz,0,1886,31.0,1.139784946236559,0.6666666666666666,0.7603562891294944,0.8417888560300223,0.4838709677419355,0.06451612903225806,4.094339619049307,0.32793865480961437,0.7913043471551984,0.5681818184762396
azkhaizio,0,1792,17.0,1.2156862745098038,0.6666666666666666,0.8461210992139326,1.3899058172535181,0.29411764705882354,0.23529411764705882,2.1935483852924036,0.3722253934017455,0.7499999994375,1.230769230556213
skd2000,1,1929,52.0,0.6794871794871794,0.6666666666666666,0.9522228575379018,1.3044553656638287,0.4423076923076923,0.3269230769230769,3.924528296111072,0.43970222564214195,0.8730158717687077,0.4324324330306793
Mongerchess,0,1973,15.0,0.33846153846153854,0.3076923076923077,0.764213343979581,1.1949246958671667,0.13333333333333333,0.13333333333333333,2.7272727192148754,-0.05235080254250435,0.4444444433744856,0.7291666673512732
radiox711,1,1500,23.0,0.6020066889632107,0.6153846153846154,0.1832491386119433,0.18090993017683793,1.0,0.0,1.2777777756552469,-0.1443991454896325,0.9075471683643823,1.047619047537982
TSemlak9,0,1443,27.0,0.6962962962962963,0.5333333333333333,1.1035151030866488,1.4436354312275381,0.2222222222222222,0.1111111111111111,3.829787228542327,0.1637078733671122,0.39256198300875966,1.1831797232142394
duisengali-194,1,1348,30.0,1.0923076923076922,0.6923076923076923,0.7429271508604339,0.643873054143416,0.3,0.0,3.2394366167526285,0.38871614032325974,0.8026315782609071,0.5434782611921077
bobi9bobi,0,1188,29.0,0.9011494252873563,0.8,0.7389333457200784,0.8398868849273952,0.3793103448275862,0.0,2.81122448667632,0.3918948575318386,0.23148148125183715,0.8778877889058263
Tee_khay,0,1683,24.0,0.9351851851851851,0.6666666666666666,0.6470582986148092,0.5522808738335216,0.3333333333333333,0.0,3.089108907587884,0.25414728999133684,0.650602409003629,0.77192982477747
doubletwo14,0,1463,25.0,1.1076923076923075,0.46153846153846156,1.59038391059753,1.7038963510838316,0.12,0.16,6.944444438175155,0.3344100906793458,0.8451730411738783,0.21496311949211133
m_shaleen,0,1867,45.0,0.5777777777777776,0.4444444444444444,0.8970695207312724,1.1803469817471843,0.3111111111111111,0.1111111111111111,3.8461538394970427,0.3436015530790262,1.080357140947226,0.49689441058473816
ramses005,1,1756,17.0,0.6928104575163399,0.4444444444444444,0.6014104689624633,0.5456133432223849,0.4117647058823529,0.0,2.2452830156270918,0.2093441222136034,0.8615384603455624,0.9955555555619555
chesssport2006,1,1527,20.0,1.4,1.0769230769230769,1.1135832357356517,1.4447769507193582,0.15,0.05,3.7362637335949764,0.27804434368754877,0.18565400835480428,0.685185185374657
palitochino27,0,1608,44.0,0.41818181818181815,0.26666666666666666,0.9359895567453885,1.3384207603378226,0.18181818181818182,0.13636363636363635,3.826086947372401,-0.004774711193551298,0.5833333320572917,1.1904761899773237
helloindia12050,1,1945,47.0,0.4141843971631206,0.26666666666666666,1.1448809894770184,0.7973777630990307,0.3404255319148936,0.0,7.565068474885707,-0.09219984607883973,0.42943898120994445,1.1145061725468794
escorpion281083,0,1636,29.0,1.1264367816091954,0.6666666666666666,1.1001495477534227,1.1079271089337015,0.5172413793103449,0.13793103448275862,5.918367341684715,0.06794387199565985,0.4336043357260889,1.9249999987859385
TheGreekDon,0,1573,27.0,1.2839506172839508,1.3333333333333333,0.6617173277186722,1.0503504740328014,0.2962962962962963,0.1111111111111111,2.5961538441318415,0.07358915836398464,0.7665505220871928,0.5346320349070248
Anton12345678910,1,1328,35.0,0.8952380952380952,0.6666666666666666,0.6647020993346757,1.0236974585181324,0.4857142857142857,0.14285714285714285,2.978723400928022,0.3073658901872743,1.1260997054371393,0.9855072463928796
Kampf_und_Sturm,1,1878,36.0,1.037037037037037,0.6666666666666666,1.0326308772043173,1.4022282996627158,0.3333333333333333,0.2777777777777778,4.499999995660715,0.44570509211338216,0.5744680846113626,0.8064516130718
yoddah7,1,1435,20.0,0.9666666666666666,0.6666666666666666,0.8445108475630415,0.931879140391925,0.3,0.0,3.1724137898216416,0.3104734961992393,0.7933884289652345,1.0138888888744215
Fuhreru,0,1778,25.0,1.36,1.3333333333333333,0.7654596581015987,0.7985956045826584,0.28,0.04,3.4313725464965397,-0.16954721962875619,1.4603174590657597,2.2153846139261537
No_Bulli_Plz,0,1596,32.0,1.1041666666666667,0.6666666666666666,0.7786305759726873,1.1472165352041703,0.375,0.15625,3.0188679217942327,-0.3132779622812601,0.5116279065840995,0.7666666668533332
v2max,0,1981,20.0,0.7,0.5,0.745736178142559,0.598322391441738,0.35,0.0,3.571428566326531,-0.07680759166477884,0.8536585354193933,0.7500000003124999
Chip113,0,1463,20.0,1.7444444444444442,0.7777777777777777,1.602907718421321,0.9927928191065007,0.3,0.0,6.114649678023449,0.11259809149845099,1.2383720922456736,1.0933333332773332
MarloTheGangster,0,1748,21.0,1.2698412698412698,1.3333333333333333,0.9006941760232944,1.1595687377487922,0.2857142857142857,0.14285714285714285,4.1999999966925,0.1212291413926906,0.5303030299414601,0.7438016530672428
zeuslester31,1,1580,19.0,1.0912280701754387,0.8,0.9360614059363874,0.9129751983817582,0.15789473684210525,0.0,3.6655948519463193,0.04476459190895983,0.8550074730939022,1.6445454537544217
jonathanBEES,0,1979,38.0,0.8947368421052629,0.6666666666666666,0.7307703973630303,1.1995486209682626,0.3684210526315789,0.21052631578947367,2.980392153531719,0.33075070959513425,0.7045454538008781,0.7000000002850001
duisengali-194,1,1332,30.0,1.1079365079365078,0.8095238095238095,0.8095709523282107,0.7695265921711361,0.16666666666666666,0.0,4.040114609533994,-0.10223742121814235,0.8137931027411175,0.48510638332381173
dougieCCCC,0,1553,20.0,1.223076923076923,1.076923076923077,0.856339599677175,0.905581798448354,0.15,0.0,3.270440248898382,-0.0074248168025528305,0.40799999974540807,0.9875000000101563
Mysteron97,1,1746,62.0,0.7320099255583126,0.3076923076923077,1.6504297642754995,1.1358743943863139,0.24193548387096775,0.04838709677419355,11.97966100058372,0.44786461210202105,1.172649570989622,0.24472573903876693
Randleman5102,0,1985,15.0,0.5777777777777778,0.4444444444444444,0.8043275443185675,1.2573878634871152,0.2,0.13333333333333333,2.692307687647929,0.44271892170080235,0.4044117641171064,0.4375000006814905
wanio-sccp1910,0,1669,19.0,1.7192982456140349,1.3333333333333333,0.7151598146018043,1.1470132869287688,0.15789473684210525,0.10526315789473684,2.326530610891712,0.16425841895661625,1.1822660091183965,1.1045454544813018
samuelraj,0,1178,16.0,1.2916666666666665,1.0,0.6696948218049684,0.5242600323714353,0.0,0.0,3.096774191150885,0.2721645323022226,0.7652173907553874,0.6315789476011081
victor040,0,1578,27.0,0.7999999999999999,0.5333333333333333,0.7535922194052619,0.8484110675211993,0.25925925925925924,0.0,2.666666663333334,0.11477828494941648,0.5499999993697917,1.0
kimy53022,1,1589,35.0,0.4395604395604396,0.3076923076923077,0.9726253110503036,1.2419681913604674,0.2,0.11428571428571428,3.8499999912412495,0.24457708680426024,0.9350649329810761,0.5312500008093263
Judythegreat,0,1081,17.0,1.803921568627451,2.0,0.5913682826606739,0.583949945319621,0.35294117647058826,0.0,2.21739130311862,0.14696456420833723,0.6255144030141747,0.8148148149074074
Amr_Mohamed_Ali,0,1748,17.0,1.2418300653594772,0.8888888888888888,0.9647527771085601,1.2095742086181587,0.11764705882352941,0.058823529411764705,3.578947365539058,0.3160650479849186,0.2906504063286114,3.132275128619804
abkarino254,1,1077,27.0,0.871252204585538,0.5714285714285714,1.1854538599307172,0.9552207041499817,0.2962962962962963,0.0,4.591093112139372,0.20629505546049196,0.5778301880782473,1.3422913715317408
TheJollyRodger927,0,1237,28.0,1.1904761904761902,0.6666666666666666,1.2089297368564365,1.0441828550680265,0.21428571428571427,0.03571428571428571,5.973333328315734,0.00018320764043594737,1.7788778860451264,0.9480519480944511
stepa4kin,0,1003,31.0,0.7053763440860215,0.5333333333333333,0.751807260297847,0.7578839215551292,0.2903225806451613,0.0,2.835365849638887,0.10262877726026999,0.8636709813284521,0.37660256470198467
Lucho25249,0,1407,29.0,1.1896551724137931,0.75,0.8614354254621893,1.156114231439157,0.10344827586206896,0.06896551724137931,3.1521739103938247,0.4000771176153778,1.333333332148148,0.4368794329595895
a_prashant,0,1463,20.0,0.6066666666666668,0.4666666666666667,0.9284901438162765,1.0760921217656918,0.25,0.05,3.736263730105059,0.2917989104953097,0.5921052622814231,1.3333333326923076
LieutenantChess123,0,1612,29.0,0.5464190981432361,0.3076923076923077,1.1912902230763645,1.1297356005209995,0.3103448275862069,0.06896551724137931,6.194174745945612,0.3064051442290706,0.7808219164872399,0.4018518526078448
At-lant,0,1578,33.0,1.0707070707070705,1.3333333333333333,0.780685314953028,1.2757617602779807,0.3333333333333333,0.21212121212121213,3.1132075442621936,0.32503098800756247,0.8637873746318474,0.6176470591102939
mpshmgh,0,1129,23.0,1.2008281573498965,0.8571428571428571,0.6893275077941512,0.7125963721231922,0.21739130434782608,0.0,2.775862066653894,0.22594152813123172,0.2978723401926211,1.0379901960461677
ruckizucki,0,1271,85.0,0.5411764705882353,0.19047619047619047,1.4086984490418006,0.9979178785386055,0.2235294117647059,0.0,8.27122151680732,0.24902937523102006,0.5856153074707907,0.25824911810944984
hanivf,1,812,16.0,1.2202380952380953,1.1428571428571428,0.6009114626663221,0.8264495018895033,0.4375,0.0,2.263414632291445,0.4666085232124124,1.1554054044217494,0.5769230771964496
makhamad,0,1923,21.0,0.9312169312169309,0.6666666666666666,0.9506141979957328,1.074399354524003,0.14285714285714285,0.047619047619047616,3.579545450701512,-0.07497167899609432,0.6268656710523504,0.5723905727469134
Nakamura_99,1,1580,23.0,1.0057971014492753,0.6666666666666666,0.9589139592247536,0.9818387393316373,0.17391304347826086,0.0,3.512968296219095,0.24845769915496227,1.2219202885933074,0.8406998159831559
ayush444444444444,0,1386,23.0,0.7357859531772576,0.6153846153846154,0.6581968849199217,0.6550578554034105,0.391304347826087,0.0,2.927272723294297,-0.1296313819274571,0.7906976734026502,1.374999999390625
ccaso10,0,1699,56.0,0.3190476190476191,0.13333333333333333,1.3779926986759978,1.2969223702498496,0.25,0.07142857142857142,5.43283580386723,0.5068231069847196,0.39393939286501384,0.19642857293526786
vorapsak01,1,1480,32.0,0.6729166666666666,0.43333333333333335,0.9474645316474024,1.1885222182896682,0.3125,0.03125,4.1609907058907885,-0.08894358677035827,0.22321428543893912,2.939024384568709
Alexandre789,0,1843,59.0,0.6064030131826742,0.2222222222222222,2.9785312556849757,1.7048831907736253,0.2542372881355932,0.3898305084745763,22.72049685694229,0.20377030511171712,0.8605174339485003,0.0849099107167968
patrykowski2,1,1846,33.0,1.0909090909090906,0.6666666666666666,1.0829771484304893,1.5693510883434985,0.21212121212121213,0.36363636363636365,3.6666666633055565,0.15433343363433974,1.315789472385734,1.1764705880588235
BLASPHEMOUSCHESS1,1,1785,37.0,1.002079002079002,0.6153846153846154,1.1137659122367685,0.8984715230261797,0.32432432432432434,0.0,4.912863065636749,-0.08590192703579216,1.0719086010642218,1.770676690655881
vanmatan91,0,1909,28.0,1.1666666666666665,0.6666666666666666,0.9970802848846341,1.3997631664819619,0.32142857142857145,0.25,3.4285714256326534,0.4951028072217122,0.6111111106309524,0.40000000036
quijesuis,0,1844,61.0,0.5103825136612021,0.2,1.2958659455813915,1.2037246895855591,0.13114754098360656,0.01639344262295082,7.314775146267626,0.4770775292278623,0.7403598958019045,0.12653284481643887
Marcelo_Suarez,0,1629,31.0,1.0421836228287842,0.6153846153846154,1.3770058536831862,0.9867193428543787,0.22580645161290322,0.0,6.642857136483163,-0.12436084094442607,0.3512396691620492,2.0009328343643134
loljkchess,0,1558,43.0,0.8239202657807307,0.47619047619047616,1.5499963616694774,1.0276652290821293,0.16279069767441862,0.0,9.82526880527928,0.20002047411636875,0.41043613665546114,1.0181818181595454
Kumar9VC,0,1434,27.0,1.207977207977208,0.7692307692307693,0.9484534254537862,0.8601627290487152,0.2962962962962963,0.0,4.839622637503048,0.45139429942434856,0.6452513961559954,1.2346938773330904
ZBRasimAVCI,0,1545,19.0,1.5526315789473684,0.75,0.9612575545299857,1.1187995560905637,0.3157894736842105,0.05263157894736842,3.864406777172077,0.23336768126254082,0.3363363361424127,0.8129032259150883
mirkaki,0,1471,21.0,1.3119047619047621,0.55,1.36583106983898,1.2285248224020542,0.09523809523809523,0.0,5.602540830575194,0.2959155515125676,0.4354639172384568,0.5139462812679024
sergko13,0,1948,64.0,0.6875,0.46153846153846156,1.0651201342624996,1.0068181679266945,0.21875,0.03125,4.6993006924653535,0.25198593374922584,0.4722433453773484,0.39512195183324217
gauravnote10,0,1479,35.0,0.7714285714285715,0.5,1.2548260729216574,1.3472039895305283,0.22857142857142856,0.14285714285714285,5.833333325771605,0.21442238371302338,0.12980769217289204,0.8141762454285904
MisterllGreen,0,1405,64.0,0.5024038461538461,0.38461538461538464,0.8390412924642202,0.8813915143710569,0.390625,0.03125,4.593301426264051,-0.11482177596303446,0.6219903680457239,1.0291262135334147
BLASPHEMOUSCHESS1,1,1785,25.0,0.72,0.6153846153846154,0.819176260708767,1.0009106098057265,0.52,0.04,3.205128200676638,0.2529690952074864,0.6799999991160001,0.9716599190671211
Jeysree_B,0,1853,38.0,0.8771929824561402,0.6666666666666666,0.9406380802320606,1.3049937230336082,0.42105263157894735,0.2631578947368421,3.799999995668001,0.004912009976151407,0.6136363630150568,1.17391304326276
Enrsor,0,1820,28.0,1.1190476190476188,1.0,0.694999274743238,1.1094211320075422,0.0,0.14285714285714285,2.9787234015934816,0.15877289709766446,0.7238095232201359,0.4687500003486328
F0ushee,0,1300,23.0,1.4782608695652173,1.3333333333333333,0.5940885253841213,0.9926767354540579,0.30434782608695654,0.08695652173913043,2.2549019592589388,0.5012621508759103,0.6071428567742347,0.6954022990238803
sultan2000,0,908,22.0,0.4848484848484848,0.42857142857142855,0.5677897522426709,0.6495454925739159,0.13636363636363635,0.0,1.964285710234375,-0.060612483120846404,0.46583850851927494,0.8064516132637877
BjoernWissling,0,1711,35.0,0.43809523809523815,0.26666666666666666,0.9015844046084582,1.0507967282700992,0.2857142857142857,0.05714285714285714,3.6521739047069937,0.6251695090348586,0.6938775495335276,0.30395913256539836
BERVANGER,0,1498,15.0,0.75,0.75,0.516397778805792,0.5105574937474233,0.26666666666666666,0.0,1.9999999973333333,-0.5220010189469835,1.1171874984638672,1.4411764698615919
Rubeshkumar,0,1910,61.0,0.6229508196721312,0.4444444444444444,1.1766163235222538,1.2920911154051167,0.2459016393442623,0.13114754098360656,4.994152038766698,0.3342226800081772,0.6294642847897602,0.2764976965869166
AliBarr,0,1828,18.0,1.6296296296296295,1.3333333333333333,0.8540133734784888,0.5875714913899379,0.3888888888888889,0.0,4.09090908839876,0.3570056785158155,1.1942857134974856,0.8333333334270835
embelecido,0,1765,37.0,0.7747747747747749,0.6666666666666666,0.8837209290919416,1.265974751372395,0.4594594594594595,0.2702702702702703,3.4418604606738774,0.2553283778025465,1.1809523793834011,1.0894736840897368
Darkmatterchess,0,1820,44.0,0.7525252525252525,0.4444444444444444,1.1458048639296847,0.8981151567956754,0.3181818181818182,0.022727272727272728,5.0201342215168685,0.32532676158127566,0.39416058347551813,0.5204081637497918
Denmark2021,0,1895,29.0,0.9195402298850577,0.6666666666666666,0.9212762876325258,1.3493383167144808,0.3448275862068966,0.27586206896551724,3.624999996057812,0.43791882713801716,0.5516129027186785,0.5025641029658776
Emanuel_ospino07,0,1625,21.0,0.8634920634920633,0.4,1.0337618160555533,1.1823345334351756,0.2857142857142857,0.047619047619047616,3.551470584122379,0.27289628935551985,0.7926605495860617,1.5636363627909096
kingofknight911,1,1484,52.0,0.6538461538461539,0.6666666666666666,0.7344439518307737,1.0723593133130396,0.6346153846153846,0.21153846153846154,4.078431366311419,0.5096351195657755,1.1549999981808752,0.7000000003899999
josephnaeim,0,1770,24.0,0.9222222222222222,0.7333333333333334,0.7950894426027426,1.1116549187990095,0.125,0.041666666666666664,3.3253012012135295,-0.13846078424530484,0.6737588645673004,1.5937499991650392
Orkhan291,0,1576,39.0,0.9401709401709399,0.4444444444444444,1.4246936729689885,1.5818480586152983,0.1794871794871795,0.1794871794871795,6.38181817503025,0.47412692910248466,0.3916083912633381,0.22857142906734695
SionFromLOL,1,1619,54.0,0.7150997150997149,0.6153846153846154,0.8547186423475824,0.6646251861511728,0.4074074074074074,0.0,4.517928280534691,0.16582909216909428,0.7045454536087293,1.074380165181374
harsha2311,0,1301,27.0,1.1275720164609053,0.6666666666666666,0.8664328883249618,0.8539968398241783,0.18518518518518517,0.0,3.7445255441243805,0.19382793679736643,0.3464566926433133,1.1232718892846085
BadBoy15,0,807,33.0,0.8525252525252525,0.5333333333333333,0.8002043708810461,0.7774381813573009,0.3333333333333333,0.0,3.5971563938848528,0.28738382786215544,1.0350877180724838,0.7856777495842546
mccascot,0,1092,16.0,1.7261904761904763,1.5714285714285714,0.5877464566805519,0.6321749633909699,0.1875,0.0,2.2068965504456597,0.4053051446845072,0.4907749074828637,1.0279720279555968
magnum_carleson,0,1196,16.0,1.2083333333333335,1.0,0.9817330124557679,1.538983732450272,0.1875,0.125,3.3103448248466107,0.04886869581199936,0.3461538459142011,2.6249999975625
Ghosty687,0,1560,36.0,0.6604938271604938,0.5555555555555556,0.6935435863762015,0.6555884031776951,0.4166666666666667,0.0,3.028037378593065,0.14684989726576264,0.7556818170998193,0.8135593222898593
MarcusClaudiusTacitu,0,1986,22.0,0.9772727272727273,0.5,1.1669692351123455,1.044745911290079,0.4090909090909091,0.045454545454545456,5.372093017758789,0.3620861640617543,0.3142857140342857,0.6538461541390531
mislitell,0,1876,47.0,0.5560283687943262,0.26666666666666666,1.165679554923547,1.4071458076333245,0.2127659574468085,0.1276595744680851,5.27551019459379,0.22973839645137567,0.41784251188659627,0.7039085550242693
Villein_ns,0,1865,45.0,0.9333333333333331,0.46153846153846156,1.3598873334274817,1.1124041696897926,0.2,0.022222222222222223,5.604395598390896,0.3891844188126589,0.48582995907095683,0.23585467590098752
phegde2,0,1595,22.0,0.6242424242424242,0.4666666666666667,0.795642765659325,0.8476484793509939,0.13636363636363635,0.0,3.203883490013197,0.09777687188827094,0.4235880393129974,0.7166666670562499
Dionisius,0,1852,37.0,0.7867867867867868,0.6666666666666666,0.855166277630956,0.8663973474926299,0.2702702702702703,0.02702702702702703,4.236641215989307,-0.3652412817397983,0.6279306822506899,1.6381578936599508
jumhardi123,0,1891,30.0,1.2755555555555556,0.6666666666666666,1.0573118909165389,0.9766922846200805,0.16666666666666666,0.0,4.181184665711615,0.07666671306751731,0.3412087909824122,2.7763157868442683
Chessholic12,0,1647,26.0,1.2130177514792897,0.46153846153846156,1.5486786971260156,1.4698653457402708,0.11538461538461539,0.07692307692307693,6.7219512139706845,-0.021138255821155794,0.3555555552987655,0.1581920907973603
DoctorAgeb,0,1371,28.0,1.1666666666666665,1.3333333333333333,0.5207081963770694,0.6839607222023817,0.32142857142857145,0.03571428571428571,2.285714283755102,0.0782233956464032,0.6749999994684374,0.7500000001874998
FoMa-PAN_64,0,1691,37.0,0.8898128898128898,0.7692307692307693,0.7113248583814514,0.7494637015577665,0.2972972972972973,0.0,3.457943921347498,0.3801685779177849,1.2121212106887052,1.256292905852552
riskovono,0,1871,22.0,1.6060606060606057,0.6666666666666666,1.1717877392873202,1.1073313220374321,0.45454545454545453,0.09090909090909091,4.981132072370239,0.4754842884175236,0.4740740738212345,2.5333333316466664
SwagyDogster,1,1355,17.0,1.1372549019607843,1.3333333333333333,0.659694015616786,1.0318102068909367,0.35294117647058826,0.11764705882352941,2.344827584145065,0.10332484404482756,0.5432098761810699,0.6274509806551326
Jalil8619,0,1543,20.0,1.5230769230769228,0.7692307692307693,1.3886225630855376,1.005753410479046,0.2,0.0,5.858585854739314,0.37632442730944854,1.5490196066585935,0.9800000000129999
bortniks,0,1286,22.0,0.42045454545454547,0.32499999999999996,0.6903064589218896,0.7677593110829242,0.18181818181818182,0.0,2.4972972913577793,0.4340886990821261,0.5177372952183621,0.5289256206912099
Kikyreskiawaliya,0,892,17.0,1.9607843137254903,1.3333333333333333,0.7042726741071812,0.5596663214074136,0.35294117647058826,0.0,3.399999998266,0.024167647533864967,0.7359307355962218,1.450292397376423
Westernshark,0,1746,17.0,1.7983193277310923,1.0476190476190477,1.3924223055937728,0.9138888932581141,0.23529411764705882,0.0,6.037383174212858,0.062303056531496974,0.4892473115885941,0.6050029088415463
Ghostneam,0,1076,31.0,1.09247311827957,0.8,0.8098186898386779,0.8334312536373883,0.1935483870967742,0.0,3.1732283435520645,0.33189870213007633,0.889175256941326,0.671452702952443
PensadorPreguicoso,1,1288,45.0,0.5925925925925927,0.6666666666666666,0.8944271894905699,1.2192448406342726,0.5555555555555556,0.3111111111111111,3.3749999943046873,0.5797487514864236,1.1724137910416172,0.5150501678395936
elvescavalheiro,0,1826,46.0,0.8057971014492753,0.4,1.1649123807246158,0.9718062478211311,0.17391304347826086,0.0,5.129496396511957,0.10483142559555134,0.5961538454659764,1.4821428564002705
NiceandDandy,1,1232,22.0,0.6969696969696968,0.6666666666666666,0.9335178488164262,1.2227909522928306,0.5454545454545454,0.2727272727272727,3.826086951032137,0.218984935497211,0.5952380944940476,0.7692307695236686
U_win,1,1862,24.0,0.5625,0.3611111111111111,1.288788761301611,0.8901721318373634,0.375,0.0,5.925925915390947,0.1504189489808372,0.3707317067962403,1.6129032243829344
AYB777,0,1840,74.0,0.625,0.25,1.4425952566196873,1.3594146324231386,0.33783783783783783,0.17567567567567569,10.39999998336,0.39752645841814305,1.018724694720954,0.23333333408977774
jklmsdhd,1,1753,20.0,1.7,0.3666666666666667,1.7489712459945013,1.418870556237839,0.15,0.0,6.156862741476355,-0.1598403057963363,0.09716599185857822,10.086956492107753
stardustbowie,0,1560,37.0,0.676962676962677,0.5714285714285714,0.7304933613546113,0.63760552661206,0.2702702702702703,0.0,3.5171102609642686,0.02426598969279762,0.48430493211972897,1.078305519776981
King401,0,1895,45.0,0.8355555555555554,0.6666666666666666,0.8419727197331448,0.7298422499626255,0.2222222222222222,0.0,4.308510633141411,0.08607030870219236,0.7543103439741101,0.8784383319909276
La_Mazet,0,1458,27.0,1.0648148148148149,0.5,0.8247586567127049,0.8048062410177086,0.2962962962962963,0.0,3.286956518652249,0.3003230502598131,0.6273809518730725,0.5754527166087227
ptokala,0,1664,30.0,1.25,0.75,0.9563820707244568,1.2330992182856464,0.1,0.06666666666666667,3.7999999969599996,0.08899108145785456,0.6590909086115702,0.7241379312247326
tavohn,0,1721,30.0,1.1333333333333333,0.6666666666666666,0.6470588229584775,0.6915991673291099,0.5333333333333333,0.03333333333333333,2.9411764679930794,0.23017883993208293,0.7982456133733842,1.2173913041351607
scroca,1,1590,33.0,1.0303030303030303,0.6666666666666666,0.8442764753221624,1.1919021085096493,0.42424242424242425,0.18181818181818182,3.8823529374083043,0.08563692005931528,0.4279069764008654,0.6588235296847058
gyorihitman,0,1600,35.0,0.8057142857142857,0.4,0.919758477150252,1.1541494368711576,0.2,0.02857142857142857,3.226950350604849,0.12249465377982634,0.5728674844158752,1.203405017642285
marcoswilson,0,1451,34.0,0.6666666666666667,0.6666666666666666,1.283377893914429,1.36220679798872,0.38235294117647056,0.38235294117647056,6.9999999895,-0.048264119858338554,0.6433566425029588,1.0
Gods-Own,0,1481,25.0,1.3866666666666665,1.3333333333333333,0.6650621712815641,0.9635624998813547,0.28,0.08,2.8846153825351335,0.41248583408053857,0.6898954699289539,0.6253101739148322
AbylayKk,0,1324,57.0,0.6619883040935672,0.26666666666666666,1.1744107418919836,1.29073360741009,0.19298245614035087,0.07017543859649122,5.035335681439555,0.3064702249391691,1.23161244499267,0.3481432367323952
shess1968,1,1841,31.0,0.6838709677419353,0.4,0.8813562790226707,0.9077392413220357,0.12903225806451613,0.0,3.119496850784384,0.3660531596988333,0.4761904756235829,0.6827445656053394
lobopadel,0,1639,55.0,0.6133333333333334,0.26666666666666666,1.6238205734775897,1.5488311102065284,0.21818181818181817,0.09090909090909091,9.782608679702268,0.2562968355982734,0.5016534384392798,0.4378078824276744
KILLERERROR403,1,1612,15.0,1.9466666666666663,1.6,0.5432446782584869,0.6670482300271119,0.2,0.0,1.9863013688426536,0.39476659986323737,0.6334269659985522,1.254166666518403
lobantey,0,1691,40.0,0.65,0.6666666666666666,0.7427050428553379,1.1991602245981603,0.475,0.275,2.051282048126233,0.24782097584067334,1.1666666647820516,0.950000000075
i_w_w_a_m_g,0,1781,17.0,0.6143790849673203,0.4444444444444444,0.729014539196894,0.6284919938751523,0.35294117647058826,0.0,2.8936170165667723,0.45275963537963543,0.6486486477019724,0.8518518520740739
yehiaax,0,1669,16.0,2.2916666666666665,1.3333333333333333,0.8479435499107897,1.0346778854752958,0.5625,0.0625,2.9090909078214877,0.2393228243208983,0.36734693864056644,1.7499999995500004
rustamgalin,0,1623,23.0,0.749163879598662,0.3076923076923077,1.2648984575741862,0.8218370935340857,0.391304347826087,0.0,5.544642849741751,0.1727146921606623,0.38306451572743233,1.0204402515447522
mohamadrezagoll,0,1524,22.0,0.8121212121212121,0.6,0.7016512990490508,1.0621821729299736,0.22727272727272727,0.045454545454545456,2.791044772682669,0.203193977726122,0.5717821776233947,1.8510638282933458
skd2000,1,1934,39.0,0.8717948717948718,0.6666666666666666,0.9188529019938634,1.1754939068053785,0.46153846153846156,0.20512820512820512,4.588235288854672,0.27687313505995104,0.9374999989453127,0.5640625003882567
Lobo_solitario_1,0,1991,38.0,0.9192982456140354,0.5333333333333333,1.0867880770651575,1.6219343195127842,0.13157894736842105,0.07894736842105263,3.770992362310179,0.35600432730552467,0.36087866074812674,0.24170616164955858
snaju,0,1460,21.0,1.6825396825396823,0.6666666666666666,2.0189560892748375,1.0934816928269857,0.47619047619047616,0.09523809523809523,9.905660371471166,0.3560609563779975,2.1999999980200005,2.3030303017272726
nbarr,0,1160,16.0,1.5535714285714284,1.0476190476190477,1.0857929292626323,0.936280993057223,0.125,0.0,4.7203065103716035,0.24755160578632968,0.6846846842960799,2.575342463940702
uc94,0,1821,33.0,1.0707070707070707,0.6666666666666666,0.749985165878855,0.9296568233889132,0.5151515151515151,0.09090909090909091,3.7358490531146313,0.07043609916700573,0.47407407369481486,0.9773755656317439
tamnsh,1,1724,32.0,1.0208333333333333,0.6666666666666666,0.7298593765196343,1.112145437390047,0.375,0.15625,3.2653061192503126,-0.14784121089213573,1.0833333322499998,1.2272727270247936
tron_apis,0,1488,49.0,0.35918367346938773,0.26666666666666666,0.7855077938942568,0.7042008303731985,0.3877551020408163,0.0,4.083333321964962,0.3846771118290693,0.7799999979259089,0.7409395979413539
Lune_dor,1,1137,23.0,0.8502415458937196,0.4444444444444444,1.147445958774478,1.0626381539560645,0.21739130434782608,0.043478260869565216,5.48863635718098,0.1709154738270992,0.6296296289606482,0.8369565219145791
Flintern,1,1803,58.0,0.6413793103448276,0.26666666666666666,1.6374398074658594,1.3831565021324423,0.22413793103448276,0.05172413793103448,9.458781347259606,0.13059560197476086,1.614005599324836,0.14814814891060812
optimaboss,1,1499,26.0,1.2564102564102564,0.6666666666666666,1.2678089492879494,1.1181958417042654,0.19230769230769232,0.038461538461538464,6.013605437390531,0.1607806023493377,1.8843749980920708,0.8148148149485597
FearTheDragon,1,1760,54.0,0.7321937321937321,0.46153846153846156,1.166335514689176,1.380197362954571,0.24074074074074073,0.1111111111111111,5.463035011994066,0.4372710384489716,0.7073509006328857,0.253658537224307
Konon_Varvar,0,1933,28.0,0.904761904761905,0.6666666666666666,1.1850873933425559,1.3489955011544037,0.39285714285714285,0.2857142857142857,5.1578947311412735,0.04238137252729382,0.4700854696937321,0.8095238097142856
erikroberto,0,944,16.0,1.7333333333333332,1.7333333333333334,0.7097170029461607,0.8594140356938815,0.25,0.0,2.3076923063609467,0.07451766197170871,0.42988505726743936,1.337078651458149
vitalyashpak,0,1777,46.0,0.7391304347826085,0.6666666666666666,0.8246957182886702,1.2271891293940802,0.45652173913043476,0.2608695652173913,3.607843132373703,0.46705158275115816,1.0448979577506705,0.41666666722569445
hok_sh10,1,1925,24.0,1.0666666666666667,0.775,0.8311413220038201,0.9466887081275115,0.375,0.0,3.562499996660156,0.5453578309290339,0.46726862264510893,0.7594501720196973
MikeViktor13,0,1347,34.0,0.9558823529411765,0.625,1.0257051251290028,1.0738327142054085,0.5,0.058823529411764705,5.230769225297041,0.3093169641722981,0.6602316595892727,0.30000000047599995
Schmarrding1,0,1496,61.0,0.5428051001821493,0.4444444444444444,0.959473376002879,1.0484410870921164,0.21311475409836064,0.08196721311475409,6.140939586002095,0.39104355307933736,0.7874015734081469,1.2852822574627487
anotherzero,0,1732,18.0,1.5185185185185184,1.3333333333333333,1.131717829315228,1.554037461987294,0.3333333333333333,0.2777777777777778,4.829268289502677,0.22839893235875747,0.0,3.099999997165
AliCakmak78,0,1447,18.0,0.7444444444444446,0.575,0.718126072093228,0.900843098706406,0.16666666666666666,0.0,2.8880596976130537,0.051477113438280576,0.4164502159814846,0.7748344373545019
adammclean,0,1723,47.0,0.8772504091653027,0.6153846153846154,0.9440077268223139,1.236266291768314,0.3191489361702128,0.06382978723404255,4.208955219082703,0.4509497683372138,0.9553990599541151,0.5092857147049243
UTHRED97,0,1955,51.0,0.6666666666666665,0.4444444444444444,1.0374260070399188,0.7736509901955669,0.3137254901960784,0.0196078431372549,6.999999989500003,0.3542415645189446,0.9239940373848671,0.40064102626535775
Vista_gazer,0,1377,23.0,0.36811594202898545,0.2,1.3697619290598344,0.7837488832397514,0.2608695652173913,0.0,7.062992106797385,0.05219981883882153,1.7460317402116399,1.6141304325797499
vulgarartist,0,1286,33.0,1.01010101010101,0.8888888888888888,0.6456004950236145,0.8673751534863726,0.2727272727272727,0.030303030303030304,2.6399999973864,0.11428449688632535,0.5278688520111934,0.8687782806641141
ftita_mohamed123,0,1888,49.0,0.6530612244897959,0.6666666666666666,1.312334643659123,1.410085505911463,0.3469387755102041,0.42857142857142855,7.145833322391278,0.05084097063501735,1.2831168810272355,0.6857142861183674
CanadianCapablanca,0,1609,36.0,0.7350427350427351,0.46153846153846156,1.3357423684873624,0.8577321189285976,0.16666666666666666,0.0,6.488372084196052,0.35128737636272594,1.0400616318496838,1.2933333328757335
paul_zm,0,1742,27.0,1.2921810699588478,1.1111111111111112,0.7533176779888665,0.739908765218333,0.25925925925925924,0.0,3.267515921038196,0.13630542361585238,0.7939849618150037,1.3142857140028572
tableyuri,1,1265,31.0,0.48172043010752696,0.4,0.6469364605404861,0.5896055885789268,0.16129032258064516,0.0,2.629464280255799,-0.14433531932605118,0.7681498813928669,1.7207278460485598
heymemoli,0,1811,42.0,0.8677248677248677,0.6666666666666666,0.8508665132883262,1.1874683139441422,0.14285714285714285,0.07142857142857142,2.8170731674852028,0.5199664573382307,1.1115384602302663,0.47747747792232764
BLASPHEMOUSCHESS1,1,1795,35.0,0.9846153846153846,0.7692307692307693,0.9112393435154565,1.1886776221678979,0.2571428571428571,0.05714285714285714,4.53124999539795,0.035076482223796515,0.8350168342127445,0.6582491585352452
Nvvt8A2k7,0,1499,42.0,0.4391534391534392,0.4444444444444444,0.6760957982965143,0.8023451832282423,0.3333333333333333,0.047619047619047616,3.5421686666328926,0.3060519162612251,1.0181818158492564,0.9761904762440481
Globuss_01,1,1686,18.0,1.5185185185185184,1.3333333333333333,0.6675088865557385,0.5963098788477043,0.2222222222222222,0.0,2.634146339728733,-0.09798341042510628,0.7295918363047557,0.9523809524115647
sergio_7,1,1461,28.0,0.2785714285714286,0.13333333333333333,1.1932493251969727,1.038360585760943,0.25,0.03571428571428571,5.264957246057417,-0.13222550212693884,0.3838383827333945,0.7205882361570068
viktor190446,0,1395,35.0,0.8076190476190477,0.6666666666666666,0.6869000010955731,0.5324776543043034,0.4857142857142857,0.0,3.6320754672008495,0.26160260156640985,1.3602150518712064,0.6833785007798765
daleoeste,0,954,51.0,0.6568627450980392,0.5,0.8185856226822779,1.0623851217125808,0.21568627450980393,0.0784313725490196,3.4253731291136114,0.44313428728028353,0.9870370355382031,0.4861711328158838
CortadorChile,0,1879,19.0,1.0760233918128652,0.6666666666666666,0.8482440433476287,1.0467649829426233,0.3684210526315789,0.05263157894736842,3.7173913008930772,-0.36633592057403075,0.41999999966925006,1.2230769228452663
christianlbmtz,1,1453,20.0,1.6666666666666667,1.3333333333333333,0.6387487765236032,0.5981551153316,0.3,0.0,2.39999999856,-0.013893624534570074,0.5454545451570247,1.2727272725413223
Joniwarrior,0,1649,45.0,0.8613756613756611,0.6666666666666666,0.9218049768356852,0.9110073549290922,0.2222222222222222,0.0,3.538083533976059,0.5832026107299491,0.7586206888311532,0.3498686903201266
cosmos411,0,1564,15.0,0.6222222222222221,0.4444444444444444,0.9239813276546613,1.2923294319826397,0.26666666666666666,0.13333333333333333,2.857142852551021,0.24468406679209234,0.37162162112445224,1.5749999987924999
ChessChildren,0,1720,32.0,0.8500000000000001,0.8,0.683467648526641,0.9081669058886342,0.21875,0.0625,2.8235294084429063,0.38154415247159196,1.0989010975803046,0.7435897438527285
NastyNate419,0,1025,27.0,1.2037037037037037,0.75,0.9340374907108329,1.0056257883647746,0.07407407407407407,0.037037037037037035,4.361538457915029,-0.10821325674841857,0.6262626258071625,0.4915966389664854
JuliaJr,0,1660,21.0,1.7460317460317458,1.3333333333333333,1.2986961031419157,0.9291308079593814,0.2857142857142857,0.047619047619047616,6.490909087191571,0.3211516723254329,0.6260869561950849,0.7575757576969696
AmirKazuya,0,1967,15.0,1.1555555555555557,0.6666666666666666,0.8804248563349859,0.8559365780581976,0.4666666666666667,0.06666666666666667,4.038461534966715,0.3634931995137654,0.8478260862377127,0.5468750002973632
Azim2a,0,1409,17.0,0.49411764705882355,0.4,0.5762582483788852,0.47299981017613085,0.29411764705882354,0.0,2.428571423656462,0.2119217120271893,0.5416666656886574,0.758169935067282
jmgk,0,1586,18.0,0.6740740740740742,0.4,0.9723256745234133,0.8687339865928557,0.16666666666666666,0.0,4.153846147683854,0.4090183825361965,0.7350230404965994,0.44444444503968267
Bpang,0,1454,30.0,1.0518518518518518,1.0,0.6072693272342184,0.6360100739195018,0.26666666666666666,0.0,2.5352112651953975,0.13920115384897208,0.9391304339006425,1.0285714285438774
BakuBeastLivesOn,0,2000,22.0,0.7848484848484848,0.3,1.6087974232951878,0.9785963306454749,0.22727272727272727,0.0,7.984555974382613,0.2926919308353566,0.1995967739762455,1.7263157882121885
Giv512,0,1256,37.0,1.0115830115830113,0.5714285714285714,1.2107040278960695,1.0759647394299312,0.24324324324324326,0.0,6.496183199685071,0.21032905197590226,0.20951901268466747,0.5539049239392885
pclndev,0,1781,21.0,1.1428571428571428,2.0,0.8660254030266664,1.1866504124902886,0.5714285714285714,0.42857142857142855,1.74999999846875,0.021358941442918996,1.1607142846364795,1.818181817159091
DRT7,0,1778,46.0,0.7681159420289854,0.6666666666666666,1.1297145177686891,1.4468220368556497,0.2826086956521739,0.391304347826087,5.207547163031685,0.3967443617280716,1.717171714517906,0.29268292742444973
sri_1234,0,1416,32.0,0.7166666666666667,0.4666666666666667,0.9415015093838194,1.046845846823949,0.125,0.03125,4.465116272839373,-0.031264725739866044,0.17421602767538452,1.3243243237983928
Hamid_sc,0,1688,44.0,0.6242424242424242,0.5333333333333333,0.7007126425965724,0.6713729944544272,0.4318181818181818,0.0,3.4174757226807433,0.401987700130237,0.9663299647926232,0.7758620692843342
salva2r,1,1501,20.0,1.0666666666666669,0.7333333333333334,0.8300978850159826,0.8660487575790167,0.15,0.0,3.2499999969531244,0.3583949493547683,0.5607235137554837,1.7586206886741975
LeoHolmes,0,1571,20.0,1.3333333333333335,1.3333333333333333,0.987420882166009,1.3324048076439974,0.25,0.2,4.499999996624999,-0.13613155260863205,1.5194805181337068,1.8571428562244905
pijagachess,1,1729,30.0,1.2,0.6666666666666666,0.7229341214695227,0.8729823579959302,0.4666666666666667,0.06666666666666667,3.3333333305555555,0.22756649148334673,0.7499999994375,0.6875000002197265
Anton12345678910,1,1302,20.0,1.5666666666666669,1.3333333333333333,0.5259237058050815,0.5186154278424303,0.35,0.0,2.1276595731100043,-0.05747458159194921,0.8108108103177499,0.9583333333593749
thrillainvanilla,1,1209,22.0,0.7878787878787878,0.4666666666666667,0.9441818085929439,1.087316828719576,0.18181818181818182,0.0,3.8076923028594676,0.020609121844385177,0.40117416788529076,0.8181818183916083
camaleo,0,1520,29.0,0.9655172413793105,1.3333333333333333,0.7384791620575665,1.2978804105606885,0.3793103448275862,0.2413793103448276,2.761904759044217,0.6004602789342884,0.857142856285714,0.4666666670666665
ChrisGazdowicz,0,1673,36.0,0.7592592592592592,0.6666666666666666,0.9290730209588264,1.155637861990085,0.5277777777777778,0.2222222222222222,5.268292675988103,0.35516138533927333,1.0043290030051162,0.7083333336614585
AndresMosquera,0,1756,18.0,1.6666666666666667,1.3333333333333333,0.7333333328933334,1.1489491068602926,0.2777777777777778,0.1111111111111111,2.79999999832,0.12026340936448073,1.081081080423667,0.6666666668333333
Zamoadop,1,1040,24.0,1.1666666666666665,1.3333333333333333,0.8921425704350775,1.248038018632913,0.5,0.3333333333333333,3.4285714256326534,-0.036317602759837635,1.5199999985560004,0.7500000001875
flusslauf,0,1630,38.0,0.9423558897243106,0.5238095238095237,1.2120541944790597,0.9444454432028534,0.15789473684210525,0.0,6.164893610479276,0.3342338716774481,0.7113997106963957,0.2702702707620983
Lalo_Barrera,1,1264,33.0,0.3878787878787878,0.26666666666666666,0.762162662486237,1.027653700197813,0.30303030303030304,0.030303030303030304,2.7499999929101566,0.06981569227293051,0.24761904708253962,0.8841354726516504
Binhdzlqt12345956,1,1077,49.0,0.17006802721088432,0.13333333333333333,0.8997066135583365,1.3299959863168236,0.20408163265306123,0.16326530612244897,4.311999974645441,0.08973896182724267,1.1781249928208006,0.9150000004781249
protoinsider,0,1672,31.0,1.2043010752688168,0.6666666666666666,0.8601138977709625,1.1111988908270838,0.45161290322580644,0.12903225806451613,3.3214285686706004,0.19352673810586063,0.9153846146452661,0.937500000050223
EvgeniReiman,0,1841,47.0,0.6572104018912528,0.6666666666666666,0.5578207754096507,0.8493039306402975,0.19148936170212766,0.0425531914893617,2.3669064712187007,0.4114479564652745,0.7336206886021739,0.7494658122982516
helldarkkira,0,1660,17.0,1.7254901960784315,1.3333333333333333,0.8695966572100742,1.1783805710280402,0.35294117647058826,0.11764705882352941,3.4772727252574893,0.17222126017048006,0.47142857120632653,0.9735449735600907
Warrior2024,0,1798,20.0,0.7333333333333332,0.4444444444444444,1.0718023733158695,0.7229278081380528,0.25,0.0,5.151515144490359,0.18251864728717962,0.29999999966250007,1.9999999979545449
scroca,1,1594,24.0,1.1388888888888888,1.0,0.8188005032612736,1.186308428605287,0.0,0.16666666666666666,3.5121951188673406,0.2872521726272606,0.68303571374142,1.2777777775
leo_agui,0,1960,19.0,0.631578947368421,0.0,1.4315665229250338,1.258361701734923,1.0,0.631578947368421,4.2222222155370375,-0.33357574411016133,13.714285590857145,0.4500000006187501
bgslim,0,1554,46.0,0.7246376811594202,0.6666666666666666,0.9935793864987984,1.2938541602132398,0.45652173913043476,0.30434782608695654,4.599999993652001,-0.21530863323110164,1.9501466242633145,0.4285714291346938
Gabrielcelesta,0,1771,56.0,0.4547619047619048,0.33333333333333337,0.744984047532546,0.6427210063041947,0.4642857142857143,0.0,3.5183245995932126,0.339435528348448,0.7248484833328925,0.8018867928453186
iso42,0,1219,18.0,1.8888888888888884,1.3333333333333333,0.9430129137290757,1.185939478954339,0.3333333333333333,0.1111111111111111,4.235294115404845,-0.018558987389884117,0.5571428568841836,1.2173913042202271
FarPrimeMachine,0,1223,27.0,0.6226851851851852,0.3125,1.0113027425041694,1.5874865953700492,0.25925925925925924,0.1111111111111111,3.9144981349774604,-0.222643488159187,0.31896551684542207,0.8684480988607808
nickgo73,0,1650,25.0,1.2876190476190477,0.2857142857142857,1.3133429006609765,1.311611562320348,0.16,0.0,4.659763309990568,0.4173767677062436,0.3303249095594723,0.08013851137935521
minidogwalker,0,1747,34.0,1.0784313725490193,0.6666666666666666,0.8349790903679312,1.1950316873394757,0.38235294117647056,0.17647058823529413,3.090909088042976,0.3957107038197615,0.7521367515003285,0.5714285717408162
Andreas_Rivadeneira,1,1571,32.0,0.7361111111111112,0.6666666666666666,0.7097450131416304,1.0560296529396096,0.1875,0.0625,2.7169811283844783,0.3344313234317736,1.0237154136177178,0.6060606064903582
Jay_patel13,0,1790,30.0,0.9111111111111111,0.8888888888888888,0.6371100220150442,0.6338097649569666,0.23333333333333334,0.0,2.9268292650803094,0.2820963557936067,0.8961038951612414,1.04999999994375
lskra,0,1947,18.0,0.8024691358024691,0.4444444444444444,1.1082263656006412,1.047204866305873,0.3888888888888889,0.05555555555555555,4.707692301825799,0.3309757407799403,0.920833332211068,1.321428570963648
skd2000,1,1912,30.0,1.0888888888888888,0.6666666666666666,0.715450943953488,0.9702179593921384,0.5,0.1,3.0612244869845897,0.30997372917090965,0.6754385959313248,1.0416666666276042
Abozeinalden,0,1789,22.0,1.1748251748251748,1.0,0.7264831566384033,1.18658074946464,0.13636363636363635,0.045454545454545456,2.226190474295564,0.00690916061648411,0.4658385089876452,0.6969696971885522
Ages1991,1,1835,15.0,0.8592592592592591,0.6666666666666666,0.9001915494493713,1.0837021726158476,0.26666666666666666,0.06666666666666667,3.103448272250298,0.4117945807071564,0.6976744178745268,1.7960526302591762
vicky_ps,0,1752,19.0,0.9473684210526315,0.7692307692307693,0.7381172028921279,1.145316790594746,0.10526315789473684,0.05263157894736842,2.4358974333262107,0.01444052083332006,0.8245931275764412,1.3891304342877366
admintop1,0,1751,31.0,0.8602150537634409,0.6666666666666666,1.0636023680726945,1.448486265438434,0.25806451612903225,0.3548387096774194,4.649999994594375,0.04380409781446357,0.44545454502933873,1.036184210483466
ab_niazy,0,1730,35.0,0.9333333333333332,0.6666666666666666,0.9985412089485075,1.3190279330116084,0.42857142857142855,0.2571428571428571,4.285714281122449,-0.003204637517760473,0.6216216210420014,1.6265432089889402
ccsmooth612,0,1407,20.0,0.52,0.33333333333333337,0.7382656421129747,0.7317629709233804,0.35,0.0,2.8205128150887573,0.12015485512780147,1.2545454519793386,1.6896551706302023
Mc-CarlosMePe,1,1056,38.0,0.5587044534412954,0.3076923076923077,0.8853637288096035,0.9744197653896359,0.21052631578947367,0.02631578947368421,3.579710138520375,0.3661294615848658,0.88571428416236,1.0597014924272665
Jabez2013,0,1606,45.0,0.6153846153846153,0.46153846153846156,1.0878112563710216,0.8471369988643803,0.2,0.022222222222222223,7.249999988218751,0.354146445904471,0.7058823518615919,0.6677604598411551
ramo1988,0,1019,27.0,1.1604938271604937,1.3333333333333333,0.7265264282660304,1.3329191507174107,0.2222222222222222,0.2222222222222222,2.2978723384454507,0.22503588778132516,0.4156249997038671,1.1496598638066082
drakik,1,1497,18.0,1.0,0.8888888888888888,0.579721326920224,0.6433631381536828,0.3333333333333333,0.0,2.22222222,0.4269890437731963,0.861538460703432,0.7234042555574919
egold2020,0,1445,31.0,1.0107526881720428,0.6666666666666666,0.6556353042545774,0.6826638419508716,0.16129032258064516,0.0,2.4184397139193456,0.4428519090907361,0.6270627057397967,0.6944444446990741
Milo1302,1,1252,17.0,1.1111111111111112,0.6666666666666666,0.751469148625857,0.6683158229237546,0.11764705882352941,0.0,2.7999999974799996,-0.22372177042217078,0.39285714257933657,1.909465019363512
oay90bymo,1,1231,22.0,0.5151515151515151,0.3333333333333333,0.9187376147283695,1.5341320540989325,0.09090909090909091,0.13636363636363635,3.142857136756303,0.14624322080612326,0.5898876394751295,2.3055555513668975
Tron442,0,1847,17.0,0.6143790849673203,0.4444444444444444,1.0710393981420927,0.7361942669622833,0.23529411764705882,0.0,4.702127651921005,0.3713464607043184,1.938461534435503,3.288888880648888
AjScealf,0,1425,35.0,0.64,0.4,1.0702043253548,1.5263539390597756,0.14285714285714285,0.14285714285714285,4.374999993164062,0.10573623095689726,0.39988009542700725,1.888888886865079
sportsteam,0,1625,20.0,1.3222222222222222,0.6666666666666666,1.4374170029614592,0.7465818137027838,0.3,0.0,6.890756297309512,0.029833530330751225,0.49392097233698984,2.051282050069034
khalilelmasry,0,1687,50.0,0.31360000000000005,0.24,0.9838343473275852,1.149467814182218,0.14,0.06,5.102040800057267,0.059125446750923204,0.6356589128346403,1.54545454324085
WAYLON99,0,1409,26.0,1.358974358974359,0.6666666666666666,1.0404766542503843,0.9764106310225095,0.46153846153846156,0.07692307692307693,4.905660373748665,-0.12239072689477361,0.6312292354620257,1.3043478258289227
cingots,0,1846,24.0,0.7870370370370369,0.4444444444444444,1.0212279724646474,1.0496873969281888,0.125,0.041666666666666664,3.9529411714480287,0.2521782462583532,0.36111111074999996,0.9767441860757163
Nimzowitch2010,1,1784,64.0,0.7139423076923077,0.46153846153846156,0.9855547253934044,0.9399745007204127,0.1875,0.015625,4.740740734100512,0.22700387829601823,0.7941567054378821,0.891719745366384
Rocket507,0,1904,20.0,1.466666666666667,0.6666666666666666,1.1003380389688786,1.2590415432054305,0.45,0.15,4.090909088119833,0.0727070485208117,2.33333333110606,1.4444444440740742
ahmads1000s,0,1814,17.0,1.2850678733031675,0.6153846153846154,1.1033213451063362,1.2995216360540658,0.29411764705882354,0.058823529411764705,4.190140841809784,0.02585633931864886,0.36662452570567106,1.4060606056766942
korchaChess,0,1476,17.0,0.784313725490196,0.6666666666666666,0.6670832023557858,0.9013436906158631,0.7058823529411765,0.11764705882352941,2.5499999967487503,-0.2240373485283987,0.6057692301401627,0.8888888890222224
justanothercoach,0,1729,24.0,1.1203703703703702,0.8888888888888888,0.9657405819556821,0.674059449857584,0.4583333333333333,0.0,5.157024788785465,-0.41111352203112794,1.6738095221058251,1.3725490192133796
El_Condor,0,1544,19.0,0.8187134502923976,0.4444444444444444,0.8585702390265589,1.0636615721078113,0.3157894736842105,0.05263157894736842,2.7142857109704086,0.0744077446541482,0.9930555543452693,1.7249999987765627
Arnulfo_Gian24,0,1966,48.0,0.6847222222222222,0.5333333333333333,0.9424499135031893,0.8579440357000632,0.2708333333333333,0.0,4.478701819016907,0.2177697040227348,0.8020565541565283,0.8961538462976332
yashdeep_nmje,0,1361,25.0,0.30133333333333334,0.2,0.9716798007620043,1.082947360864057,0.16,0.04,3.3185840597834595,0.2900241521685543,0.673076921135355,1.0449927429531451
milano1234,0,1386,19.0,0.9894736842105262,0.5333333333333333,0.9749645148058587,0.8689595397031432,0.3157894736842105,0.0,4.177304960317264,-0.15456701809252918,1.1294117635100345,2.2724999978526563
Mary055,1,979,23.0,1.1594202898550723,0.6666666666666666,0.8681877669604552,0.7558518445675678,0.5217391304347826,0.043478260869565216,4.5999999960325,0.10174920418105927,1.1249999989875,0.6775362321153906
nachshonaryecohen,0,1711,36.0,0.9629629629629627,0.6666666666666666,0.8067760362161571,1.194661297643185,0.4166666666666667,0.19444444444444445,3.4615384579437882,0.2868577059491568,0.47568710317923696,0.5757575761046831
goizrago,1,1271,20.0,0.8625,0.75,0.7009160739319087,0.9390326228006978,0.25,0.05,3.1884057934047467,0.3713421046994606,0.59999999936,0.8157894738781164
billybrig,0,1896,46.0,0.782608695652174,0.2222222222222222,1.6501236578874687,1.3144195906750966,0.45652173913043476,0.10869565217391304,7.9506172737914955,0.42701787522596857,0.7522388050607264,0.148936170837483
Raafotofish,0,1492,44.0,0.712121212121212,0.4444444444444444,1.0594472361193,1.102567136402115,0.18181818181818182,0.06818181818181818,5.617021268708013,0.13842582972137565,1.5580524319360347,0.42424242481818153
Milo1302,1,1246,30.0,0.6592592592592592,0.5555555555555556,0.7511301073261856,1.3947545866829607,0.3333333333333333,0.16666666666666666,2.6966292093927535,0.11282437767143687,0.6971830976194208,1.6969696955440765
kaka1986,0,1751,41.0,0.8780487804878049,0.5333333333333333,1.056847810767438,0.969998843437084,0.17073170731707318,0.0,4.7074074020461945,0.16003794034072202,0.2539682537263794,0.7173778605102843
jab12,0,1733,26.0,1.2307692307692308,0.7777777777777777,1.0518942340765296,0.8231633983511002,0.19230769230769232,0.0,4.874999996039062,0.26067636604329414,1.69999999847,0.8227848102578114
Ffarmand007,0,1620,25.0,0.6506666666666666,0.3333333333333333,1.1232349748858066,0.996113171812358,0.24,0.0,4.713114746854845,-0.10871229614201128,0.499999999385246,0.35664335730133506
morocco-2018,0,1631,59.0,0.655367231638418,0.6666666666666666,1.2770264937163445,1.3856234960951732,0.4067796610169492,0.4067796610169492,6.10344826654905,0.4822520417400306,0.7193877540670034,0.33720930299607893
PetrPavl,0,1353,30.0,1.1333333333333333,0.6666666666666666,0.962383622037742,1.2742065053287581,0.36666666666666664,0.2,4.117647055190312,0.26762576133090904,0.798245613373384,0.6451612905801247
Frode_Crow,0,1667,15.0,0.7555555555555556,0.6666666666666666,0.6689694935942847,0.7394653053349054,0.13333333333333333,0.0,2.058823526686851,0.23102960380663667,1.0989010973795437,1.249999999625
ssanaboyina,1,968,20.0,0.7933333333333334,0.5666666666666667,0.815991915421179,0.6468398518390718,0.25,0.0,3.2773109202386834,0.2714776777004669,0.6049382709327845,1.833333331845239
marcomira,1,1339,26.0,0.7948717948717949,0.6666666666666666,0.6722795274269423,0.6660497794848571,0.11538461538461539,0.0,2.5161290290926117,0.19667836860945984,0.5777027020703525,0.8979591837952935
smashingpatzers,0,1867,21.0,1.1957671957671958,0.8888888888888888,0.7789621616376072,1.3183695520465526,0.2857142857142857,0.09523809523809523,2.9734513249469803,-0.07590093918031365,0.7736263730142737,1.2765957444160252
yankeevictor,0,1128,24.0,1.1611111111111112,0.7333333333333334,0.9231226342717943,0.8513646616061853,0.125,0.0,3.904306216733133,-0.1253266938073816,0.32996894387073183,0.9904761904843538
Arturo_rivera2020,0,1757,34.0,1.0392156862745099,0.6666666666666666,0.7962621821020567,1.1750657770215531,0.35294117647058826,0.17647058823529413,3.8490566000697752,-0.04635972432335327,0.6459948314779762,0.8928571429547193
juanvelez,0,1953,29.0,1.274220032840722,0.7619047619047619,1.0177247314184508,1.189515659447763,0.10344827586206896,0.0,3.1391752552683543,0.2583237416302728,0.4972281446464743,0.6978978980979387
ZhMykyta,0,1847,16.0,1.3333333333333335,1.0,0.7705517497932082,1.1326995162794289,0.0,0.125,2.499999998125,0.11309820832067091,1.5714285700816326,1.461538461112426
kaspoor20,0,1757,32.0,1.0625,0.7777777777777777,0.7048830974324912,1.0885449724225211,0.34375,0.0625,2.5098039192064587,0.11234307015951929,0.4023809520446767,0.70000000024
enjinraudut,0,1994,26.0,0.6837606837606838,0.4444444444444444,0.8689073585783614,1.3829671062235123,0.23076923076923078,0.15384615384615385,3.2499999952468754,0.14726427146241916,0.3440643859035764,1.105263157732687
geor,0,1873,40.0,0.5733333333333334,0.3333333333333333,1.0627932402174398,0.9860845774172868,0.15,0.0,4.418604643455922,0.45111074206189045,0.4083080034880037,1.4225352103749254
charliedawg,0,1538,23.0,0.782608695652174,0.4,1.2562928006260765,1.156051132145313,0.21739130434782608,0.043478260869565216,6.133333325496296,0.10934130586955088,0.739285713394611,0.9303482587922328
Jimmyyyd,0,1616,21.0,1.252747252747253,1.2307692307692308,0.5443310535173074,0.6465197722336818,0.42857142857142855,0.0,2.3333333314707594,0.011075501846884201,0.8499999993554169,1.3116883113988864
Pawn-Destroyer,0,1440,27.0,0.5299145299145299,0.3076923076923077,0.9393690161989996,1.0168210784887113,0.14814814814814814,0.037037037037037035,3.483870961167534,0.43361434188078823,0.6202531634852587,0.4642857150158411
Asep_Sg,0,1880,36.0,1.0384615384615385,0.9230769230769231,0.7524790095307375,0.6591201897730349,0.2222222222222222,0.0,4.296296292159122,0.005290384479981065,1.2120060778121258,0.6418918921749908
Crippled_bishop,0,1564,33.0,0.9015151515151515,0.5,1.0374663438068104,0.9936228841023851,0.15151515151515152,0.030303030303030304,4.991596633118565,0.2505246361756563,0.4928571423944606,0.957128614204032
RhaegarSunrider,1,1148,25.0,0.872,0.6666666666666666,0.814260023073194,0.925297238876365,0.24,0.0,2.9816513727274643,0.2373057925443372,0.4177259883554101,1.011834319512972
Pisco10,0,1930,57.0,0.2619883040935672,0.13333333333333333,1.1895960242584984,0.9996012156332132,0.3157894736842105,0.03508771929824561,7.633928542290139,-0.06285879766510348,0.708791206279284,1.0006269592452548
zackessou10,0,1519,16.0,0.8055555555555556,0.6666666666666666,0.7290473960558713,1.0527964285735758,0.25,0.0625,2.48275861760761,-0.033342253236197425,0.838095237107483,1.7619047605986398
Marshmello841,0,949,74.0,0.39459459459459456,0.26666666666666666,0.7294654513264813,0.7176585033154191,0.3108108108108108,0.013513513513513514,4.054794510272097,0.3872067643122474,1.224750495756774,0.6466165420907063
Specklebelly,0,972,20.0,0.5733333333333334,0.4,0.7646177764697875,0.7430496451100906,0.15,0.0,2.790697669551109,0.6102708658393617,0.7777777764814816,0.5636363642314052
LenardoG,0,1308,23.0,0.5217391304347825,0.35,0.9073197691613224,0.8653956467033289,0.17391304347826086,0.0,3.6416666596868064,0.4280951549145222,0.8311688296576152,0.4846072194058584
WDELSSIR,0,889,51.0,0.7228758169934641,0.4666666666666667,1.1159008769947611,1.1032151211918482,0.11764705882352941,0.0,5.072332723543698,0.2784885977592331,1.029151775883766,0.28373266141088155
Seradriel,0,1725,25.0,1.0133333333333334,0.8888888888888888,0.723564582700036,0.7176342890857176,0.4,0.0,3.0701754355667124,0.2816630597839839,0.34345794362189935,0.774193548583767
cyanideriot,1,1199,22.0,0.6545454545454545,0.4,0.9667754154581272,0.967799895973413,0.13636363636363635,0.0,4.354166660014468,0.5565112615323347,0.21328413257373946,1.1984732821094342
riggers96,0,1036,21.0,0.9555555555555554,0.4,1.3504973158518343,1.2069442409275681,0.14285714285714285,0.0,5.023255808696594,0.3209315947367216,0.21660649801900198,0.6911217440242684
Faisalbash,0,1389,22.0,1.2097902097902098,0.8461538461538463,0.7935092019093706,0.7396956123149413,0.13636363636363635,0.0,3.0520231188645126,0.4319459085077088,0.9464285706595983,0.46610169523876044
goizrago,1,1288,38.0,0.7697368421052632,0.5,0.7898934246532683,0.6690552150537628,0.23684210526315788,0.0,4.2222222167369425,0.34059022399243577,0.9677419342351717,0.6250000003958333
Lorena2706,0,1441,50.0,0.6933333333333332,0.6666666666666666,0.9214729641102557,1.3035661690293796,0.44,0.32,2.884615380454882,0.13648285163907073,0.9523809510204083,0.625000000439453
drakik,1,1497,21.0,1.3544973544973544,0.6666666666666666,1.2297182722140596,1.1739448200100848,0.2857142857142857,0.047619047619047616,4.593749996608521,0.2422010917210377,0.40909090883987603,0.4284221528557273
Andreas_Rivadeneira,1,1285,16.0,0.7499999999999999,0.6666666666666666,0.20621349464467917,0.20133244153091862,0.5625,0.0,1.4814814795061733,0.3351421321422942,1.1538461522485206,0.8000000002400001
eduardo27chaja,0,1923,19.0,0.5964912280701755,0.3333333333333333,1.3565170113694196,1.0354657909206308,0.2631578947368421,0.0,6.147058813224048,0.46930977179994204,0.7712765945139205,2.742857137255101
F7aura,0,1632,67.0,0.5186567164179104,0.5,0.957942776045354,1.2597485808148816,0.2537313432835821,0.16417910447761194,5.784172650718286,0.5332568724127316,0.8156779645809394,0.3266402723478616
IsraelMedeiros,0,1627,22.0,0.8787878787878788,0.6666666666666666,0.7371571828312331,1.2310695855139062,0.36363636363636365,0.22727272727272727,2.275862066375743,0.14919249487679376,0.5590062106332702,1.0714285713443876
AmrFathalla,1,1802,16.0,0.3916666666666666,0.2,1.1821441997978532,2.040902691455511,0.125,0.3125,3.5744680759800818,0.13013138674016578,0.17701149391716214,0.5161290331945891
Checkessssss,0,1582,56.0,0.739010989010989,0.3076923076923077,1.6553690859205257,1.3346678815605988,0.2857142857142857,0.08928571428571429,10.825278795760589,0.47416986059407223,1.4098360634705727,0.2511627913315738
medina_17,0,1504,19.0,0.9684210526315788,0.6666666666666666,0.8369957319520636,0.8770153573446751,0.10526315789473684,0.0,3.7862318801482755,0.24210858325931667,0.87999999912,0.8370629372167586
Flipp3rS,1,1930,31.0,0.5268817204301075,0.4,0.7566999075016898,1.2193554638680446,0.3548387096774194,0.06451612903225806,3.416326524128197,0.4374984735395409,0.9894179875490888,0.544354839371098
Ages1991,1,1859,22.0,0.707070707070707,0.4444444444444444,0.818659929236147,0.9546419955665756,0.2727272727272727,0.045454545454545456,3.45714285225347,0.2429816093554306,0.8571428559857146,0.7073170735240928
virtualk-0,0,1751,51.0,0.7241830065359477,0.5333333333333333,0.8411629804733579,0.7185021953149322,0.3333333333333333,0.0,4.787003603498091,0.4244670449332798,1.1601731585157702,0.5960413859580068
dcapz,0,1087,20.0,1.3875,1.0,0.8226858125108472,0.7166263155983751,0.35,0.0,3.603603601006412,0.27172689098831954,0.6249999995833333,0.4800000002773333
Haddokk,0,1706,31.0,0.8043010752688171,0.4,1.1613700292992684,1.3888360784711948,0.0967741935483871,0.03225806451612903,5.387700528060747,0.1937351771958277,0.7003366995585484,0.5545212770222668
Nakamura_99,1,1540,37.0,0.5153153153153153,0.26666666666666666,1.083081110991886,1.1525392060665642,0.24324324324324326,0.05405405405405406,4.398601390065652,0.5207389226812553,0.9771428552583675,0.3428571437020409
Liza_1991,0,1914,43.0,0.6046511627906976,0.0,1.5191090481131273,1.1012706359925903,1.0,0.6976744186046512,3.307692302221894,-0.20830413133361123,1.9780219737833595,1.1136363634375
Mohamedsamir1111,0,1125,27.0,0.9135802469135803,0.8,0.5696999832144807,0.6371873625927548,0.2222222222222222,0.0,2.3351351325791088,0.08552260801547734,0.5975723616923893,1.0459770114427271
koquiles,0,1694,15.0,1.4461538461538461,1.0769230769230769,0.868439643312613,1.28818951171671,0.2,0.06666666666666667,3.617021274094613,0.19077385373040878,0.7647058818656285,0.7922297298574804
LacHQ,0,1600,32.0,0.8541666666666666,0.6666666666666666,1.141661436562782,1.3746772278085406,0.40625,0.3125,5.46341462775015,0.1712639604817511,0.5333333327999998,0.8636363637851241
oscarwow2,0,1412,15.0,1.6533333333333333,1.6,0.6409810808032258,0.9099690323868298,0.13333333333333333,0.0,1.9354838697970864,-0.029938589105297536,1.0110294111513976,1.1342592591722394
hamidsorena,0,1391,46.0,0.3913043478260868,0.26666666666666666,0.7892626463584989,0.7980384931002573,0.32608695652173914,0.021739130434782608,3.7481481385695483,0.4573723515479139,1.0711071079272532,0.5697674427234318
julianjandet2,0,1559,23.0,1.3043478260869568,0.6666666666666666,1.1558404198421237,1.3931570803394648,0.21739130434782608,0.08695652173913043,4.599999996473332,0.2509147350722515,1.8841698823366377,0.47378277182825174
kaboomer69,0,1657,37.0,0.9369369369369369,0.6666666666666666,1.0522587696695664,1.437356354034958,0.24324324324324326,0.32432432432432434,4.980769225453218,0.33385209403392074,0.9947368410450831,0.8771929825789473
bober_lun,0,857,27.0,0.8500881834215166,0.6666666666666666,0.9298309861546132,0.8306032082541507,0.25925925925925924,0.0,3.9211618211134893,0.19664745131826528,0.893229165640849,1.0173913043271834
rajanchopra,0,1809,55.0,0.29333333333333333,0.2,0.7102871851340011,0.5805496671360822,0.23636363636363636,0.0,4.545454529958677,0.32065366688512265,0.6981059119762323,0.7515756309918941
Steve-58,0,1896,23.0,1.0241545893719806,0.4444444444444444,1.091000108409998,1.4795805289146828,0.17391304347826086,0.13043478260869565,4.339622637272162,0.13603034911281697,0.2312925168262529,0.8827160494902263
D_Silva_CMS,1,1057,26.0,0.38461538461538464,0.3333333333333333,0.8842322447190896,0.7487642658078995,0.3076923076923077,0.0,4.679999987832,0.1820291656442176,1.1586206864589772,1.2727272719214875
Mauro4683,0,1741,38.0,1.0,0.5333333333333333,1.0942700298326464,0.8789628226302165,0.34210526315789475,0.0,4.1333333292,0.05274496479393462,0.9999999989999999,0.6101694918392703
stnayrb,0,1641,45.0,0.7008547008547009,0.46153846153846156,1.0917461125330645,1.1077384415175526,0.08888888888888889,0.044444444444444446,4.829268285792385,0.23231048010466315,0.7515527940297637,0.5403252577205013
EzMoveOne,0,1936,39.0,0.8717948717948718,0.6666666666666666,0.9971123231771256,1.3810299968162414,0.3333333333333333,0.3076923076923077,4.588235288854672,0.6205225261731152,0.8130081291889748,0.2612500005263593
skd2000,1,1933,16.0,1.1111111111111112,0.5555555555555556,1.0488088472262236,1.2592591885896216,0.25,0.0625,3.3999999969399997,0.1596948986992916,0.22689075616738758,1.3529411760968864
Autoinductivo,0,852,50.0,0.3813333333333333,0.2,1.100171363562845,1.0948295881881747,0.16,0.02,4.545454533534647,0.6980307070253953,0.5396825383975815,0.22746781240214412
danjbrookes,0,1498,34.0,1.0470588235294118,0.6666666666666666,1.0455879765257374,1.2854454348844326,0.20588235294117646,0.058823529411764705,5.475655425482051,0.4397419995220334,0.7879273497170793,0.3484848489043847
seimohy00,1,1512,22.0,0.6242424242424243,0.4666666666666667,0.8990417062030951,0.7728044368819623,0.13636363636363635,0.0,4.378640769684702,0.22276719973588197,0.7666666655166668,0.7758620692843342
ShovedARookUpMyButt,0,1134,18.0,1.4814814814814816,1.3333333333333333,0.6633249576233355,1.0982950767358375,0.3333333333333333,0.1111111111111111,2.2499999984812495,0.24920198575369554,1.4999999988749997,0.9047619048231292
miguelmonjarasf62,0,1669,19.0,1.0035087719298244,0.5333333333333333,0.7823421682244212,0.8401364033332459,0.2631578947368421,0.0,2.524475521959876,0.05217698409196194,1.0111111100999999,0.7188679247669989
Mintra,0,1962,33.0,1.0303030303030303,0.6666666666666666,0.7140055466024112,0.9166138563148967,0.5454545454545454,0.09090909090909091,3.2352941145069205,0.24001421835388975,0.49612403059239224,1.585139318146326
Danocash,0,1838,50.0,0.4666666666666666,0.2222222222222222,0.8531653727988798,1.0744266058525027,0.42,0.1,3.3333333261904765,0.49281352073377765,0.5320197034428403,0.43835616524910875
behzadsheikh,0,1791,36.0,0.3994708994708995,0.19047619047619047,0.9794834053459976,0.7531087141230126,0.4166666666666667,0.0,4.529801313163809,-0.05369894588727712,0.5390624988060607,1.6964285690781253
bishop1988,1,1925,16.0,0.8416666666666666,0.6666666666666666,0.6643999623713116,0.5343096363498155,0.375,0.0,2.693069303731007,0.25844677990888354,0.4374999995898437,0.8703703705144032
Argomago,0,1725,40.0,0.4733333333333333,0.26666666666666666,0.9017384940109253,1.0175214904764973,0.275,0.05,4.788732384249157,0.1115718071366975,0.6189723308451452,0.9189189190832724
dfaniel,0,1620,33.0,0.9985569985569984,0.6666666666666666,0.9078917508567148,0.7763559809127942,0.24242424242424243,0.0,4.578034677496275,0.2269758710325103,0.5402542368074009,0.5390374335070881
kapjaki,0,1769,16.0,1.4615384615384617,1.0,0.9999999993157893,1.3943418855001344,0.1875,0.0625,3.684210523795014,0.04807790100275456,0.5755102037609912,1.0266666666481776
vcoremushroom,0,1191,20.0,1.333333333333333,1.3333333333333333,0.5477225570943742,1.0010629475687336,0.4,0.1,1.9999999985000003,-0.2308472410748821,1.1612903216815817,0.8181818183057852
hamid-aylien1394,0,1548,24.0,1.0384615384615385,0.9230769230769231,0.621589919163116,0.6612548510006425,0.3333333333333333,0.0,2.518518516093278,-0.06417431881419759,0.681818181213843,1.6129032250353799
hamadad,0,1601,58.0,0.606896551724138,0.4,0.9961184983955375,1.2090112483963222,0.13793103448275862,0.06896551724137931,4.39393938669938,0.43453075428621196,0.7200631900526682,0.5000000006178978
markusgenesis,0,1649,38.0,0.5842105263157894,0.26666666666666666,1.5651869415964834,0.9831295217831527,0.34210526315789475,0.0,8.672672657827558,0.31812128884465957,0.35444444393050006,3.012048185862243
GibranRhadikaY,0,1430,18.0,1.1025641025641026,0.8153846153846154,0.8449896865436761,0.8505688259073306,0.2777777777777778,0.0,3.6279069734537583,-0.005065394392961847,0.7406374495758579,0.5693430659999201
onbodem,0,815,45.0,0.7209876543209874,0.4444444444444444,0.9030712164926317,1.236633391528957,0.3111111111111111,0.1111111111111111,4.00684930951105,0.21488782045287277,0.9631336392248033,0.4831913945211892
Rudi-kdi,0,1460,25.0,1.3066666666666666,1.3333333333333333,0.699258844322478,0.7765151904044962,0.28,0.04,3.0612244874531442,-0.034906503630848205,1.0303030295068871,1.1328671327584234
slowben,0,1072,16.0,0.775,0.6333333333333333,0.9592820172435476,0.8616200370048782,0.25,0.0,3.784946231675338,0.12930200544122764,0.35766423326335983,1.6956521727032137
lazypawn76,0,1672,15.0,0.9629629629629631,0.6666666666666666,0.9778614501888793,1.181823246423179,0.2,0.06666666666666667,3.230769227414201,-0.6268085400716759,0.9545454535692149,3.864583325813802
jiga000,0,1539,24.0,1.3055555555555554,0.6666666666666666,1.0678646878058575,1.3555530379772587,0.375,0.20833333333333334,4.085106379849706,0.5890935999580506,0.6563706559182928,0.34285714319510197
souleyus2,0,1143,25.0,0.7493333333333334,0.3333333333333333,1.1302168378527973,0.9958958422202797,0.28,0.0,4.181494656341421,0.39820298722591213,0.35396182725911635,1.1033653844700269
overalsalt931,1,1046,21.0,1.6825396825396826,1.3333333333333333,1.0633209656778655,1.2675771594788132,0.38095238095238093,0.14285714285714285,3.9622641485884658,0.016332316520857953,0.9868421046788435,0.645161290494277
sayede,0,1963,22.0,0.8484848484848485,0.5555555555555556,1.1992533566306922,1.0392486739379696,0.5454545454545454,0.045454545454545456,4.9761904703256805,0.29395216273786956,1.4456521719331286,2.49999999690625
scbtg,0,1620,26.0,0.9076923076923076,0.6,0.9009306749545632,1.0875021713600839,0.11538461538461539,0.038461538461538464,3.378531069724218,0.25639176015070114,0.9107142847385205,0.8061224491724802
roddy3219,0,1905,30.0,0.48666666666666664,0.3333333333333333,0.7284357387267109,0.6785037413770738,0.3333333333333333,0.0,3.561643828297992,0.08700928036709342,1.0285087697983755,1.5465116264771497
lucasdanlovessoccer,0,1939,23.0,0.9758454106280194,0.6666666666666666,0.6806525633538743,0.9643433782005009,0.21739130434782608,0.043478260869565216,2.5049504924825508,0.3754313239383012,1.141203702491175,0.7076023394352108
AmrFathalla,1,1797,36.0,0.6055555555555556,0.43333333333333335,1.004786120818155,1.4436930414020068,0.2222222222222222,0.08333333333333333,4.51376146043599,0.026688281393811752,0.5612244889369012,0.43421052698580326
jooo72,0,1199,26.0,0.5743589743589743,0.4,0.8632594245878481,1.1828820192737333,0.23076923076923078,0.07692307692307693,3.0178571376028387,0.34784367353490986,0.4617283944076131,0.6969696974173555
Aldaas,0,1717,27.0,0.8945868945868947,0.6153846153846154,0.8373313419867942,0.8218166934127796,0.2962962962962963,0.0,3.6114649641158465,0.35249079061639854,0.9842342331391628,1.0962301586172218
sladkov128,0,1572,20.0,0.980952380952381,0.5714285714285714,1.4508311136707197,1.2919928009685726,0.3,0.05,6.796116497926289,0.21188147914258848,0.3519553069735339,0.4405594409702186
matter3462,1,1211,32.0,0.875,0.6666666666666666,1.1338934177318036,1.3862028474681958,0.40625,0.3125,5.333333327238096,-0.08149457788042659,0.49999999949999996,0.9090909091900826
Golden_Horse,0,1983,29.0,0.9425287356321836,0.6666666666666666,1.1461396339026189,1.4137538936213105,0.06896551724137931,0.13793103448275862,5.894308936835714,0.16161376210711928,0.4059829056315746,0.9800000000210002
ZeroMissedCalls,0,1703,29.0,0.6973180076628351,0.4444444444444444,0.6732955454977637,0.6661414722452257,0.2413793103448276,0.0,2.54945054579447,0.3447769159479408,1.0810344811650265,0.7653333336290132
gim_joke,0,1038,25.0,0.3546666666666667,0.3333333333333333,0.6676928785472817,0.7046649827823563,0.28,0.0,2.631578939948555,0.208909385364717,0.7170329651714391,0.735966736608979
daxruhs,0,1115,25.0,0.6133333333333333,0.4444444444444444,0.7266638328280729,0.6228523082644615,0.2,0.0,3.6231883998897296,0.33095163817661494,1.207547167760769,0.7530364375979118
capivaraevoltion,0,1356,30.0,0.9999999999999999,0.6666666666666666,0.8828498551587974,0.7672544480456074,0.16666666666666666,0.0,3.1111111080000007,0.05600811661049266,0.39024390209637116,0.9565217391729678
FRIPPR,0,1789,17.0,0.9934640522875817,0.6666666666666666,0.8087557550085187,0.7143710973812176,0.11764705882352941,0.0,3.5789473648185592,0.04891120754221677,0.8571428563163266,1.0412698412273924
ROM0505,0,1717,33.0,1.1131313131313132,0.6666666666666666,0.9069145470095533,1.0571596045230838,0.12121212121212122,0.0,4.012704170623795,0.33053077712771783,0.7752066108975479,0.8720691074705796
ariotofmyown,1,1945,22.0,0.3878787878787879,0.33333333333333337,0.8477912457049467,1.2918993698828614,0.36363636363636365,0.13636363636363635,3.7812499902514642,-0.1305717466692151,1.2121212088154267,0.7777777782870368
skd2000,1,1931,27.0,1.0617283950617284,0.6666666666666666,0.5734338602012052,0.8414097811110957,0.4444444444444444,0.07407407407407407,2.5116279046111405,0.31402261044195706,1.5166666650741667,0.9727891156715258
Jesus-is-The-Messiah,0,1651,72.0,0.6752136752136751,0.3076923076923077,1.2442464910365647,1.331418518672151,0.20833333333333334,0.09722222222222222,7.518987330636437,0.2525974407621587,0.6203652454087354,0.4170403593561102
Bizinga,0,1742,16.0,1.625,1.3333333333333333,0.5223474044853084,0.8612785844583294,0.5,0.0625,2.4615384600236685,0.16817750627424044,1.118279569189039,0.6250000001875001
toanabc123456789,0,1999,44.0,0.818181818181818,0.6666666666666666,0.8486251276583174,1.202109281910334,0.4772727272727273,0.22727272727272727,3.2592592552757207,0.2500055370372429,0.8455284542946659,0.6875000003222653
dev_5005,0,1486,26.0,0.871794871794872,0.5555555555555556,1.13319084393937,0.7730185159637655,0.5,0.0,4.58823528885467,0.20048476830823392,0.46070460661626667,2.187499997829101
Ilnomeutentedevecont,0,932,26.0,0.9743589743589742,0.4,1.6101134645234925,1.0207571399702187,0.11538461538461539,0.0,8.484210517608313,0.3283259101931198,0.32647462251397136,1.6760563370997816
Scippo,0,1071,39.0,0.7948717948717948,0.5,1.0069348496369923,1.0302295402563064,0.1794871794871795,0.05128205128205128,4.717741929548648,0.46110802606869733,1.590062109588982,0.4040229890263708
ch02kh,0,958,20.0,1.2714285714285714,1.1904761904761905,0.8061661808970931,1.1186842829633499,0.15,0.0,2.6966292113622017,-0.3223006155351958,0.6409090904502583,0.5523255816686383
luispahissa,1,1713,29.0,1.1111111111111112,0.8888888888888888,0.7124508446081711,0.7552247117888153,0.1724137931034483,0.0,2.7999999974799996,0.2870116894160546,0.5468749995693359,0.46185567045260917
shadowwhite92,0,1804,25.0,1.28,1.0,0.861715561990881,1.1278646954571674,0.28,0.04,3.1249999975585934,0.40355217624304557,1.4074675312245741,1.0138713745161971
OMW2FYQ,0,1850,23.0,1.478260869565217,0.6153846153846154,1.1216244460342715,1.7625945021314313,0.17391304347826086,0.13043478260869565,3.4343891379482305,0.1694757738166303,0.29999999982794123,0.31111111140962966
SwagyDogster,1,1355,19.0,0.8421052631578947,0.6666666666666666,1.1441275167868472,1.5280263486169579,0.2631578947368421,0.42105263157894735,3.958333328632813,0.3109894855111433,0.4333333329108332,0.6428571432015304
maxliebtkathi,0,1268,28.0,1.098639455782313,0.7619047619047619,0.7078553160847184,0.7254730037107048,0.35714285714285715,0.0,2.9473684183698876,0.30858000040214256,0.6024793383724437,0.8044692739035921
carcara_candango,0,1576,28.0,0.9428571428571427,0.6666666666666667,0.9171917400091916,0.8277307507773216,0.14285714285714285,0.0,3.6767676728680754,0.3808392242532354,0.3999999996666667,0.8504672898663639
jacePH,0,1747,35.0,0.8133333333333332,0.6666666666666666,1.02148005595289,1.1382153733939897,0.22857142857142856,0.02857142857142857,5.327868845908358,0.2662798980692114,0.38083538040027404,0.3998148153249722
abn1976,1,1763,15.0,0.5466666666666667,0.26666666666666666,1.0863930444185534,0.8126730735164088,0.4666666666666667,0.0,4.634146332986317,0.15505950832361703,0.4714285706877551,2.114583330082465
maikl567856,0,1863,54.0,0.6337448559670782,0.4444444444444444,1.263216516399116,1.3298844657547313,0.24074074074074073,0.14814814814814814,7.36363635201712,0.30229365418351783,0.9035409021508405,0.25203252106404916
Lune_dor,1,1134,24.0,0.6111111111111112,0.4444444444444444,0.8984222458252238,1.0864177230601253,0.2916666666666667,0.08333333333333333,3.636363630413223,0.16734340265521125,0.8536585352736465,0.4347826093591683
oo7djjazz,0,1718,31.0,1.103942652329749,0.6666666666666666,1.1484147621037275,1.0424083481144617,0.22580645161290322,0.03225806451612903,6.038961033490681,0.11107030303562397,0.3699897222202341,0.6149193551182037
BlunderBandido,1,1356,24.0,0.8576923076923078,0.5538461538461539,0.9510850266339426,1.1729228805157164,0.16666666666666666,0.0,3.7309416996858977,0.5926513014956268,0.9866071417119738,0.510158013975256
RM24,0,1386,22.0,1.4747474747474747,0.6666666666666666,0.9918035258972265,0.8359508634129649,0.22727272727272727,0.0,3.616438353712141,-0.07630817123201401,1.2266666657834664,0.7590361447220207
B60758411RAUL,0,1697,25.0,0.9333333333333332,0.6666666666666666,1.456862716608443,1.523000338414398,0.36,0.4,6.4285714216836745,0.10110224724282518,0.12878787868836084,7.153846126153848
semenyr,0,1261,59.0,0.512241054613936,0.2222222222222222,1.473343005176222,1.5684476518922972,0.3050847457627119,0.288135593220339,7.374999985602481,0.28488182468733353,0.9590222842697853,0.1967551631695291
alzeir11,0,1021,19.0,0.6877192982456141,0.5333333333333333,0.6058337790699824,0.6351860718447306,0.21052631578947367,0.0,2.132653058123438,0.20900454909827593,0.8505997807287285,0.6076923081449703
GaburiEri,0,1899,16.0,1.1083333333333334,0.7666666666666666,0.8337054205405245,0.8537326033998811,0.3125,0.0,3.0676691701645087,0.31900134242891237,0.929411763885813,0.3233830849810648
Jokerr2021,0,1594,42.0,0.9377289377289377,0.5384615384615385,1.0601133569738237,1.0273391414942779,0.2619047619047619,0.023809523809523808,4.429687495276154,0.1672454106121117,1.0266666655655665,0.5802469139339277
Ebrahim133,0,1867,40.0,0.5055555555555555,0.4444444444444444,0.8222688544847622,0.8797027498404211,0.225,0.05,3.9560439482188143,0.016241729487023775,0.545454544498229,1.1162790695240665
ssameer13,0,1855,28.0,1.357142857142857,1.3333333333333333,0.6756094561326985,0.924682312095537,0.25,0.07142857142857142,2.9473684188808864,-0.028133437733593353,0.41999999973540003,1.5909090903450416
stravigor,0,1900,77.0,0.4935064935064935,0.4444444444444444,0.9311293191656422,1.108376428992992,0.2597402597402597,0.1038961038961039,4.5029239674838415,0.5099134719309396,1.8320610645486857,0.2783882793160649
Gambitsbuster,0,1964,28.0,1.0952380952380951,0.6666666666666666,0.9233374157480528,0.9960122050925999,0.5,0.10714285714285714,4.869565212945179,0.15874865373772867,0.6581196575627875,1.4210526311135736
JJ_Jaque,0,1684,20.0,1.8444444444444446,1.3333333333333335,0.7108433731085788,0.8782163132531661,0.15,0.0,2.2891566252649147,0.2236967055680203,0.8906249995303344,0.7473684211722992
JVirgilio90,0,1283,22.0,1.309090909090909,0.8666666666666667,0.9468469797279245,1.2636642091805952,0.2727272727272727,0.045454545454545456,3.6666666638657404,0.06242635786810784,0.6925418564629334,0.6615384617532544
wkassimou,0,1525,35.0,0.9396825396825398,0.8888888888888888,0.7285400705319403,1.1963794450910836,0.14285714285714285,0.08571428571428572,3.547297293522302,0.40125026229848026,0.5078347573855194,0.46745230119714803
RiyanChamp,0,1926,58.0,0.48275862068965514,0.0,1.42300502538415,1.1580766251460546,1.0,0.6551724137931034,5.523809512367347,0.12050608461173277,2.3999999938285717,0.7500000004531251
magnus_chacho_2024,0,1615,22.0,0.2848484848484849,0.23333333333333334,0.5826835697684152,0.5280612127354991,0.4090909090909091,0.0,2.340425523698505,0.1791089592447978,0.5075187954899583,0.9583333334765625
Gothasdev,1,1655,65.0,0.6672064777327936,0.42105263157894735,1.1160193102273865,0.9466997190373001,0.26153846153846155,0.0,5.995145622082518,0.3383817323214642,0.8642213629639608,0.3401887736333062
JandroOlem,0,1787,16.0,1.0416666666666665,0.6666666666666666,0.8183452129774368,0.8047198000971348,0.1875,0.0,2.5599999975424,0.47402704170773313,0.8253968246303856,0.8292682928328373
MUHAFIZI89,0,1535,50.0,0.6853333333333333,0.4,1.353509647886857,1.3122618408815496,0.12,0.08,8.560311271555966,0.4802489717837352,0.6515837095227371,0.4357541905351737
Robustian,0,1113,19.0,1.543859649122807,1.3333333333333333,0.5251918182185163,0.8386587233660255,0.3684210526315789,0.05263157894736842,1.7272727261539256,0.23331752053442548,0.5042016804053386,0.9857142857234694
mgag2002,0,1786,34.0,0.8039215686274509,0.6666666666666666,1.2524811766340131,1.4474010838620281,0.3235294117647059,0.38235294117647056,5.804878041559787,-0.17406104789965582,0.970779219583082,0.24242424300964185
KXAVM,1,1740,34.0,1.0457516339869282,0.8888888888888888,1.0841903650890445,0.7904362951798672,0.29411764705882354,0.0,6.374999993903906,-0.10876479835921872,0.42352941142837375,0.927710843440122
maaziokunammiri,0,1247,22.0,1.515151515151515,1.0,0.9491048407899646,1.2238266397812847,0.0,0.13636363636363635,3.5199999976768,0.24104574677566942,0.6043956040469145,0.47058823555103796
alex1017,0,1976,18.0,0.23333333333333334,0.13333333333333333,1.198071006809136,0.7004457018460827,0.3333333333333333,0.0,5.714285689795918,0.41896725171410054,0.4333333317685186,2.3157894643351806
agcbr,0,1837,16.0,1.1875,0.75,1.2013381264108023,0.8273707799340566,0.25,0.0,5.263157890304709,-0.004611426127134958,0.3333333331111111,0.7674418606381829
alfredomaxit,0,1461,22.0,1.0505050505050504,0.8888888888888888,0.9312538462522297,1.260648892434163,0.4090909090909091,0.09090909090909091,3.596153842730584,0.2535720075979737,0.6746987945954419,2.586206893844233
rabdulitas21,0,1172,23.0,0.6408026755852844,0.6153846153846154,0.5738735495841225,0.6369850096519514,0.391304347826087,0.0,2.496868472095179,0.03088539487758589,0.9438559307736081,0.8977272728783575
JiBEX00,0,1203,31.0,1.1634408602150537,0.6,1.5749763467091422,1.199823356995871,0.1935483870967742,0.0,8.42329019608719,0.2418970332099815,0.2360026039938132,1.9942196518861306
ivv1004,0,1376,87.0,0.43984674329501905,0.13333333333333333,2.3445309204480096,1.1660644537585378,0.5057471264367817,0.08045977011494253,20.310104483441318,0.31570107780448264,2.542892149851094,0.20120320963855307
tupadre01,0,1843,17.0,0.8235294117647058,0.6666666666666666,0.891436258098429,1.3198219199654047,0.11764705882352941,0.11764705882352941,3.2380952341632656,0.47991733047237634,0.7916666657760417,4.202020191540862
Mary055,1,977,18.0,1.8518518518518516,1.3333333333333333,0.6523802568597182,0.8979609558119723,0.3888888888888889,0.05555555555555555,2.8799999984448,0.10728652128051813,0.9631336400403597,1.631578946919667
leivacks,0,1438,34.0,0.7983193277310924,0.2857142857142857,1.215924904227046,1.0900254764453656,0.08823529411764706,0.0,4.891228064048533,0.35380859701888384,0.6642512069713556,0.4540816331502369
KilleR_0123,1,1852,16.0,1.0625,0.5888888888888888,1.0672872399785678,1.3199515053118627,0.125,0.0,3.534640519549096,0.46684455151535426,0.45112781918254286,0.3563829791342236
SEBIALPHONSE,0,1169,19.0,0.8663967611336032,0.46153846153846156,1.5069640633631864,1.4392333278581941,0.15789473684210525,0.10526315789473684,6.92523363686667,0.10102114667840442,1.2061403493642273,0.38400000048048005
GRAF2112,0,1907,58.0,0.557471264367816,0.3333333333333333,0.841138561548195,0.8654384054609444,0.5517241379310345,0.06896551724137931,4.783505146058455,0.1119951866196816,0.5411764697096194,0.6440677971350188
allahikam,0,720,31.0,0.22795698924731186,0.2,0.7116234748271651,1.1834733847811878,0.1935483870967742,0.0967741935483871,2.924528289057493,0.10034028630038552,0.6262886571788978,1.0110294117160468
heavynei,0,1597,18.0,1.0601851851851853,0.29166666666666663,1.5610544441657408,1.2476272147475413,0.1111111111111111,0.0,5.423580780910508,0.11637404933564244,1.9106060583480715,1.0818181817378514
TheYetg1n,1,1401,32.0,0.7708333333333333,0.4444444444444444,1.2315351546212554,1.1279417546299266,0.25,0.0625,5.765765758285855,0.17060431696441075,0.39426877429857476,0.8500000001800001
Oscar1584,0,1773,19.0,0.7789473684210527,0.5333333333333333,1.0168613363178103,0.9902363969679817,0.15789473684210525,0.0,4.108108102834185,-0.16006239315522067,1.1270491788035812,0.822413793310122
jjoseph309,0,1077,27.0,1.168724279835391,0.6666666666666666,0.9867702523719117,0.8837269585284008,0.14814814814814814,0.0,3.802816898154632,0.3777042209230172,0.6909090903720659,0.3769448377017553
tsyxuc,0,1849,30.0,1.2888888888888885,1.3333333333333333,0.9051313612568248,1.1351434129305422,0.3,0.13333333333333333,4.655172410181333,0.505496934774973,0.7173913038331756,0.5263157897541552
xfaktor,0,1680,18.0,1.3333333333333333,1.3333333333333333,0.8333333327083333,1.0758277863714107,0.3333333333333333,0.1111111111111111,3.4999999973750002,0.0833777986953016,2.2352941152802766,1.3999999996399997
davork,0,1897,46.0,0.6666666666666666,0.26666666666666666,2.3305158938595922,1.2939543092526284,0.32608695652173914,0.08695652173913043,15.7999999763,0.2352935657898125,0.2511627903822607,1.8749999981132799
timbouktou,0,1901,29.0,1.1356321839080459,0.8,0.8902280731956906,1.1358380682644553,0.1724137931034483,0.034482758620689655,3.6396761101553463,0.29365572012529195,0.4822335021892473,0.7493917276859893
sergvcx,0,1419,56.0,0.6923076923076923,0.3076923076923077,1.8043646840351153,1.073646419474459,0.32142857142857145,0.03571428571428571,10.888888873160495,0.1675140293144806,0.26524822662754194,0.2537313439593079
Michael220514,0,1150,28.0,1.2142857142857142,1.0,0.7489580093747514,1.1469482903023003,0.0,0.14285714285714285,2.7450980369550173,0.26260789704928555,0.7317073165110053,0.5937500002666016
Anthonycast,0,1735,20.0,0.45666666666666667,0.3333333333333333,0.95648293498783,1.1701365463609357,0.25,0.05,4.2335766330651605,0.03415528975872867,0.42056074695606616,1.7959183649104538
peter-transits,1,1452,25.0,0.83,0.75,0.6302022561381669,0.5125967872632374,0.32,0.0,3.313253008056322,0.371197601308425,0.8823529401384084,0.8586762076711736
abdulmoneem,1,1659,32.0,1.025,0.7333333333333334,1.0062597379386018,1.1394374770484532,0.09375,0.03125,4.292682922641285,0.18582237079175093,0.9371900817500374,0.8923076924071006
jhonj,0,1900,24.0,1.353174603174603,0.6666666666666666,1.110035559794519,1.543296460803588,0.20833333333333334,0.08333333333333333,4.645161286889793,0.201341873792454,0.8298755180936968,0.40909090939857257
ademarp,1,1144,21.0,1.119047619047619,1.0,0.6453511010447117,0.7143685647897022,0.23809523809523808,0.0,2.4574468063146218,0.2553110093309323,0.656084655584782,0.4473304476813486
sme911,0,1448,29.0,1.071264367816092,0.8,0.7745086773825082,0.8225106777232957,0.20689655172413793,0.0,3.4849785375193867,0.21712733157059622,1.1647058812224913,0.8204301076789368
Baxti2107,0,1941,32.0,0.9166666666666666,0.6666666666666666,1.0082305903918773,1.352925011032049,0.3125,0.28125,5.0909090853553725,0.16605296611279444,0.6571428564951021,1.444444443851852
begin_n_er,1,872,20.0,0.9933333333333334,0.8,0.5765174888828144,0.646351417152226,0.25,0.0,2.2818791923336783,0.5755855096447956,1.4285714270408163,0.4752475251421429
aucten628,1,1424,29.0,1.1954022988505746,0.4444444444444444,1.9352393159604673,0.962776275003743,0.1724137931034483,0.0,10.782051273031682,0.23652863094735532,0.3591836732153935,0.4148148151561727
stativus,0,1940,21.0,0.5714285714285714,0.6666666666666666,1.0363754485295447,1.365173494995853,0.3333333333333333,0.42857142857142855,3.4999999938750004,0.10518219154669135,2.031249995048828,1.1363636361079545
hejarmacit,0,986,23.0,0.6260869565217391,0.5333333333333333,0.7388865670887232,0.8758075869498535,0.21739130434782608,0.0,2.555555551473766,0.5694061423831833,0.39793281605161956,0.9871794871998277
Philosophy9417,0,1805,27.0,1.3333333333333333,0.6666666666666666,1.3463867196786201,1.636829747263544,0.18518518518518517,0.14814814814814814,4.999999996250001,0.370056803333394,1.0298672558579323,0.560820368005437
sdm94,0,1694,33.0,0.9898989898989898,0.6666666666666666,0.6447171013459008,0.6254188651826106,0.6363636363636364,0.030303030303030304,3.3673469353738033,0.039394853517686845,0.9046052622651922,1.1550802137345653
MVigotsky1972,1,1480,22.0,0.7474747474747474,0.4444444444444444,1.0664551151650863,1.0505979781215298,0.09090909090909091,0.045454545454545456,4.756756750392988,0.17613943740169313,0.41666666619791676,0.8500000001856249
RAMAIAH1969,0,1522,47.0,0.8085106382978722,0.6222222222222222,0.7130110804915766,0.8488865886268065,0.2553191489361702,0.0,2.6385964879645436,0.4494315445527808,0.498407252580151,0.7666666669208773
prasadgunuru,0,1979,21.0,1.365079365079365,0.6666666666666666,0.9226434609463136,0.8489493492579725,0.47619047619047616,0.047619047619047616,4.395348833989454,0.06787747046680737,1.0999999991749998,2.3484848467992423
tititico,1,1059,17.0,2.1176470588235294,1.3333333333333333,0.9611806863876633,1.0570709345466731,0.29411764705882354,0.058823529411764705,4.0925925906599785,0.2044865402463825,1.6624999989089844,0.48253968271709746
Nitsru,0,1503,50.0,0.68,0.6666666666666666,1.2005701562612503,1.371850442160556,0.4,0.38,5.882352932525952,0.3148682066092074,0.6363636354958678,0.21428571498724489
mycowan,0,1371,23.0,1.5594202898550722,0.8,1.1472482742671102,1.7636880685353922,0.17391304347826086,0.13043478260869565,4.275092934061512,0.11304191098935472,0.8661684777312828,1.5247524748188899
JD1234567,0,984,15.0,2.033333333333333,1.5,0.9122328491218684,0.7495105869516917,0.26666666666666666,0.0,3.8114754079615696,-0.1263374805444956,0.6521739127599244,0.6285211269070622
Carpo30,0,1234,46.0,0.7333333333333332,0.26666666666666666,1.8552544538980074,1.1197814980096326,0.17391304347826086,0.021739130434782608,10.181818167933887,0.3145986494912824,0.4486583179092817,0.21052631644107292
hilmiaydin12,0,1660,28.0,1.2857142857142854,1.3333333333333333,0.6339719539003809,0.9009707220314244,0.32142857142857145,0.07142857142857142,2.5925925905761322,0.33500671243957497,0.6787330312250465,1.4545454541115703
claywise725,0,1145,30.0,0.5155555555555555,0.4,0.780827024294034,0.7065163921967214,0.2,0.0,3.10344826984245,-0.02920442788245423,0.8342696613746688,0.9661016949798908
kapjaki,0,1556,17.0,1.2352941176470589,1.0,0.945361032381937,1.4295765517882872,0.23529411764705882,0.11764705882352941,3.4404761876910426,0.3053921892918924,0.48972602704841434,3.2592592552427986
HALLoYd,0,1489,27.0,0.9728395061728393,0.8,0.8356076217404033,0.8947472024858192,0.1111111111111111,0.0,3.4263959355642384,0.13212020195590457,1.0515873004918985,1.1039682538556217
Miomir,0,1871,21.0,0.8317460317460317,0.4,1.0746833709447472,0.9288456191178428,0.3333333333333333,0.0,4.007633582967922,0.3665920324535686,0.40238095200731283,2.309582306927751
gurprinder,0,1329,26.0,1.3076923076923075,0.6666666666666666,0.877108597225154,1.104915160427144,0.46153846153846156,0.11538461538461539,3.5686274482514424,0.052465282033254866,0.6681818177034605,0.37837837870598967
cosmos411,0,1563,16.0,0.6666666666666665,0.4444444444444444,0.9204467500516018,1.2353859749080436,0.375,0.125,3.999999994000001,-0.040772952040563054,0.8461538449822484,0.5483870972986473
saurabh070,0,1730,22.0,0.6580086580086579,0.47619047619047616,0.9037855123672417,1.1746386781654292,0.18181818181818182,0.045454545454545456,3.763157889017833,0.35411919319289353,0.5753846145945679,0.8765432100525835
Devonian2,0,1119,39.0,0.5982905982905983,0.4,0.9193786706420641,1.140298500503318,0.23076923076923078,0.02564102564102564,3.8999999934814293,0.3554099088300817,0.6708237600593352,0.5893518523936793
Ramisla,0,1144,51.0,0.5882352941176471,0.4,0.9406695786782614,0.8082455389470764,0.09803921568627451,0.0,4.986666658189333,0.3386539923632874,0.8020833320174152,0.5949086889803044
maiwashe,1,966,15.0,1.1365079365079367,0.7619047619047619,0.7327598845874137,0.725493021448187,0.4,0.0,2.8491620086662395,0.11931533930178066,1.0658914719138721,1.8728070164183979
tutu1890,0,1493,47.0,0.7432624113475177,0.4,1.0339919364618528,1.2647477240131477,0.0851063829787234,0.06382978723404255,4.125954192922142,0.3714191079235608,1.1244755229185583,0.9154228856810164
avodroc,0,1890,18.0,1.9259259259259258,1.3333333333333333,1.273884242544652,1.6481947418076661,0.2777777777777778,0.2777777777777778,4.499999997663461,0.2546032555323996,0.4714285712341071,0.18181818206921485
parthgona,0,1614,50.0,0.8246153846153845,0.3076923076923077,1.757601316988014,0.9934225744004483,0.26,0.0,8.582089541831422,0.4878181064488224,0.39967266734874757,0.20179372255474678
ant0305,0,1490,29.0,0.9655172413793105,0.6666666666666666,1.0028304603257678,1.3677897898646756,0.3448275862068966,0.27586206896551724,4.142857138566326,0.6220687214548786,0.9633333323507332,0.4666666670666665
brasidas2,0,1573,65.0,0.52991452991453,0.4444444444444444,0.8181092879605282,0.9461205288194747,0.3076923076923077,0.06153846153846154,3.7741935412648275,0.2776076637616528,0.9737532790112329,0.7382920114475332
aliiii03,1,1775,21.0,1.111111111111111,1.3333333333333333,0.7010196648768137,1.1033340525292905,0.3333333333333333,0.14285714285714285,2.9999999973,-0.17843270799809582,0.5333333329066666,1.212121211909091
carlodm2211,1,1500,30.0,1.111111111111111,0.6666666666666666,0.880908621028992,0.9719558997990277,0.4666666666666667,0.1,4.79999999568,0.25005842178978377,0.843749999288086,0.6129032260874089
grizzly72,0,1896,15.0,1.8461538461538458,1.2307692307692308,1.1055415961862984,1.101613140005815,0.2,0.0,4.166666664409723,-0.08818338402637811,0.4324324322425127,0.9779411764823964
Chockrit,0,1733,30.0,1.164102564102564,1.0,1.0274899529335424,1.1340221638263506,0.3,0.03333333333333333,5.550660788183354,0.3174924552912429,1.5256849300125144,0.6214285716922193
tamnsh,1,1729,34.0,0.9215686274509802,0.6666666666666666,0.8043003468479211,1.2707534787794084,0.38235294117647056,0.23529411764705882,2.893617018136714,0.09034368627882247,1.1379310331878716,0.6206896555059452
Against13579,0,1704,20.0,0.8333333333333333,0.6666666666666666,0.6633249572750902,1.0185252920533936,0.55,0.15,2.39999999712,0.5316325616381437,1.324074072253472,1.4999999992500004
steve_noob,0,1430,46.0,0.6280193236714976,0.4444444444444444,0.9341641820977703,1.2149593930176106,0.21739130434782608,0.10869565217391304,3.538461532827219,0.20862512409167983,0.5665859555737884,0.4606741579305643
BARAKKUDA,0,1212,18.0,1.5061728395061729,1.0,0.8694708588441132,0.8002119688224212,0.16666666666666666,0.0,3.2459016371891964,0.1824779680391394,0.3707865166852039,0.7428571430059183
Pela2018,0,1906,30.0,0.5650793650793651,0.42857142857142855,0.7648706694382349,0.7837269446574185,0.13333333333333333,0.0,3.033707859799899,0.030172325683523373,0.47798742062608285,1.656716416366674
MaNtA0,0,1380,24.0,1.4814814814814816,1.0,0.9243240767428886,1.3395137176968464,0.25,0.08333333333333333,3.8999999973674995,0.16603420963911175,0.999999999325,1.0
KXAVM,1,1735,26.0,0.7948717948717949,0.4444444444444444,1.083249948735419,1.1930277072471867,0.19230769230769232,0.07692307692307693,4.19354838182102,0.07644503717197013,0.7619047610340137,0.6607142860687183
Kokokwikkwak,0,1982,35.0,0.9904761904761904,0.6666666666666666,0.9569119455434816,1.2820684503867958,0.37142857142857144,0.22857142857142856,4.7115384567816205,-0.4202853102611229,0.4029304026138148,0.6397849465328649
Lalo_Barrera,1,1253,41.0,0.3121951219512195,0.2,0.8891770608992527,1.0298742495772562,0.12195121951219512,0.024390243902439025,3.20312498973999,0.2942921913385733,0.5576923061372043,1.0138248847480302
Kikyreskiawaliya,0,1163,27.0,1.1111111111111112,0.6666666666666666,1.0338278377351617,0.9103362870164091,0.37037037037037035,0.0,3.719999996652,0.5579572385121957,0.9858490557202293,0.4459586469719297
kimy53022,1,1600,24.0,0.9615384615384616,0.7692307692307693,0.7814516398322291,0.7803439853041341,0.25,0.0,2.7199999971712,0.478720442843476,1.2068965503715816,0.7857142859132654
chemtrails40,0,1253,26.0,0.9999999999999999,0.8095238095238095,0.898183137214581,0.7912512330870615,0.23076923076923078,0.0,3.619047615428572,0.15804956234815568,0.5644753471629015,1.5277777771107253
Poncho_Kasti11o,0,1008,30.0,1.0717948717948718,0.7692307692307693,0.6808563678927563,0.7631737810359063,0.3,0.0,2.583732055005609,-0.0797013728945275,0.8435374142200008,0.6720000002558402
Fanes,1,1868,21.0,0.6476190476190476,0.5333333333333333,0.8149942847795041,1.2794340618070188,0.19047619047619047,0.047619047619047616,3.0882352893490483,0.3433423710365189,0.9249999986125002,0.5174825180392685
arqcap,0,1655,37.0,0.8108108108108109,0.0,1.2110601401453558,1.177295427855679,1.0,0.5945945945945946,2.4666666636244443,0.09950073535970012,0.6593406585798817,0.8289473686134868
wicho1103,0,1648,15.0,0.7466666666666667,0.6666666666666666,0.5788212268982794,0.5945571259500466,0.26666666666666666,0.0,1.9642857116549743,0.038422371551430114,0.5322580639366546,1.009615384602441
DzikiDzen,0,1660,29.0,0.754022988505747,0.26666666666666666,1.5790681649037306,1.3239287735922707,0.1724137931034483,0.06896551724137931,6.365853650094067,0.029388438109974924,1.253378376599936,1.2533333329533334
selimsahinturk,0,1929,39.0,0.9572649572649573,0.6666666666666666,0.969562281879884,1.421116658658532,0.23076923076923078,0.3076923076923077,4.1785714242063134,0.49429368685822167,0.6136363630715392,0.45000000041249993
iso42,0,1224,19.0,1.3333333333333333,1.3333333333333333,0.5848976514269286,1.0267837816490322,0.42105263157894735,0.10526315789473684,1.9999999984999999,0.18129583915238762,0.9999999992500002,0.46800000028727995
hmdhmd2019,0,1620,49.0,0.6485260770975056,0.4444444444444444,0.9786212955279806,1.3959864624351725,0.16326530612244897,0.16326530612244897,4.111888105547753,0.5312683018730624,1.5624999972034803,0.32299065488894413
A_OUIDDAD,0,1324,21.0,1.3406593406593406,1.0769230769230769,0.789612758676095,0.9313054794333028,0.14285714285714285,0.0,2.8688524568765117,0.40327531947426143,0.2718023254067781,0.6905594407528409
IReellySuck,0,1911,52.0,0.5743589743589743,0.26666666666666666,1.0614115054172626,1.0512569256271636,0.2692307692307692,0.038461538461538464,4.642857134773597,0.35738916662840314,0.33886255871173154,0.5886524828383884
KingOfTheBFile,0,1136,44.0,0.3909090909090909,0.4,0.6314380551964197,0.7826312545969141,0.1590909090909091,0.022727272727272728,3.069767434007572,0.14868883081279788,0.9630818595235089,0.7916666671440973
rascalmarcusaurelius,0,1279,30.0,0.7555555555555554,0.5333333333333333,0.8944271898161156,0.6878421916335207,0.5,0.0,4.941176464048444,0.1867319294260389,0.818702289045146,0.4285714291116447
Morff,0,1864,25.0,1.0133333333333332,0.6666666666666666,0.5302484647296202,0.6719055539232036,0.56,0.04,1.9736842085786013,-0.22596939736127597,0.7150537627834719,1.2692307689278846
calbarra,0,1804,48.0,0.7986111111111112,0.4,1.2646898630417838,1.2443961612492074,0.14583333333333334,0.020833333333333332,5.259130428197263,0.448623455007996,0.9233473968913681,0.4743589748441814
Mkkaren77,0,1948,22.0,1.5244755244755241,0.6923076923076923,0.9669655129802415,1.1765815081162447,0.0,0.0,3.1284403649203356,0.24502268963104065,0.1792452829144491,1.2708333331316186
rolandodf,0,1615,22.0,1.3636363636363638,1.0,0.683130050563011,0.8293516828866371,0.0,0.045454545454545456,2.4444444426518515,0.09345393057510638,0.8705357136736184,0.5517241381860878
Pealr,0,1744,20.0,1.3666666666666667,0.6666666666666666,0.8924963146411972,1.22860352112676,0.4,0.15,2.9268292661511004,0.5461048907046555,0.09999999993999999,0.640000000216
tjbrewski,0,1079,15.0,0.5555555555555556,0.3333333333333333,0.8436112833752,0.8092171724503523,0.3333333333333333,0.0,2.879999994816,0.5348293564096734,0.32038834909463665,0.7574626869472598
Shubhreigns,0,1272,25.0,0.72,0.4444444444444444,0.8476367343176342,1.137468673390165,0.2,0.08,3.395061723679699,0.2809511642785791,0.4472049684191197,0.8571428573265305
gurinisco,0,1570,20.0,0.7333333333333335,0.5,0.8576346471992803,0.9403415892600174,0.25,0.0,3.5227272679235533,0.46940019094527,0.8823529400086505,1.7936507921390779
tormund,0,1229,20.0,1.45,1.125,0.8952244811582706,0.7751886057650177,0.25,0.0,3.9655172386444706,0.18271082035879943,0.4455445541907656,1.1886792451406194
Gse7en,0,1587,17.0,1.411764705882353,1.3333333333333333,0.5813458200453341,0.8485536545955737,0.47058823529411764,0.058823529411764705,2.3611111094386574,0.17699114704921282,0.9230769224378695,0.8888888889629628
DimiNator67,0,1644,29.0,1.2413793103448278,1.3333333333333333,0.4165637729682121,0.41512911518225065,0.3793103448275862,0.0,1.611111109813271,0.15304197562087038,0.9187499992764843,1.005128205124063
mohamede5e2,1,1486,32.0,1.1458333333333333,0.6666666666666666,0.8994029232900947,1.246203546091432,0.34375,0.1875,3.4909090878624793,0.059954379416803344,0.8372093016246619,1.037037037004115
thinbreath,0,1652,20.0,0.9366666666666668,0.8,1.0051664252390995,0.9080015983139481,0.25,0.0,4.982206400374869,0.18532180593192113,1.5315398867434584,2.1931818161479857
ForkYouVeryMuch,0,1612,21.0,1.492063492063492,1.3333333333333333,0.6304481863872125,1.0367540309562664,0.23809523809523808,0.09523809523809523,2.6808510620330464,0.26969566698538283,0.8571428565918365,1.2272727271022728
superpacman,0,1613,18.0,0.9259259259259258,0.6666666666666666,0.9641576624142258,1.356527249548378,0.3888888888888889,0.2777777777777778,3.599999996112001,-0.01653799560747212,0.611111110550926,2.124999998101563
josuemvr7,0,1010,26.0,1.0717948717948718,0.9333333333333333,0.6099117958748266,0.6517742384718765,0.19230769230769232,0.0,2.3636363614310567,0.24115079736514597,0.5459770110471165,1.2473118276977109
N5n7e9,0,1916,22.0,0.9826839826839826,0.7142857142857142,0.7469396499595727,0.6764623805642072,0.3181818181818182,0.0,3.4889867805905026,0.14381230723220315,0.6331658285443801,0.5234899332552813
sanjay_47,0,1450,27.0,1.0641975308641975,0.6,0.9387437728600625,1.2076054047615192,0.14814814814814814,0.0,3.1322505771031053,0.6317405657383524,1.4485514470319896,0.3339342050063902
Musszerstoeren,0,1343,21.0,0.27936507936507937,0.26666666666666666,0.7423855869362821,0.8107537549833886,0.2857142857142857,0.0,2.6249999906036927,-0.2799143061528582,0.6884057948566477,1.3766233750092767
rodrigomarin,0,1546,40.0,0.6230769230769231,0.3076923076923077,1.1930679196162304,0.9995018778790151,0.175,0.025,4.938271597012651,0.38141784584560984,0.39264990276327566,0.8000000002888887
Alonso1582,1,1395,70.0,0.4666666666666666,0.2222222222222222,1.3007435985514464,1.4523430220122573,0.37142857142857144,0.24285714285714285,5.714285702040816,0.22609712348939798,0.8999999981099999,0.2782608705536862
liamfriedman,0,1833,38.0,0.8947368421052629,0.6666666666666666,0.8067859054293174,1.3137424042579182,0.3157894736842105,0.2631578947368421,2.980392153531719,-0.06006851712550043,0.9615384604779411,0.37837837885719494
Mc-CarlosMePe,1,1050,58.0,0.47480106100795755,0.15384615384615385,1.2232085624417006,1.194102242074987,0.43103448275862066,0.08620689655172414,6.156424568039261,0.3995721830703819,0.3085013140949872,0.36641221465214757
Dineshkumar16299,0,846,24.0,1.4206349206349207,0.7619047619047619,1.0692889199407507,0.9171181015946636,0.4166666666666667,0.0,3.888268153687587,0.38433948511033555,0.8525896408636052,0.217687075165209
JuanM16A,0,1502,19.0,0.6783625730994153,0.4444444444444444,0.9474918375021688,1.3914530638033324,0.15789473684210525,0.15789473684210525,3.603448270550089,0.2904939090976606,0.26415094308223575,1.1076923075245564
vitali-makovski,0,1915,32.0,0.9097222222222223,0.6666666666666666,0.8579215391279987,0.9173794092409222,0.28125,0.03125,4.3969465600522115,0.2673470218794685,0.780058650233753,0.7466666669098666
achris09,0,1806,17.0,0.841628959276018,0.3076923076923077,1.2094742945318713,1.059228581299798,0.11764705882352941,0.0,4.021505371565846,-0.3427231876199961,0.6753246745835724,5.4700854522051285
tenako,0,1897,35.0,0.8,0.6666666666666666,1.41981442830862,1.5265380143269665,0.2571428571428571,0.45714285714285713,6.666666658333333,0.34358171898847023,0.4166666662326389,0.4233716480166138
Grom_S,0,1741,24.0,1.4814814814814816,1.5555555555555556,0.5722761567266934,1.0502967708996669,0.25,0.041666666666666664,1.9499999986837497,-0.09990063609910169,0.8024691353009258,1.2535211265677446
GlauberCT,0,1039,22.0,1.1616161616161615,0.7777777777777777,0.988898681984767,0.7124258593466719,0.36363636363636365,0.0,4.782608691534971,-0.06957782219317708,0.5131578944026142,0.6911764708130406
JADLibera,0,1535,18.0,1.0370370370370372,0.8,0.7075395705771462,0.8199519123543633,0.16666666666666666,0.0,2.5714285689489786,0.0918129409127837,0.5163934421785138,1.0895522387157497
skd2000,1,1936,24.0,1.0555555555555556,0.6666666666666666,0.7273828919995978,1.032941233645231,0.4166666666666667,0.125,3.1578947338504153,0.21570955893463314,0.8673469379856048,0.8095238096870746
batorres,1,1152,17.0,0.8078431372549021,0.6666666666666666,0.8348385553435022,0.7253071382318835,0.29411764705882354,0.0,3.7961165001552923,0.18208469114525763,0.40909090867252074,0.8385744236628296
Nimzowitch2010,1,1783,33.0,0.6599326599326599,0.4444444444444444,0.7202375921747948,0.6224329672406231,0.30303030303030304,0.0,3.030612240305654,0.08120999725765857,0.7499999989151788,0.7358288773511715
Spellord,1,1802,21.0,0.4981684981684982,0.46153846153846156,0.6647807076241213,1.1618139652598407,0.38095238095238093,0.047619047619047616,2.316176465938851,0.21427589769741817,0.6073232312864886,1.4685314673601395
yavar33,0,1321,28.0,1.2666666666666664,0.6,1.3256771336483983,0.9556308877878795,0.07142857142857142,0.0,6.2105263108864275,0.4448271521194945,0.36363636338842975,0.43783783815690297
DorianR,1,1599,33.0,0.629148629148629,0.47619047619047616,1.097260745010418,0.9077965398195849,0.2727272727272727,0.0,5.4495412757419,0.20183919601038045,0.5100182142339276,1.7945098021418664
Zenuts,0,1756,40.0,0.9,0.6153846153846154,0.8238447297581838,0.6518054109814293,0.425,0.0,4.6153846102564104,0.04305484962110343,0.9123123113186319,1.0526315788873495
Joni_contrabajo,0,1822,17.0,0.5359477124183007,0.4444444444444444,0.9001288806251709,1.353015848071423,0.23529411764705882,0.17647058823529413,3.3170731645425335,0.533918627807769,1.5833333297708334,1.9145299119973698
LucasLaurentiis,0,794,17.0,1.1131221719457014,0.7692307692307693,0.9259730739586242,0.9151373643333235,0.47058823529411764,0.0,3.731707313720702,0.12811739449287002,0.7676767670719316,0.6730158732587754
Lobo_solitario_1,0,1991,37.0,0.7891891891891891,0.5333333333333333,1.0932473822138855,1.222546755720574,0.21621621621621623,0.02702702702702703,5.0684931442625265,0.2520491841081671,0.49621621567306057,0.7672901264014358
Cergkater,0,1838,20.0,0.7444444444444444,0.3333333333333333,1.0607520529769845,1.1005234834246185,0.0,0.05,3.8805970097126314,0.2984610847027494,0.3163841804531265,0.6750000003656249
Capadorada,0,1899,22.0,1.3939393939393938,1.3333333333333333,1.0187282178656933,0.8271540245452721,0.36363636363636365,0.045454545454545456,5.260869561443289,0.16311569757312974,1.8765432082085047,1.7058823522560553
wikiwaparz,0,1807,32.0,0.39791666666666664,0.3,0.8770688357118659,1.0936488470960173,0.1875,0.03125,3.853403131677312,0.19294280770408506,0.33139534814359106,1.893939390688705
Pavnest,0,1881,27.0,0.94320987654321,0.8,0.8515864121378713,0.8352129809565708,0.2962962962962963,0.0,3.675392666260382,0.1240517246858403,0.5029940115016672,0.6985583226811718
droesie,0,1302,27.0,0.31934156378600825,0.26666666666666666,0.9616545433140146,1.2176557682435134,0.2962962962962963,0.037037037037037035,4.662371119420667,0.1377408870622223,0.5589041081247889,0.45714285836428564
mahmuodfraag,0,1720,22.0,1.5340909090909092,1.125,0.6542464430328332,0.632557233942048,0.18181818181818182,0.0,2.4444444428510286,0.08964555376724483,0.638736263367762,1.1428571427573697
PS_DRAGON,1,1348,25.0,1.1413333333333333,0.9333333333333333,0.8915809470869646,0.7469472852735879,0.32,0.0,4.556074762363252,0.0826754992463704,0.729281767351424,1.1783960718422886
ronan19,0,1890,49.0,0.4843537414965986,0.26666666666666666,0.9563441394852991,0.9629948279949794,0.16326530612244897,0.02040816326530612,4.129213474620865,0.23784275990742024,0.7516483501987443,0.52591304422031
jack1919,0,1547,41.0,0.9593495934959351,0.6666666666666666,0.8128527997141821,0.821885788721341,0.6341463414634146,0.07317073170731707,4.864406774590491,0.1858005480612767,0.8148148140000001,0.7002801123092763
guimo,0,1774,19.0,1.3333333333333335,0.6666666666666666,0.7433919411174842,1.0696216124432687,0.42105263157894735,0.10526315789473684,2.499999998125,-0.16620642267137833,0.672413792651308,0.2793103451630797
deepamgp,0,1490,18.0,1.2592592592592593,1.3333333333333333,0.5549400661508772,1.026180085725667,0.3888888888888889,0.1111111111111111,2.1176470571418684,0.508294531277181,0.4666666663399999,1.428571428158163
Mr_Gei,0,1923,38.0,0.882205513784461,0.5238095238095237,1.1302534580063521,1.07529109292126,0.07894736842105263,0.0,5.829545447937534,0.3939679575038403,0.9022222212232162,0.2893772898965906
duisengali-194,1,1336,40.0,0.4976190476190476,0.38095238095238093,0.5875434426323515,0.5713440194000126,0.475,0.0,2.6794258319360815,0.4022320677515731,0.7977585313600922,0.7711864410851766
IJustDooDooedMyPants,0,1626,30.0,1.111111111111111,1.3333333333333333,0.9338094015538717,1.2745768781056566,0.4666666666666667,0.36666666666666664,3.5999999967600003,-0.28502319858728287,0.8214285707200893,1.0833333332552084
toilaai12,0,1742,28.0,0.5523809523809524,0.43333333333333335,0.8520975014333799,0.9512562696610264,0.21428571428571427,0.0,3.2586206837559453,-0.02152724994764866,0.7870855134743201,3.2181818097123953
zarathustra0410,0,1801,15.0,1.168253968253968,1.0476190476190477,0.8882835865973111,2.0740184722915305,0.13333333333333333,0.2,2.6902173890015804,0.11627117828127355,0.624249699439305,1.458333332845109
Guillermo03JP,0,1344,21.0,1.0052910052910051,0.6666666666666666,1.0537888364934274,1.5138597497628332,0.14285714285714285,0.14285714285714285,3.9789473644630475,0.0022029538464152965,0.49999999958552627,1.7897727261621101
abhi472,0,1091,44.0,0.6287878787878788,0.26666666666666666,1.1597623135667519,1.0682708367871236,0.2727272727272727,0.0,4.559036137327798,0.09824265061490596,0.3643162388456643,0.250000000745482
Patito_colordecafe,0,1909,25.0,1.0338461538461539,0.7692307692307693,0.8874039813641749,1.1249146489481288,0.12,0.04,3.4226190443084783,0.24668807155841496,0.194444444280607,1.3244147153523338
bozma,0,1703,27.0,0.7259259259259259,0.4,1.2073632193775337,0.8202315713391736,0.2962962962962963,0.0,5.142857135772595,0.1971137216174195,0.5299539164096179,1.6469002683517266
quannopro-1,0,1065,37.0,0.5945945945945946,0.5333333333333333,0.6440231663731237,0.8713644006414031,0.35135135135135137,0.02702702702702703,2.4666666625181817,0.30540367881717334,0.5050359704872678,0.6476906556947765
NiceandDandy,1,1205,22.0,0.96969696969697,0.6666666666666666,0.7954951280145114,1.045781237614624,0.5454545454545454,0.13636363636363635,3.4374999964550774,-0.08134880860967306,0.42222222182111097,1.0
Paybak89,0,1286,31.0,0.6709677419354837,0.4,1.2683887371897815,0.7816775181326617,0.1935483870967742,0.0,7.352564091605957,0.24026105795927624,0.6060606052836054,1.01249999998125
shivuhs,0,916,21.0,1.0793650793650795,1.3333333333333333,0.6997280730793882,1.0905423949245565,0.38095238095238093,0.14285714285714285,3.0882352912564874,-0.4443042834119655,1.6666666645833332,0.49586776893876783
Claudioycr7,0,1563,49.0,0.47482993197278917,0.3333333333333333,0.9516690629782273,1.1918344520248911,0.2857142857142857,0.04081632653061224,4.212034375083538,0.44079340833422676,0.47392875494915354,0.5629090916243306
B60758411RAUL,0,1518,35.0,0.7619047619047619,0.6666666666666666,0.9151502596850217,1.3357781175758952,0.37142857142857144,0.3142857142857143,3.49999999540625,0.19057212813839347,0.4126984122385488,0.9444444445152779
AlexisBaltazar,0,1715,42.0,0.8412698412698412,0.6666666666666666,0.830403058811611,1.0720607172203636,0.5952380952380952,0.16666666666666666,3.9622641462335357,-0.07699831754883368,0.7441860456809087,0.7666666669116666
twebs,1,723,25.0,1.0285714285714287,1.0476190476190477,0.6859355244239379,0.7929465188524519,0.24,0.0,2.407407405066872,0.5113241042373662,0.36639118427095724,0.5429864256780942
Azhibekov,0,1996,49.0,0.6231292517006802,0.4,1.0288083552679292,0.9011693641556473,0.14285714285714285,0.0,5.135371170798041,0.29091620130721596,0.8324873083452292,0.5056000005932799
theeone,0,1431,30.0,1.1833333333333333,1.0,0.6498744780457019,0.5903418354263583,0.4,0.0,3.169014081829002,0.07400329188860395,0.543999999582208,1.057971014442344
Mob90,0,1795,42.0,0.6243386243386243,0.4444444444444444,0.9197941375922036,0.8026640749897844,0.42857142857142855,0.023809523809523808,3.9152542310170935,0.444415489755253,0.5412371126487939,0.42168674764639286
Gumen_049,0,1825,31.0,0.6451612903225806,0.5333333333333333,0.5894630315715483,0.5457744779609472,0.5161290322580645,0.0,3.099999995195,-0.16674660971197044,0.928846152439488,1.1931818178525309
Sexy666,0,1425,27.0,0.946502057613169,0.4444444444444444,1.301097397878794,1.1867941269270748,0.2962962962962963,0.07407407407407407,6.573913036532778,0.04642560317235836,0.383616383312863,2.516129029396983
Tigersiddik,0,1784,60.0,0.6244444444444444,0.4666666666666667,0.8509655079832624,0.8247046791729742,0.13333333333333333,0.0,4.2704626266131385,0.4123364424340836,0.8048128329818732,0.4789473690380887
soccerr,0,1455,37.0,0.254054054054054,0.2,0.7997534923987264,0.9086111057481291,0.10810810810810811,0.02702702702702703,3.1489361578180177,0.08779815937623642,0.8774193514422476,1.6214574866517437
chizzhaert,0,1755,44.0,0.8535353535353534,0.4444444444444444,1.0516409409458907,1.1542132491032238,0.25,0.06818181818181818,4.946745556334584,0.2428733527617243,1.0199999987995385,0.7422680415001591
khalladReda,0,1729,41.0,0.8455284552845528,0.6666666666666666,1.1422494144119548,1.4161771365056197,0.34146341463414637,0.34146341463414637,4.730769225174187,0.5580981631493652,1.3246753229721706,0.25551684142743836
PeteSea,0,1174,23.0,0.6956521739130435,0.4,0.9042338671705331,0.699964249358367,0.21739130434782608,0.0,4.408333326996355,0.32795052890912135,0.6322188441777145,0.8020833335884603
elbastawy8,0,1475,24.0,1.1574074074074074,0.8888888888888888,1.1153905136095617,1.237688538236302,0.375,0.08333333333333333,5.567999995189248,0.09942749314412024,0.6057692302974296,1.4999999994599997
hermangidio,0,1528,47.0,0.7999999999999999,0.4,1.2116456176261958,0.816062191605174,0.1702127659574468,0.0,7.333333324166667,0.15072676050466613,0.5242914973866767,0.7740384617883231
Kamar12187,0,717,19.0,1.382456140350877,0.8,0.996036878006491,0.8301279912878534,0.21052631578947367,0.0,4.050761418389677,0.20517912825766296,0.42020201995371903,0.9468750000373536
as1978as,0,1142,27.0,1.234567901234568,1.3333333333333333,0.4808326108173778,0.6978576380984851,0.2962962962962963,0.037037037037037035,1.6199999986877998,0.23596975893945824,1.1052631569785318,0.9285714286271428
Esepelonloco12,0,1456,18.0,0.9506172839506173,0.6666666666666666,0.8052995315127367,0.7421146604819874,0.2222222222222222,0.0,3.03896103576421,0.3520127903772922,0.6285714280057144,0.604166667000651
Ed-gor,0,1383,26.0,1.212820512820513,0.6666666666666666,1.1080019373179906,1.0365168932520796,0.19230769230769232,0.0,4.28752642352614,0.08705295254979206,0.5196113706237407,0.4598765435349509
Ages1991,1,1841,38.0,0.888888888888889,0.6666666666666666,0.877346476811388,0.687133171348207,0.21052631578947367,0.0,4.74999999465625,0.4266812940824438,0.7466666658826667,0.5049504954685815
Jacksonjacobk,1,1663,41.0,0.6178861788617885,0.4,0.9469297214548766,1.1249986013848363,0.07317073170731707,0.04878048780487805,3.884210520029502,0.13520863731026783,0.2850574708834721,1.1764705879238757
azkhaizio,0,1785,24.0,1.0555555555555556,1.0,0.5741427423316391,0.8739268267351722,0.0,0.08333333333333333,2.526315787080332,0.05252768773784902,0.6774193542486994,1.2352941173979242
firepan,0,1145,58.0,0.5593869731800766,0.4444444444444444,0.8255626929526237,1.182715304201449,0.27586206896551724,0.1206896551724138,4.369863005886753,-0.14808510976326936,0.6084656074659867,0.41747572889339235
Col_Mustarded,0,1456,17.0,1.1372549019607843,1.3333333333333333,0.43889386379882966,0.4099288798293525,0.35294117647058826,0.0,1.758620688108799,-0.2735788512306294,0.8478260862377125,1.4545454540495866
Igor-Ivanovich_66,0,1187,24.0,1.45,1.1333333333333333,0.725656741571806,0.7917761362915626,0.20833333333333334,0.0,2.3908045960523188,-0.48372489838062327,0.7187499995507811,1.1749999998687501
SapiensHacks,1,1469,26.0,1.0,0.0,1.2709778173335071,1.2533012746273915,1.0,0.5769230769230769,3.9999999959999997,0.015204907158082315,0.6060606055096417,0.8571428572755102
skd2000,1,1916,42.0,0.8730158730158729,0.6666666666666666,0.6766470561677824,1.081988159169149,0.47619047619047616,0.16666666666666666,2.290909088284959,0.28016874590137797,0.6146341457343246,0.7741935486165452
SuyambuGanesh,0,1507,27.0,0.5901234567901233,0.5333333333333333,0.8429898067363918,1.1120095838032233,0.25925925925925924,0.037037037037037035,4.179916310908511,0.006950996089852117,0.9060693626691924,0.7400644472124729
andreivi2020,0,897,26.0,1.0842490842490842,0.7619047619047619,0.7856745592835077,0.7411163617327686,0.38461538461538464,0.0,3.4256756725161845,0.07885733446275492,0.5633528260696753,1.2424242421735538
hermangidio,0,1516,35.0,0.41904761904761906,0.4,0.5849348328639659,0.5206753127517548,0.22857142857142856,0.0,3.181818174225206,0.32400578229988264,0.6419753072510286,0.8163841811877575
Frisher_A,0,1734,42.0,0.8253968253968254,0.6666666666666666,0.9460287585652993,1.3183725384666878,0.35714285714285715,0.2857142857142857,4.846153840282545,0.08183400713301249,0.7368421044487534,0.333333333871795
draltnok,0,1714,19.0,1.4385964912280702,1.3333333333333333,0.7850476550363,0.8861654380009844,0.2631578947368421,0.05263157894736842,3.243902436769482,0.10578267940372632,0.27350427333596317,1.9384615374869825
GAAMbito,0,1873,28.0,0.857142857142857,0.6666666666666666,1.0433011855237988,1.2859256127674512,0.25,0.10714285714285714,3.8888888843518528,0.1732540080600938,0.3130434779852551,1.6999999988974999
DorianR,1,1370,20.0,1.7,1.0,1.194349440723733,0.9045317780098534,0.3,0.0,5.294117643944636,0.18920681189028538,0.4260869563142533,0.7215189874827752
boysiregar,0,1817,36.0,0.7759259259259259,0.3666666666666667,1.086070957550847,1.112876295729317,0.05555555555555555,0.0,4.553699278140817,0.003639331966369184,0.7299703255322315,1.5393939385112951
nastoor33,0,1673,31.0,0.6451612903225807,0.4444444444444444,0.9355793067730024,1.285707949945058,0.16129032258064516,0.12903225806451613,3.4444444391055553,0.1927956227890004,0.4773960210471765,0.8577127661617954
mcdonough,0,1621,31.0,1.141439205955335,0.9230769230769231,0.7909459286461015,0.9127098436824223,0.2903225806451613,0.0,3.09999999728413,-0.011107921085416007,0.587041884357263,1.5127840903409495
Djckec84,0,1220,17.0,0.838235294117647,0.65,0.9573483424774454,0.874717030665813,0.29411764705882354,0.0,4.235087714245861,-0.0668892303478325,0.7398373975318926,1.456790122780064
doozer,0,1824,30.0,1.0833333333333333,0.75,0.9427393037361501,1.0303270785492722,0.1,0.03333333333333333,3.692307688899408,0.15913368250854484,0.3423423420956091,0.9402985075161506
oppidani,0,1359,17.0,0.9019607843137255,0.8333333333333334,0.8240822347830769,1.1576591944603178,0.47058823529411764,0.058823529411764705,3.5108695613249052,-0.1216613832491265,0.43076923037159764,1.6666666656666667
damrov,0,1506,19.0,1.0789473684210527,0.75,0.759434022561513,0.6879752556518789,0.10526315789473684,0.0,3.243902436017846,0.060541508560399644,0.4977777773530074,1.644827585406421
AJN0TPR0,0,1636,31.0,1.118279569892473,0.6666666666666666,0.962307384000768,1.4612475608027968,0.25806451612903225,0.2903225806451613,3.5769230737244824,0.5120383740037429,0.6017441855637168,0.5859375002911377
ingener321,1,1572,50.0,0.6215384615384615,0.38461538461538464,0.8502177982767685,0.7879899448838946,0.34,0.0,3.465346529078032,0.5351590174466577,0.5557578508249538,0.603174603686382
Gmc1960,0,1612,34.0,0.5735294117647058,0.25,1.0058997544478177,1.3437899063848289,0.35294117647058826,0.17647058823529413,4.358974351374097,0.20733551933305921,0.53333333248,0.813953488666306
patrykowski2,1,1837,31.0,1.1827956989247308,0.6666666666666666,0.967915028578484,1.20247065160588,0.4838709677419355,0.16129032258064516,3.9454545421188443,0.6617647351264059,0.7083333328020832,0.9722222222453705
Paved,0,1923,38.0,0.9614035087719298,0.4,1.2019661717415866,1.200723017966426,0.07894736842105263,0.02631578947368421,4.715328462248655,0.571198361161914,1.0373230362366523,0.2863849770032401
SantosTB,0,1844,29.0,1.146551724137931,0.5,1.147398967837474,1.228279633129269,0.2413793103448276,0.06896551724137931,4.360902251835603,0.5619397127031062,0.31168831146162923,0.30800000038751996
Lev_170917,1,1414,26.0,0.7179487179487178,0.6666666666666666,1.1495340655010835,1.4562206579381982,0.3076923076923077,0.4230769230769231,3.714285709112245,0.03011090116708756,1.4999999977500005,0.5555555560370372
ramosjus50,0,740,36.0,0.9972222222222222,0.675,0.7874637515455,0.7810441451482767,0.2222222222222222,0.0,3.6601671272488576,0.26970492760432097,0.9890453824209873,2.055319147319511
swatkat123,0,1795,16.0,1.421875,1.0,0.7606269216924035,0.7300184694316426,0.3125,0.0,2.813186811208308,-0.007127888321207457,0.6313131309305173,1.1666666665396825
SaadM,0,1649,33.0,0.8323232323232324,0.5333333333333333,1.0359500807304607,1.0502066553140108,0.5151515151515151,0.030303030303030304,4.645631062379643,0.2913390807155516,0.3617977524583701,1.189398836207903
hsnbahtiyar,0,1516,21.0,0.3682539682539683,0.2,1.0112329833653708,0.8737469627214849,0.09523809523809523,0.0,3.620689645340368,0.28237412095816683,0.44523809415680277,2.727272718338558
taylor5877,0,1634,21.0,1.0357142857142858,1.0,0.7309477278268848,1.0023899415640245,0.38095238095238093,0.047619047619047616,2.8965517213412597,0.31200735618530967,0.7954545447314049,0.8102766800068739
Ed_SaTe,0,1858,15.0,2.1333333333333333,1.3333333333333333,1.0470693222699416,1.09981216272494,0.13333333333333333,0.06666666666666667,4.374999997949219,-0.10895876017000243,1.0967741930176897,2.12499999915625
Barbayan,0,1763,31.0,1.161290322580645,1.3333333333333333,0.4366602263851573,0.6337941836537707,0.45161290322580644,0.03225806451612903,1.7222222207391977,-0.165310319395051,0.7792207785832349,1.4732142852072705
tugrulkaratas2023,0,1606,26.0,1.3076923076923077,1.3333333333333333,0.7806285969479265,0.9450625274887546,0.38461538461538464,0.07692307692307693,3.058823527072664,0.3817302673066035,1.0256410248520709,0.4571428574453061
overalsalt931,1,1022,23.0,1.6521739130434783,1.3333333333333333,1.0087337896676998,1.73569161325773,0.13043478260869565,0.34782608695652173,3.63157894517036,0.6298154688298736,1.2683823521018058,0.24444444472148147
Rudi-kdi,0,1518,15.0,1.9111111111111112,1.3333333333333333,1.304400340003991,1.0351962324645765,0.4666666666666667,0.06666666666666667,5.581395345916711,-0.5359775976284985,0.9453124995125731,0.33870967764334026
ChristiniPlaysChess,0,1779,15.0,2.1333333333333333,1.3333333333333333,0.8705242669159492,1.3475392197866123,0.13333333333333333,0.13333333333333333,2.8124999986816404,0.07445913582803361,0.5263157892659279,0.8750000000546876
Kirill_Ka,0,1379,28.0,0.9523809523809524,0.6666666666666666,0.8455767253765325,1.147164530660817,0.42857142857142855,0.17857142857142858,4.19999999559,0.16362252267149668,1.727272725035124,0.4814814818847737
optimaboss,1,1493,25.0,1.4844444444444442,0.6666666666666666,1.4475173195435707,1.1883001580816044,0.16,0.04,7.335329336375902,0.26302060715754616,0.18037974673783244,0.9341983318315036
Jozava,0,1583,25.0,1.4933333333333334,1.3333333333333333,0.8953536520234094,0.8485729760514306,0.28,0.04,3.571428569036989,0.14424957946793227,1.0285714278771427,1.426573426224412
termitimon,0,1772,45.0,0.8666666666666667,0.5,1.102377740879296,1.3889324850894886,0.15555555555555556,0.13333333333333333,5.480769224445266,0.23874418265289404,1.0882352928373704,0.20923913097843072
SecretChessPlan,1,1811,16.0,0.875,0.6666666666666666,0.8397710508758996,1.2777734155707863,0.375,0.25,3.0476190441360544,0.028292761062394468,0.14999999986499998,0.6153846157396449
ShadowSideShow,0,1864,29.0,1.25,1.0,0.9172673050962956,0.8273434441014539,0.3103448275862069,0.0,3.9999999967999997,0.23439545869053846,0.4948770488395928,0.824242424370248
Iplaychessnow1300,1,1224,25.0,0.9226666666666666,0.6666666666666666,0.8907362522950569,0.7880598893336441,0.28,0.0,4.046242770181095,0.21804135677676173,0.2802197799772823,0.642533936966995
MiguelExellente,1,1718,47.0,0.7943262411347517,0.6666666666666666,1.0621623099458888,1.3910517879115454,0.3617021276595745,0.3404255319148936,4.196428566145569,0.34105438204907756,0.9894291742331482,0.2613636369427944
swaton,0,1345,29.0,1.1586206896551723,1.0666666666666667,0.6885578161277399,0.6262608840988105,0.3448275862068966,0.0,3.7976190443413413,0.19123640664531533,0.45212765921372794,0.8758974359976723
Pa1974,0,987,24.0,1.0,1.0,0.9813067619440095,1.4839303044257524,0.0,0.3333333333333333,3.9999999959999997,0.24008202550306468,0.9999999989999999,0.4400000004032
ferneands,0,1760,43.0,0.7813953488372093,0.25,1.6302747202691892,1.35801669788633,0.23255813953488372,0.023255813953488372,7.230654752651247,0.4390255412080969,0.7319999991216,0.14008687619807608
Ahmedjames7,0,1999,27.0,0.4641975308641975,0.26666666666666666,1.4112094060762213,0.7787843823827995,0.4074074074074074,0.0,7.755319132229233,-0.17749980862033002,0.3209876537860082,1.9332552663374858
SicilianCCM,1,1855,16.0,1.21875,1.0,0.7532528620264787,0.75461222707016,0.375,0.0,2.6666666644786323,0.4509285020442882,0.89999999928,0.8139534885105463
zivlaei,0,1607,30.0,1.2583333333333333,0.5,1.7262933087598473,0.9126886567022852,0.3,0.0,9.337748336950133,0.32488235492719564,0.9917355364032511,0.247933884670446
TurtleFortressCannon,0,1486,32.0,0.7638888888888888,0.4444444444444444,0.8448189192932511,1.0763400944419437,0.25,0.0625,3.1999999958109098,0.03469085446116278,0.8796296285300926,1.1999999997119999
capitangancia,0,1695,25.0,1.031111111111111,0.6666666666666666,0.6729661738740196,0.6716975889063967,0.2,0.0,2.3706896528732537,0.35869960901955156,0.4415584411971665,0.923076923148541
mikewolf13,0,1642,19.0,0.7953216374269005,0.6666666666666666,0.6681068633717508,0.6175244282344522,0.2631578947368421,0.0,3.073529407900195,0.5406722639486422,0.7924528292467071,2.1599999976510005
henrique17,0,1501,38.0,0.3596491228070176,0.26666666666666666,0.8130552809247545,0.9504907258304339,0.3157894736842105,0.02631578947368421,3.5219512097194516,0.18283657072368853,0.6371257469006416,0.6666666674390245
Jesusruiz_r,0,1573,46.0,0.6763285024154587,0.4444444444444444,0.8305395332719102,0.9415885714256865,0.3695652173913043,0.043478260869565216,3.2857142808561237,0.20255904819291615,0.6916996037957553,0.8421052633729225
schurik65,0,1513,23.0,1.333333333333333,1.3333333333333333,0.5897678241772628,0.7465987557892926,0.5217391304347826,0.043478260869565216,2.9999999977500007,-0.05690499353955173,0.9072580638576354,1.191666666508542
Karayanov-Myxammed_5,0,1941,45.0,0.3506172839506173,0.2222222222222222,1.1138343021622354,1.4255747261879361,0.3333333333333333,0.28888888888888886,4.43661970565612,0.1579737167607501,0.6754385947315329,0.9838509317226972
CIC_RohitSaini,0,1724,30.0,1.1999999999999997,0.6666666666666666,1.160034055578922,1.5595471694106504,0.26666666666666666,0.3333333333333333,3.888888885648149,0.10551419416398616,1.3749999987395833,0.2857142860969387
duisengali-194,1,1339,15.0,1.5999999999999999,1.0769230769230769,0.7379872938388181,0.7031292990843611,0.3333333333333333,0.0,3.0769230750000003,-0.3393295232295996,0.6279527555519794,0.31195652201135643
tarraca,0,1986,27.0,1.2674897119341564,0.6666666666666666,1.1559171133766823,1.3302158869137948,0.07407407407407407,0.07407407407407407,4.558441554845126,0.11455249260746807,0.4057971011713925,0.576691729583977
bikoo25,1,1846,21.0,1.1873015873015873,0.5333333333333333,1.3564347940463555,1.318225982596444,0.19047619047619047,0.047619047619047616,4.828877001280491,0.2516284915090799,0.16179775269991162,0.8256029685935786
AJN0TPR0,0,1624,31.0,1.139784946236559,0.6666666666666666,1.288280000010212,1.4561074309405255,0.3870967741935484,0.2903225806451613,5.849056598641866,0.40805584572878734,0.8522727265463584,0.14266304389761045
Without-rating,0,1676,20.0,1.1666666666666665,1.0,0.8055926953021597,1.2855239168341899,0.0,0.2,2.857142854693878,0.27008101078411967,0.5502645498671369,1.0588235293598616
masteralhan,0,1968,26.0,1.3269230769230769,0.875,0.8566676344924621,0.6650296195999358,0.4230769230769231,0.0,3.768115939189246,0.2073201280183582,0.47419354806586883,0.8648648649598247
Ameteurlevel,0,1251,16.0,0.4625,0.43333333333333335,0.7703097807887247,0.9408151771715454,0.3125,0.0,2.59459458898466,0.32271072903922604,0.909890108000338,0.947368421163435
jorjusse-eol,0,1433,21.0,0.834920634920635,0.7333333333333333,0.7620468148156261,0.9825612914914942,0.47619047619047616,0.0,3.4334600719333084,0.32572149126620653,0.5581395342996215,1.2644628095567247
Lamfigueiredo,0,1087,16.0,1.5,1.0,0.5682575703289056,0.5517093791487647,0.5,0.0,2.166666665222222,0.01441075789946116,0.8730158724615772,0.6842105264930748
Mfattah6198,0,1555,42.0,0.8571428571428571,0.6666666666666666,0.8364140575898292,1.2926150045153955,0.35714285714285715,0.2619047619047619,3.1111111074814817,0.2311492614362301,1.36363636196281,0.5000000004374999
shcryss,0,1740,36.0,0.47530864197530853,0.2222222222222222,0.9988186625777455,1.2950383129559402,0.4166666666666667,0.16666666666666666,3.740259732390623,0.42655163171473215,0.5483193266788032,0.6739130440524577
JJ_Jaque,0,1682,22.0,1.717171717171717,1.7777777777777777,0.8167790563577478,0.8847174925880669,0.2727272727272727,0.0,4.011764703546091,0.04314291567590503,0.771186440266231,0.683168316986962
EliasHO,0,1364,19.0,1.8877192982456137,1.0666666666666667,0.9902441428400283,1.7194674903363216,0.10526315789473684,0.10526315789473684,3.319702600471905,0.6075283699058888,0.39138943232447787,0.2156682030089511
Looking4angels,0,1555,28.0,0.6714285714285714,0.4,0.8022339402562142,0.7723659161091639,0.14285714285714285,0.0,3.375886519794779,0.36244020474077804,0.7638888878279322,1.1044776117765651
azkhaizio,0,1800,43.0,0.8217054263565888,0.6666666666666666,0.7987173759531357,1.2155639295027438,0.4418604651162791,0.23255813953488372,3.2452830149184777,0.3466516192320496,0.9979209967073102,0.6264204549131968
Aparnapatted,0,1125,83.0,0.5060240963855422,0.25,1.243000810257794,1.0158868599256807,0.18072289156626506,0.0,6.620238082155243,0.5406509828977717,1.1672654666854079,0.2191448017108376
sandrogarcia,0,1327,26.0,1.1282051282051282,1.3333333333333333,0.5378254343505289,0.8616374512036087,0.4230769230769231,0.07692307692307693,2.363636361541322,-0.060659398758111195,0.9047619039805195,0.7600000001871997
Twincky,1,1475,33.0,1.0505050505050504,0.6666666666666666,1.0248394293686032,1.400305525832094,0.36363636363636365,0.2727272727272727,3.8076923040676776,0.05307014088073116,0.6899999994048749,0.457142857515102
damianksz,0,988,38.0,0.8421052631578947,0.5,1.0948655012845256,1.2678797351116486,0.15789473684210525,0.10526315789473684,5.640624993301758,0.2197755422595439,0.46052631530470917,0.3763440865311597
saetzero,0,1232,22.0,0.5606060606060607,0.3666666666666667,0.837558801212529,1.0027317175625128,0.09090909090909091,0.0,2.616216211549452,0.31389884956336483,0.3611111106353228,1.6428571413418365
Clasher_69,1,1184,51.0,0.40261437908496733,0.13333333333333333,1.4187234314183919,1.5463627827708244,0.21568627450980393,0.11764705882352941,7.285714267618274,0.3878588698373558,0.8707964580963271,0.17315060537308893
Meshal0,0,1663,27.0,1.259259259259259,0.6666666666666666,1.338800784435781,1.505823305608823,0.3333333333333333,0.2962962962962963,5.823529407140138,0.4666141387497561,1.1899999989884997,0.25535714322015624
berik01,0,1750,23.0,1.1942028985507245,0.7333333333333333,1.221729996566854,1.2561464214729672,0.08695652173913043,0.0,4.7451456270944785,0.6470825873195573,0.7796391746549182,1.584437085454092
Shenouda1411,0,1771,54.0,0.5012345679012344,0.4,0.9644736474163501,0.8473889557072254,0.12962962962962962,0.018518518518518517,6.384236440464949,0.18610181668068784,0.617977526944199,1.0505050504017444
vijay_kumar_kundu,0,1291,41.0,0.856368563685637,0.6666666666666666,0.735213148684093,0.5575711445698408,0.3902439024390244,0.0,3.6329113881628343,0.11447395713282854,0.7027777770047222,1.4746543771911702
soymalito,0,904,31.0,1.0609318996415769,0.8888888888888888,0.8573895685419742,0.6891946148165314,0.3548387096774194,0.0,4.189189185240596,0.34347872021578857,0.8746177362086806,0.657327586472763
maliha11405,0,1402,50.0,0.6453333333333333,0.4,1.1075305235922892,0.8730637115314707,0.14,0.0,6.6115702376886825,0.42172019910169545,0.4493758662626074,0.7163120571148333
Lev_170917,1,1412,15.0,0.9333333333333335,0.6666666666666666,1.1895234269918722,1.5428784760053147,0.2,0.4,4.2857142811224485,-0.346282895759609,0.6842105256135734,0.4375000004218749
nagibatorvova,0,1285,16.0,0.8666666666666667,0.6666666666666666,0.6617173274705282,0.5671606070816161,0.5,0.0,2.4615384586982247,-0.301676003871364,0.523809523295068,1.2608695648771269
dvs117,0,1633,15.0,1.9833333333333334,1.75,0.7470961599894597,0.7287451974069711,0.3333333333333333,0.0,2.8991596624037848,0.47757234437822893,0.5056179773235702,0.551369863185776
sachin4444,0,1341,26.0,1.435897435897436,1.3333333333333333,0.8112726202636169,0.9798263955579617,0.38461538461538464,0.07692307692307693,3.249999997736607,0.25486496088532373,0.6802325577124121,0.6969696971487602
komser34,0,1561,15.0,1.1377777777777778,1.0666666666666667,0.8984714659595507,1.7179053722405404,0.13333333333333333,0.13333333333333333,2.812499997528076,0.6758839160710537,0.23719676536438994,3.432692302780141
gigichessbauru,0,1823,17.0,0.9140271493212672,0.6153846153846154,0.8454773075981338,1.2098372342229895,0.17647058823529413,0.058823529411764705,2.8613861354833343,0.09163967898467773,1.2179104463433281,2.0071684570919186
CreoGo,1,1374,46.0,0.772463768115942,0.5333333333333333,0.8544745897695784,0.889421699106412,0.2391304347826087,0.0,3.45215759403004,0.3628043363905634,0.6942007788821803,1.7474226790831917
Dr_bastwisy,0,1512,41.0,0.910569105691057,0.5333333333333333,1.0200915313874057,0.99388709133212,0.24390243902439024,0.0,4.099999995497321,0.15961721516726615,0.8534482749516016,1.1148025100178558
dcz222,0,1761,42.0,0.6031746031746031,0.6666666666666666,0.8962834914575512,1.2993168322049813,0.40476190476190477,0.35714285714285715,3.315789468186981,0.36627456529569224,0.853333331968,0.46153846219082845
erfan2586,0,1903,19.0,0.8771929824561402,0.6666666666666666,0.6548282210032919,1.0587885654998848,0.47368421052631576,0.15789473684210525,2.2799999974008003,0.5758568079918577,0.5113636358406508,2.3142857117510203
sanskritsquirel,1,1545,53.0,0.720754716981132,0.3,1.198787110496899,1.1659762005235161,0.1320754716981132,0.0,4.231675386798985,0.5131094388494392,0.9414858632752857,0.1636889576168003
xLagi,1,1999,18.0,1.0740740740740742,0.6666666666666666,0.995232391463874,1.2993349204671483,0.3333333333333333,0.2222222222222222,4.344827582161712,0.12620714690921067,2.1428571401020413,1.8999999987850003
silky_j,0,1908,16.0,1.1666666666666665,1.3333333333333333,0.7953949082939504,1.3972858423053316,0.3125,0.25,2.285714283755102,0.6207036303215917,1.1142857132828567,0.6470588237785467
AlexanderGrey,0,1167,20.0,1.452380952380952,0.5714285714285714,1.19909936557957,1.0879695621006433,0.25,0.0,4.524590160819135,0.3852046854044394,1.0235849049506278,0.6310160429879323
clown56789,0,1953,15.0,1.0666666666666667,1.3333333333333333,1.0408329987572853,1.3779575033179252,0.26666666666666666,0.4666666666666667,2.49999999765625,-0.4668607766909836,0.6666666661111111,1.22499999976375
Raclos,1,1288,39.0,0.6017094017094016,0.4,0.9818865700603513,1.1298900895925252,0.1282051282051282,0.05128205128205128,4.653409083175443,0.5325008806997742,0.6692307682128835,0.4318181824873217
acer_ace,0,1929,59.0,0.5943502824858756,0.26666666666666666,1.4830847073150548,0.857706139315432,0.22033898305084745,0.0,10.319391617618516,0.5028171712832189,0.8512336706031272,0.5028901740353838
ROY_12345,0,1922,60.0,0.45555555555555555,0.4444444444444444,0.7734694591991514,0.5317469767727477,0.36666666666666664,0.0,4.390243892801903,0.3518089732819976,1.029411762435121,0.684931507431976
SantiagoJose7,0,1535,29.0,0.8582375478927204,0.8888888888888888,0.6891793026042298,1.066923522836158,0.3793103448275862,0.06896551724137931,2.8482142823956074,0.10724668437085542,1.1399999986075717,1.5555555547222224
not_best,0,1883,61.0,0.4730679156908665,0.2857142857142857,1.1182129860930619,1.3004512074972499,0.16393442622950818,0.08196721311475409,4.831683158103323,0.15992459962527453,0.8371223900701257,0.3297173860327305
billybong,0,1519,23.0,0.9217391304347826,0.6666666666666666,1.1114472799280066,1.2090278206826832,0.391304347826087,0.043478260869565216,5.062893076268246,-0.14422986606206684,1.0840579698126023,1.2267156859994508
edwin197850,0,1302,18.0,1.851851851851852,1.3333333333333333,0.8944271905169252,1.3826898921773305,0.16666666666666666,0.16666666666666666,3.2399999982503993,0.04481274169454284,0.4232558137615467,1.2727272725599175
thunjeki_stl,0,1837,60.0,0.6111111111111109,0.6666666666666666,0.7788527256565647,1.2165588786359514,0.48333333333333334,0.3,2.1818181782479344,0.22723648121890658,0.9898989882821552,0.571428571979592
oguzhanono13,0,1930,21.0,1.0476190476190477,0.6666666666666666,0.8907235419800104,1.2172954352584777,0.38095238095238093,0.19047619047619047,3.8181818145371897,0.19781744677718915,0.5199999995943999,1.23376623351577
Djoone,1,1159,44.0,0.5681818181818182,0.25,1.0751744025649421,1.23207300468876,0.4318181818181818,0.13636363636363635,5.2799999907072,0.6830773736479088,0.8421052617396122,0.4492753630212141
Pikathrew246,0,1842,56.0,0.3464285714285715,0.2,1.07479960585126,1.4978164970643988,0.07142857142857142,0.125,4.81099654968647,0.1679544371054976,0.6707317055175491,0.6918604658687127
nevska777,0,1427,20.0,1.1666666666666665,1.3333333333333333,0.5959043884782024,0.7602243674390128,0.4,0.05,2.857142854693878,0.07020281940880473,1.0384615375628699,1.0588235293598616
Amin299249,0,1377,22.0,0.8409090909090909,0.5,1.0776974061441915,1.0700257284386385,0.22727272727272727,0.045454545454545456,3.567567563325055,0.08413541382790554,0.57599999944704,2.0833333313472227
Natvarlal10,0,1479,23.0,0.5971014492753625,0.5333333333333333,0.6172497591702304,0.5717797829029353,0.5217391304347826,0.0,2.6796116459977375,-0.11595193217167928,0.43043478197707935,1.6351351337189555
newbie_2018,1,736,38.0,0.9087719298245613,0.7333333333333334,0.8133165904150234,0.9036395324121673,0.18421052631578946,0.0,3.8146718104742035,0.1289347680723226,0.5841503262390068,0.40760869611095507
hemnM2,0,1341,42.0,0.37037037037037035,0.2222222222222222,0.7928249650314645,1.0366403877810209,0.42857142857142855,0.11904761904761904,4.19999998866,0.0566912905843382,0.740740738888889,0.7073170738453302
AlexanderSkripnik,0,1481,21.0,0.49735449735449727,0.35555555555555557,0.8071432990565032,0.942709607992582,0.23809523809523808,0.0,3.127659568179493,0.43601112887645377,0.6417112287883555,1.0968843361162706
oay90bymo,1,1225,27.0,0.9523809523809523,0.7619047619047619,0.9221552844204672,0.8261128957785215,0.2962962962962963,0.0,4.79999999496,0.23520352586182225,0.7945652166204898,1.2706766914052237
ediusdam,0,1738,52.0,0.4243589743589743,0.3333333333333333,0.6579377908868549,0.6976876091266562,0.34615384615384615,0.0,2.6706948577548584,0.2773775337783248,0.8794285694234744,0.7329842937389326
anishdhanala,0,1241,16.0,0.4458333333333333,0.43333333333333335,0.46306501360948016,0.5825598112099235,0.4375,0.0,2.0934579392296273,0.09267306427847864,0.7061728380676724,0.8135593224130996
Oxicidz,1,1602,18.0,1.3076923076923075,0.9230769230769231,0.7835780857807181,0.96434703219681,0.0,0.0,2.5882352921384086,0.22064382914835737,0.783999999429248,1.2835820893046337
urundeymi,0,1435,50.0,0.6177777777777778,0.4444444444444444,0.6116800432976396,0.7019200852513648,0.38,0.02,3.2374100667020342,0.2177242726520273,0.731557375915866,0.8533333335533335
marchelli,0,1109,30.0,1.1641025641025642,0.9230769230769231,0.647157404877618,0.6337543129710438,0.4,0.0,2.378854623507151,0.010193067039574727,0.4077669899824677,0.9912280701829409
MichaelTalaat123,0,1250,41.0,0.45760743321718933,0.38095238095238093,0.7019774162553245,0.776552567273841,0.3902439024390244,0.0,2.9137055773890848,0.37030144309590524,0.6895622881580898,0.6512006518267014
lordkoreano,0,1754,46.0,0.7826086956521737,0.5333333333333333,0.949651584596177,0.9435952061070537,0.21739130434782608,0.0,3.918518513511524,0.4206500150372555,0.9633802804689547,0.5168539330524871
RareEmerald,0,1495,16.0,1.675,1.6,0.5010570245245785,0.48467827915474576,0.375,0.0,2.149253730060147,-0.48066497859977936,0.6545454541884296,1.913043477466919
WiteMan,0,1691,38.0,0.982456140350877,0.6666666666666666,0.8770020818079569,1.032560302275251,0.5263157894736842,0.13157894736842105,4.7499999951651795,0.13697269071120136,0.4180602003280864,0.9310344828263969
marcomira,1,1333,15.0,0.6962962962962963,0.4444444444444444,0.6979242316298632,0.6606088203184786,0.26666666666666666,0.0,2.8723404214067454,0.45661628699123646,0.3088803085797767,1.1812499997145312
Adriano2021,1,1702,18.0,0.4444444444444444,0.0,1.8708286891776063,0.9969002844640376,1.0,0.7777777777777778,4.499999989875,-0.2306985727598474,1142857142.8571427,1.0
vin4prez99,0,1315,33.0,0.8808080808080807,0.6666666666666666,0.828232571778396,0.7799920526683527,0.30303030303030304,0.0,4.087155958662518,0.19570453761502224,1.1446153832418464,0.6493388056157543
Naushad_vavachan1900,0,1582,20.0,1.0399999999999998,0.4,1.2779421315278363,1.460495845688191,0.45,0.2,4.615384610946746,0.39248093164768677,0.8253968246516754,1.736842104293629
Cris1231456,1,1114,32.0,0.5476190476190476,0.38095238095238093,1.0817265462529109,0.7481806226068749,0.375,0.0,6.2608695537845,0.26489844221849423,0.3294346973298109,0.6140350882880886
HelloYoungMan,0,1742,26.0,1.4102564102564101,1.3333333333333333,1.0758045223271215,1.3361207729836306,0.2692307692307692,0.19230769230769232,4.727272723920661,0.20709702321480464,0.5624999996548296,0.4864864867571219
rjrhsummer,1,1652,30.0,1.1688888888888889,0.8,1.219584341141414,0.9731594073524671,0.23333333333333334,0.0,6.273764253187844,0.2847556821621171,2.237931031936148,0.6751592359015578
yasskelly,0,1258,58.0,0.574712643678161,0.4444444444444444,1.1711343009162278,1.418786256792401,0.2413793103448276,0.1896551724137931,5.026666657920266,0.17637669188966315,0.4720279713038383,1.1428571425908158
LeoCaruso,0,1222,24.0,1.3888888888888886,1.3333333333333333,0.8863407916082484,1.4701589686378322,0.25,0.25,3.359999997580801,0.32630293052626924,1.225806450663892,0.5151515154159779
omarmohamdar,0,1586,16.0,0.515,0.33333333333333337,1.1651519169197115,1.0855477074819893,0.0,0.0,4.970873776755585,0.3450214864550801,0.1855670100223191,1.6637931017315692
Flafes,1,1500,15.0,1.3777777777777778,0.6666666666666666,0.9752397707651307,1.5087115810996583,0.26666666666666666,0.26666666666666666,2.903225804344433,-0.5554167205094301,0.13333333325333335,0.8203125001179199
killjhin,0,1484,31.0,1.2086021505376343,0.6666666666666666,0.9617236073560398,0.8486200263836489,0.25806451612903225,0.0,4.412811384249186,0.4627367672944879,1.1159029640121039,1.696874999216016
brisachess1,1,1990,18.0,1.3703703703703702,1.3333333333333333,0.6778343889099292,0.8651001574507062,0.2777777777777778,0.05555555555555555,2.4324324306574145,0.03514220091268108,1.6587301572096562,1.846153845275148
ILYAS9135,0,1669,38.0,0.8070175438596491,0.26666666666666666,1.4425481532437647,1.3833271807846086,0.18421052631578946,0.02631578947368421,6.2782608617856335,0.5935733271535893,0.9893617009041141,0.24324324382615045
Arafaaath,0,1803,39.0,0.9914529914529913,0.6666666666666666,1.1683499537248483,1.4325377299027493,0.41025641025641024,0.3076923076923077,4.706896546976666,0.2163977290382501,0.8377777769679259,0.36190476233775504
tavohn,0,1723,20.0,1.7666666666666664,1.3333333333333333,0.7187168658098173,0.6211695623048766,0.2,0.0,3.3962264131719477,0.10615879604323078,0.7083333329791666,1.7894736835872576
lindomardias,0,1451,52.0,0.38653846153846155,0.25,1.2211371558000872,0.7895066089643428,0.28846153846153844,0.0,8.407960177253038,0.18947197892852827,0.5301418426744756,1.716216213699781
D7_Aissa,0,1277,35.0,1.0666666666666667,0.6666666666666666,1.1991647213997705,1.049740099234384,0.11428571428571428,0.02857142857142857,5.833333327864583,0.2745989704761486,0.3799668871114835,0.5960086302892642
AFS_Piero14,0,1488,17.0,0.8823529411764707,0.8,1.0118702877151218,1.0616315370606726,0.35294117647058826,0.0,4.533333328195555,-0.2795374081711836,0.21890547245711736,1.464052286926567
moataz206,1,1454,60.0,0.6222222222222222,0.4444444444444444,1.040832998060299,0.9687899834582282,0.3,0.05,6.071428561670919,0.2726981798679144,0.7434827934543207,0.4736842111495846
cardenas65,0,1755,16.0,0.7361111111111112,0.4444444444444444,0.5818544877042457,0.5298517132394622,0.5,0.0,2.4150943363417583,0.2080402775853555,0.6594202890164618,1.304347825610586
MengoDragon,0,1905,37.0,0.9369369369369367,0.6666666666666666,0.748272170676122,1.2328064304910364,0.35135135135135137,0.21621621621621623,2.846153843116125,0.5612766636097392,1.102941175254109,0.3840682792545845
DRodchess,0,1723,19.0,0.6081871345029238,0.4444444444444444,0.6793662193697229,0.647105154990763,0.15789473684210525,0.0,2.9230769182707106,-0.2142977654957772,0.5142857135914286,1.2272727268543389
Ktma,0,1712,31.0,0.9892473118279568,0.9333333333333333,0.7645748282576981,1.0788478393742909,0.1935483870967742,0.03225806451612903,2.830434779747496,0.3189846168986556,0.8191340774229016,0.5598958336771646
sidneir,0,1798,33.0,1.0582750582750584,0.7692307692307693,0.6007363495197723,0.5855335833930473,0.24242424242424243,0.0,2.61674008563308,0.28169717568442293,0.6930693063062444,1.0743618201268195
NiceandDandy,1,1226,23.0,0.8695652173913043,0.6666666666666666,0.6565905193646612,0.9790187770389708,0.5652173913043478,0.13043478260869565,2.299999997355,0.3468375364965729,0.6956521731871457,1.8333333319583331
Cubi_123,0,1331,17.0,1.2705882352941178,0.9333333333333333,0.9632003498488159,0.9469789425477155,0.11764705882352941,0.0,3.777777774804526,0.03386503755451179,0.6617647054444203,0.7111111113037039
dev_5005,0,1476,29.0,1.1877394636015324,0.6666666666666666,0.9351946152274434,0.839325466861289,0.10344827586206896,0.0,3.7419354807205,0.36416475329670034,0.8176538901665109,1.1632850240055028
wmh86,0,1677,22.0,1.212121212121212,1.3333333333333333,0.5656854244825478,0.7425586585265328,0.4090909090909091,0.045454545454545456,2.7499999977312504,0.19492751463419764,0.583333332925,0.8181818183181818
zednzed,1,1289,17.0,0.7058823529411765,0.6666666666666666,1.0482201242990885,1.4406907809874536,0.29411764705882354,0.4117647058823529,2.8333333293194443,0.44723437776701713,1.4666666642466666,0.888888889037037
alexnnnnnnnder,0,1607,19.0,1.5789473684210527,1.3333333333333333,0.7145748969169259,0.5885269361826123,0.3684210526315789,0.0,2.9555555536837037,0.029233210950429404,0.5769230765902366,1.4823529407934255
turbogenerator,1,1355,22.0,1.636363636363636,1.3333333333333335,0.782856239644437,0.8478012276855752,0.09090909090909091,0.0,3.25925925726749,0.33503097975415047,0.5913043474982987,1.8421052624265928
CONELROCKENLASVENAS,0,1925,29.0,0.9425287356321841,0.6666666666666666,0.731707316296847,1.0352793181517599,0.5172413793103449,0.13793103448275862,2.8292682896811416,0.05908078454495703,0.657142856495102,1.7999999988
Jesusleon1953,0,1571,35.0,1.0019047619047619,0.6666666666666666,0.9687687627927812,1.1596653861279886,0.17142857142857143,0.02857142857142857,3.726235737725715,0.574705605094976,0.9338592223829781,0.2440191392171654
christianlbmtz,1,1443,20.0,1.4666666666666666,1.3333333333333333,0.8207031851344201,0.5805843892841006,0.25,0.0,4.090909088119835,0.25939034237576175,0.567567567222425,0.8333333334374999
rachmaninoff80,0,1050,24.0,0.6128205128205129,0.3076923076923077,0.967088534720764,0.9252174257414301,0.20833333333333334,0.0,3.7656903704241866,0.19920166763679475,0.763779526386323,0.689045936824283
marangam,0,1489,17.0,0.840958605664488,0.6666666666666666,0.8145763254321937,0.8348816033375397,0.23529411764705882,0.0,2.8186528463892184,-0.1491419347918533,0.5130784703371639,1.5619047610378234
oay90bymo,1,1225,17.0,0.8795518207282912,0.38095238095238093,1.0296035989445687,1.4242463093868023,0.17647058823529413,0.058823529411764705,3.573248403580734,0.367437726441997,1.6484848459671628,1.291666666283854
Gagha,0,1850,42.0,0.8752834467120181,0.2857142857142857,2.2201815560719833,1.4384143988054228,0.14285714285714285,0.07142857142857142,13.27461138379766,0.2338255400832087,0.4420731703071553,0.1556886233118882
MateoCps77,0,1073,22.0,1.139393939393939,0.8,0.8647830389389547,0.7155515972846218,0.13636363636363635,0.0,3.9787234007633554,-0.29509153677626015,0.6347826082402646,0.8431372550288352
eudes2018,0,1514,31.0,0.93394777265745,0.7619047619047619,1.1135828000059613,0.9832973698653664,0.25806451612903225,0.0,5.91447367787776,0.3106255677089026,0.5659448813516705,0.6114130438108828
sergio_7,1,1475,16.0,0.5791666666666666,0.33333333333333337,0.9840874614816907,1.095477959089776,0.1875,0.0,3.3381294906392016,0.4438578201603655,0.5617977520515086,0.3113207554966181
cobrakai1974,0,1245,25.0,0.6080000000000001,0.4,0.938801418943702,0.7379590213625956,0.28,0.0,3.947368414560249,0.19232430214279486,0.8372093010113574,0.8604954369794269
CLSfrog,0,1192,35.0,1.0857142857142856,0.75,1.0572677498598808,1.2509655944375326,0.2,0.08571428571428572,5.065789469018352,-0.12306760305448829,1.1658119646720606,0.3148148152235217
CharlieCueto,0,1778,15.0,0.962962962962963,0.6666666666666666,0.8370135688991285,0.7860130895165586,0.06666666666666667,0.0,3.2307692274142013,0.17781215709618925,1.3061224475401916,1.8333333320833334
femetre,0,1430,19.0,1.6140350877192982,1.3333333333333333,0.47028929650827583,0.7987088836442817,0.5789473684210527,0.05263157894736842,2.065217390024811,0.12148406590040954,1.0416666660156249,1.071428571382653
sukatjalan,1,1909,20.0,1.3666666666666667,1.0,0.778579984772374,0.856203836541151,0.0,0.05,2.9268292661511004,0.04373778517946002,0.7526881715331252,1.0499999999624998
H3ctoR,0,1775,27.0,1.2181069958847734,0.8888888888888888,0.8914822966989869,0.9324172480540611,0.1111111111111111,0.0,3.831081077935971,0.4292568610257109,1.3411214941426544,0.5816326533301748
maxfreak,0,1715,25.0,0.6933333333333335,0.5333333333333333,0.6572310563841883,0.6938668795549402,0.48,0.0,2.884615380454881,0.2775013118449916,0.9473684197063714,0.9519230769906851
ElZbignievo,0,1349,36.0,1.0085470085470083,0.6153846153846154,1.0836859218506356,0.980307634786521,0.2222222222222222,0.0,4.881355927363402,0.24060619868198266,0.8666666658391714,0.21649484583335105
lalabok,0,1866,31.0,0.9462365591397849,0.6666666666666666,0.6396021483908881,0.5827772945086158,0.16129032258064516,0.0,2.58333333060322,0.29748680527171195,0.973520248197623,0.8559782610104558
AmrNabil230,1,1894,35.0,1.0530612244897959,0.38095238095238093,1.2873715903469596,1.1320033750238763,0.2,0.0,4.431524543595387,0.4883269822358471,0.17425271725706348,0.7019519521915984
patrykowski2,1,1806,41.0,0.7967479674796747,0.6666666666666666,0.9280666927863713,1.2227917874231058,0.4634146341463415,0.24390243902439024,5.020408156964183,0.35604241818480376,0.8845208834451158,0.6031746035714284
patrykowski2,1,1797,40.0,0.7499999999999999,0.6666666666666666,0.7217947443225722,1.0431553238529336,0.6,0.175,3.555555550814815,0.20301094167108288,0.3902439019821535,1.1428571426530614
barryjonh,0,1784,26.0,0.547008547008547,0.4444444444444444,0.6592194709738954,0.9996816775344053,0.3076923076923077,0.07692307692307693,2.4374999955439454,-0.11478624415361077,0.8975609740335516,0.5238095244727893
Arturo303,0,1822,25.0,1.2,0.6666666666666666,0.6478835433317971,0.5222674211346237,0.6,0.0,2.777777775462963,0.13837266821399508,0.4871794868234714,0.8829431439043188
JOELGAMIS,0,1890,16.0,0.6416666666666666,0.6666666666666666,0.6701852377836423,0.7751518725627771,0.3125,0.0,2.7012986970888857,-0.027184728620190012,0.6233333324762499,0.6739130439035915
Kenny423,0,1455,30.0,0.7288888888888887,0.5333333333333333,0.693327807756319,0.8242662584464938,0.23333333333333334,0.0,2.5609756062425646,0.06183858975937512,0.5224634016851344,1.143790849461745
ez_erfun,0,1162,17.0,1.0226244343891404,0.9230769230769231,0.9499990716600195,1.4938234962390229,0.4117647058823529,0.11764705882352941,3.7610619432248016,0.41330437519905694,0.45959595920367824,1.00628930816993
steffenizastud,0,1431,70.0,0.6428571428571429,0.5,1.0321977017271229,1.0529926356472865,0.22857142857142856,0.07142857142857142,5.833333324259259,0.38713544383504433,0.8850574699215221,0.2765957453991248
edbergchang,0,1640,23.0,1.6521739130434783,1.3333333333333333,0.9657093990311325,1.0467201241857733,0.43478260869565216,0.08695652173913043,4.842105260227147,0.23880880512939795,0.6649999996209498,1.9861111102071758
pommel09,1,1900,21.0,1.2857142857142858,1.0,0.9028127558218204,1.1619254800708603,0.14285714285714285,0.0,3.16296296050288,0.31971034798305803,0.4263005777574635,1.1710323573280925
savargas,0,1105,17.0,0.5411764705882353,0.4,0.9541032208823623,1.1353082803370595,0.11764705882352941,0.058823529411764705,3.6956521670841216,0.4406399193900658,0.5534591186353388,1.8989898965381078
nachozave,1,1056,16.0,0.7916666666666667,0.5333333333333333,0.9697359482140653,0.9060866460707719,0.375,0.0,3.7894736794238226,0.2695496690834234,0.3503184710028804,1.159090908873967
cristobal_68,0,1801,56.0,0.634920634920635,0.4444444444444444,0.8299096323277838,0.8581050069699308,0.26785714285714285,0.03571428571428571,4.8999999922825,0.17564859684708564,0.9602977652508508,0.9277108434832342
Noel011,0,1727,26.0,0.7743589743589742,0.5333333333333333,0.8462581157460823,1.2490745373510816,0.38461538461538464,0.07692307692307693,3.4437086048243506,0.2512408827468161,0.9551886780287692,0.4519230774368991
erfandehghani7496,0,1911,48.0,0.6805555555555557,0.6666666666666666,0.9269440761216953,1.2822426956337183,0.4583333333333333,0.3125,3.9183673411811735,0.2614113503562041,1.1687499981920897,0.40000000061714286
Giovannibc,0,1424,16.0,0.7666666666666666,0.6,0.8835826698432215,0.9067995331404038,0.125,0.0,3.13043477852552,0.4599570180657925,0.9770114929894966,0.8775510205581006
aliiii03,1,1760,56.0,0.6547619047619049,0.6666666666666666,1.0625091135544935,1.3553590941587692,0.39285714285714285,0.375,5.090909083133884,0.08106892581919022,1.1294559081668878,0.6176470592958478
Fudame21,0,1373,21.0,0.7555555555555556,0.4666666666666667,0.9834266750101993,0.8820925370618776,0.14285714285714285,0.0,3.264705878032007,-0.12506880895616843,0.46153846100591717,2.8213166097097617
theyetg1n,1,1401,29.0,1.0957854406130267,0.6666666666666666,0.8749925765227266,0.8978316067801171,0.10344827586206896,0.0,3.650349647018387,0.08530936814989157,0.44817927136972435,1.0009661835739967
Chesspirito63,0,1152,53.0,0.240251572327044,0.13333333333333333,1.0401337553318255,1.1480815575458396,0.22641509433962265,0.07547169811320754,5.827225106635372,0.1253535050506156,0.6426484883093194,0.3507936526021541
iButterCutter,1,1117,33.0,0.8409090909090909,0.5,1.239516543849598,1.2154249450421954,0.24242424242424243,0.09090909090909091,6.243243235818846,0.18960807189011555,0.46666666621037034,1.4331550795838601
werneck,0,1259,21.0,1.6126984126984123,1.3333333333333333,1.074319927626437,1.5425040334809244,0.14285714285714285,0.047619047619047616,4.0511810998501545,0.12856207605061035,0.20869565207863894,0.5340909093093039
Jeff0x2023,0,1874,36.0,0.7703703703703703,0.4,0.8760032276267555,0.8661818196381559,0.19444444444444445,0.0,3.980769225601887,0.14405567014145923,0.5838509310242661,1.0799999998919998
thetasquared,0,1730,29.0,1.011494252873563,0.6666666666666666,0.9096589125638374,1.3207125798311705,0.3448275862068966,0.2413793103448276,3.9545454506358473,0.4751957820523531,1.0370370359999999,0.48275862106420914
Polo6272,0,1131,42.0,0.6011904761904762,0.25,1.3369269916257671,1.1032350509348727,0.42857142857142855,0.09523809523809523,7.900990085867661,0.10596297674484395,1.7794117612517302,0.42253521195080346
SapiensHacks,1,1475,16.0,1.0,0.0,1.224744870166844,1.2444023194034632,1.0,0.5625,3.9999999959999997,-0.42776866798647945,2.3333333306111115,2.9999999960000006
batorres,1,1169,28.0,1.0142857142857142,0.7333333333333334,0.9123335386469101,0.8900749882168199,0.21428571428571427,0.0,4.338028164737156,0.3987964406306466,0.3324468082453882,1.3932584265023356
Heliodogas,0,1531,21.0,0.6666666666666666,0.4444444444444444,0.8034317914833453,1.343625549012668,0.14285714285714285,0.14285714285714285,2.9999999955000005,0.10074511796308018,0.5757575750509643,0.9999999999999997
Undertaker_ZA,0,1962,28.0,1.3174603174603174,0.6666666666666666,1.2137619913574362,1.272362062614115,0.21428571428571427,0.07142857142857142,4.385542165345914,0.32913407301625064,0.41834451873769946,0.22058823565516872
sun0302,0,1511,20.0,1.5111111111111108,1.1111111111111112,0.8891892028133881,0.8899549059420302,0.3,0.0,3.0882352920739624,0.32557875905755845,0.42857142832833134,0.7000000001687502
Mad13mad,0,1695,25.0,1.056,0.6666666666666666,1.0331462048137348,1.3932993419322512,0.36,0.08,3.787878784291781,0.25585674543039616,0.2415153905065256,1.000809716598423
craigmcox,0,1970,17.0,0.980392156862745,0.6666666666666666,0.6645299083556256,0.9809449040777214,0.47058823529411764,0.11764705882352941,2.7199999972256004,0.14050413579026153,0.6190476184727891,0.820512820678501
LuChessBR,0,1624,20.0,0.9777777777777776,0.8888888888888888,0.4568125277655732,0.4512101531791679,0.4,0.0,2.0454545433626037,0.13825783814093554,1.115942027784657,1.0952380951360545
z7DaviD,0,1828,20.0,1.1,0.6666666666666666,0.819303383170074,1.135627537216114,0.45,0.15,3.030303027548209,0.3610287690484487,0.6964285708627234,1.538461537840237
HalfVulcan,0,1818,25.0,0.9973333333333332,0.8,0.9138910695471123,0.9317802059930361,0.12,0.0,4.144385022582503,0.25076145950405876,1.1056910557644257,0.9132569558931991
Jay_patel13,0,1750,46.0,0.6038647342995168,0.4444444444444444,0.8144691509215999,0.9197098131734623,0.2826086956521739,0.043478260869565216,3.311999994515329,0.4700792006928777,0.6666666656666669,0.40449438271499816
Chessblazer111,0,1548,26.0,0.38461538461538464,0.0,2.505992810712752,0.9299968712879756,1.0,0.8461538461538461,10.399999972959998,0.0702369460745037,2.8333333212916667,1.4999999983749999
Ernelegra,1,1763,47.0,0.7983789260385004,0.38095238095238093,1.0536938885130682,0.9651420983667311,0.3404255319148936,0.0,3.936548218419578,0.20149992636824116,0.9138134581465066,0.21793873371402225
ScanYourMirrors,0,1061,19.0,0.9605263157894737,1.0,0.5618108666592072,0.49177626051188394,0.47368421052631576,0.0,2.6027397233176957,-0.09207613745455652,0.8396501449500803,1.0323529411422145
FVH_01-09-2012,1,1315,23.0,0.8888888888888886,0.8888888888888888,0.5851421225458358,0.6429815633723573,0.21739130434782608,0.0,2.2499999974687506,-0.11401364279646031,0.34285714252653055,1.4259259253402778
ArielDiego,0,1982,41.0,0.8238482384823846,0.6666666666666666,0.8086487128505261,1.0186270491573461,0.17073170731707318,0.04878048780487805,3.506578943112081,0.09126644972827715,0.4852941171171606,1.0038610038563078
PEMilian,0,1594,47.0,0.7706855791962172,0.4444444444444444,1.0248153615081008,1.2252934018435362,0.1702127659574468,0.0851063829787234,4.036809810712976,0.16036301369403533,0.5424501418353657,0.9236947792116179
Atharv-7985,1,1438,25.0,1.2,1.0,0.8354140682939641,1.26775126676492,0.24,0.08,3.1249999973958333,0.5095560851183006,0.2539682538134543,0.4114921226758377
yogaisbc,0,1299,20.0,1.1222222222222222,0.8888888888888888,0.8619549724442727,0.7326386952895522,0.4,0.0,3.7623762342711498,-0.4660119274994793,0.29523809508625853,0.4225352116336044
Imayosh,1,1209,19.0,1.0771929824561404,1.0666666666666667,0.7150857288155298,0.9779095859319658,0.2631578947368421,0.0,2.289902278004488,0.5241273612566085,0.2810035840178825,1.7567307682484747
pzache,0,1408,54.0,0.5975308641975309,0.5,0.8431473639292834,0.8371181063108232,0.2037037037037037,0.0,5.355371891863944,0.2371486906457542,0.994826898456716,0.5562700970408703
The__eel,0,1806,62.0,0.5118279569892473,0.26666666666666666,1.3060402418425368,1.5556548316115597,0.14516129032258066,0.1774193548387097,5.470588224605783,0.4856361888948219,0.7560439546481826,0.2395833342541505
AmrNabil230,1,1888,24.0,1.0753968253968254,0.7142857142857142,1.1997955089365018,1.0652287624564545,0.20833333333333334,0.0,4.7822878184312305,0.09042346300547646,0.7486631009737195,0.4188481679226447
rotarola,0,1403,36.0,0.9786324786324783,0.7692307692307693,0.8426363622889667,1.1783962921714408,0.2777777777777778,0.05555555555555555,3.1441048002806977,-0.03898407302179364,0.40975609719719214,0.7751937986535063
NiceandDandy,1,1160,21.0,1.1428571428571428,0.6666666666666666,1.0046189613445766,1.3640533621131008,0.3333333333333333,0.23809523809523808,4.083333329760417,0.12614538698351802,1.0340909081743284,0.9090909091666668
anna160984,1,1971,39.0,0.46153846153846145,0.26666666666666666,0.9007998255449796,1.090097753200814,0.2564102564102564,0.02564102564102564,3.4666666591555564,0.39823690876318835,0.42567958274708884,1.0539062498799743
ibnslah,0,1668,20.0,0.9111111111111109,0.8888888888888888,0.9187711307885374,1.6225012250014519,0.1,0.2,3.90243902010708,-0.0848401838464482,0.9599999989632,2.5652173882419667
gutierrezraul,0,1935,49.0,0.37142857142857144,0.13333333333333333,1.4160719214679167,1.6570599209808818,0.12244897959183673,0.16326530612244897,6.641025623145956,0.5042659790499207,1.0362694272329458,0.28208530928175013
k_schroeder,0,1565,42.0,0.49735449735449727,0.2222222222222222,1.0217197599493482,1.4261900154425005,0.30952380952380953,0.21428571428571427,4.021276587659349,0.22013355660916106,0.588477365176269,0.7407407411944444
INES35SURCO,0,1844,23.0,0.8985507246376813,0.6666666666666666,0.8070965154370574,1.2211119051344257,0.43478260869565216,0.21739130434782608,2.967741932181061,0.04257270108196423,1.0312499988398438,1.92499999847375
grumpy58,0,1864,33.0,0.5594405594405594,0.46153846153846156,0.612372434601179,0.5998770243004742,0.30303030303030304,0.0,2.7499999950843756,-0.025156456558940554,0.9288389496827842,0.9730807577742705
bembemcamero,0,1764,28.0,1.3095238095238095,0.6666666666666666,0.9074530693774199,1.291748196550633,0.42857142857142855,0.17857142857142858,3.563636360915041,0.17407696965294672,1.407407406191919,0.44736842135803306
suhuBo,0,1793,27.0,0.45925925925925926,0.26666666666666666,0.6858158573927976,0.6839202883818466,0.2962962962962963,0.0,2.322580640104058,0.39504718518702214,0.82608695481569,1.1275510201120629
meddie,0,1021,52.0,0.7728937728937727,0.38095238095238093,1.1528088950796291,1.18250304105632,0.38461538461538464,0.019230769230769232,4.312796202950744,-0.01731505920090623,0.725439724570505,0.2196531798064586
bg103,0,1447,33.0,0.9976689976689977,0.7692307692307693,0.8944418379962207,0.8703676679138916,0.18181818181818182,0.0,2.9299065391193224,-0.07336118960280008,0.3619047615911111,0.22982216188839757
camilapierotic,0,1370,43.0,0.7799642218246868,0.6153846153846154,0.8142686368733412,0.7219183261847124,0.32558139534883723,0.0,3.7477064172133767,0.45288623167322395,0.8825581384342518,0.5643662910777067
Luisalva,0,1568,24.0,0.7000000000000001,0.6,0.6739959909597563,0.768759198181471,0.20833333333333334,0.0,2.476190472653061,-0.2232916075914438,0.5327102797017207,1.09999999985
David_mj,1,1470,54.0,0.7242798353909464,0.2222222222222222,1.4381174543377242,1.8674576949263402,0.2037037037037037,0.37037037037037035,7.056818172074962,0.18135040224989404,0.5129251694556575,0.14285714353339518
Binho2112,0,1759,37.0,0.8168168168168167,0.4444444444444444,0.8534481241637956,0.8904460435079208,0.2972972972972973,0.02702702702702703,4.624999994337776,0.11247736324411133,1.7925824150117367,1.3130193901369003
zabidi,0,1984,36.0,0.5185185185185184,0.4,0.9066646641155717,0.7451941924254833,0.2222222222222222,0.0,4.37142856299796,0.25808289616409624,0.38360655676390754,1.0289855071896659
NiceandDandy,1,1176,19.0,1.7192982456140349,1.3333333333333333,0.5384043245143125,0.535917094607153,0.2631578947368421,0.0,2.326530610891712,0.1873157474447137,0.9953917044911549,1.0173913043376184
Kumar9VC,0,1446,30.0,0.8307692307692307,0.6153846153846154,0.702077392148138,0.7454171756172512,0.3333333333333333,0.0,2.962962959396434,0.3013920091365335,0.4179104473557586,0.8620689656718193
joatmon,0,1767,33.0,1.01010101010101,0.6666666666666666,0.9765244482919371,1.2479628824236386,0.3333333333333333,0.21212121212121213,5.2799999947728,0.3060639786121792,1.0979729718601625,0.5768500952042602
as118714,0,1156,37.0,0.7891891891891891,0.4,0.9315068481347344,1.0703718603449373,0.40540540540540543,0.10810810810810811,4.054794515410022,-0.32849166984792,0.5121212115664142,0.4640171863139262
FearTheDragon,1,1765,22.0,0.867132867132867,0.6153846153846154,0.870071222174752,1.1521520223388866,0.3181818181818182,0.045454545454545456,3.548387092682103,0.1946691762068121,1.2698412682690854,2.351351348739956
roddy3219,0,1900,15.0,0.6222222222222222,0.4666666666666667,0.6472075012498048,0.7819074581489982,0.2,0.0,2.142857139413265,0.2198232804979877,0.6570796450582466,1.1666666663750003
UnknownMaster119,0,1699,37.0,0.3995299647473561,0.2608695652173913,0.9805019521818438,1.235475817495781,0.10810810810810811,0.08108108108108109,4.1352941072966605,0.38545457985258214,0.684440557844329,0.5167464123926492
yaf2011,0,1699,19.0,0.8771929824561402,0.6666666666666666,0.8197560603422461,1.1959384414151892,0.47368421052631576,0.21052631578947367,3.0399999965344007,0.36168439117928547,0.6470588229013841,0.7071428574252548
EL_FEDE,0,893,21.0,0.8063492063492064,0.6666666666666666,0.7189110044951034,0.7958608624425338,0.2857142857142857,0.0,3.30708661007192,-0.1557977144691471,0.6182065210839658,0.9235209236119702
Tanos10,0,1236,48.0,0.6861111111111112,0.5,1.0468777640736262,1.1895213872599308,0.14583333333333334,0.020833333333333332,5.635627522150502,0.09942153364246806,0.28831168796001155,0.8571428573361976
ccaso10,0,1670,18.0,0.47777777777777786,0.3333333333333333,0.9792327082493871,1.5627029500736436,0.2222222222222222,0.1111111111111111,3.2093023188642507,-0.5077230196899908,1.3244897927963557,0.592592593271605
Martinaugusto1,0,1559,15.0,1.180952380952381,1.1428571428571428,0.5798979655839606,0.6217755725772117,0.3333333333333333,0.0,2.5806451591050985,0.5732990935199992,0.5090909087021487,0.9956896551760556
ctrivinokesabe,0,1471,32.0,1.2083333333333333,0.6666666666666666,1.2897658064681279,1.463475755548597,0.34375,0.28125,6.068965512218787,0.14881378101597614,0.19285714271766582,0.48717948749506895
FateB,0,1789,38.0,1.0350877192982453,1.3333333333333333,0.5664669474889524,0.9450065104740561,0.42105263157894735,0.10526315789473684,2.5762711839517385,0.20798597309366848,0.7913043471035917,0.84375000013916
tobiduer95,0,1584,17.0,1.0769230769230769,0.7692307692307693,0.6482037229502609,0.7143167299501167,0.29411764705882354,0.0,2.2857142835918367,-0.05052809914383091,0.6382978718107741,1.5151515145426997
kastulito,0,1653,25.0,0.9066666666666667,0.6666666666666666,0.6859943398134238,0.9634354810740915,0.56,0.12,2.9411764673442904,0.04523027734399598,1.0370370358847736,0.8205128206923076
jacychessfisiogm,0,1659,17.0,0.5019607843137255,0.3333333333333333,1.1827619268796892,1.2349002619261136,0.29411764705882354,0.058823529411764705,5.312499989416504,0.03947867420566873,2.6360655659919368,1.6969696950688704
vipincm,0,1886,31.0,0.8215053763440857,0.4666666666666667,1.2375085109209336,0.8338301170585968,0.3225806451612903,0.0,6.573298421317847,0.08596910707388292,0.47404740427112024,2.1497844805284356
sai_ravula,0,1198,45.0,0.5214814814814815,0.4,0.8549484496363124,0.799103043804401,0.2,0.0,4.218749991910068,0.2678181262305518,0.8219557180558372,1.0717653220155319
dl8419,0,1486,31.0,1.2096774193548387,0.75,0.775227564515195,0.6827899623651617,0.1935483870967742,0.0,3.7199999969247997,0.2668600629620575,0.8588588581779616,2.0545212752495474
eslammadi,0,1773,30.0,1.2222222222222219,0.6666666666666666,1.136181802704433,0.9134685178872975,0.16666666666666666,0.0,5.272727268413225,0.24234363463343972,0.20312499985146487,3.024390240569601
osm911,1,1778,31.0,1.1017369727047146,0.9230769230769231,0.5753082892468117,0.5976883280079176,0.25806451612903225,0.0,2.373873871719209,0.43386504321681657,0.7477124176716953,1.164772727110451
lorinchess,0,1549,32.0,0.9930555555555556,0.6666666666666666,0.820271075026118,1.1075663169028307,0.1875,0.0625,3.5804195768141227,-0.13626706532657681,0.4333333329433334,1.2343749997363285
Vitorcaaaampos,0,1912,21.0,1.587301587301587,1.3333333333333333,0.7155417523491415,1.0806851984395327,0.23809523809523808,0.09523809523809523,2.5199999984124,0.1326012823936497,0.9411764700069204,1.6161616156481484
D7Mii30,0,1619,25.0,0.8586666666666666,0.4666666666666667,1.0059235832169762,1.3595147571460147,0.12,0.04,3.027950307032667,0.30764854952800474,0.40157480279388064,1.215273934419623
loki_07,0,1681,19.0,0.7953216374269004,0.6666666666666666,0.8942821044938526,1.2552478846567159,0.3157894736842105,0.10526315789473684,3.3529411722547584,0.1475334936317151,0.49499999950994994,1.8818181801948346
xakelarre,0,1670,15.0,1.5555555555555551,1.3333333333333333,0.8806305712865914,0.9691022296933042,0.4,0.06666666666666667,3.4285714263673475,-0.20906556137589472,0.5161290319583766,1.4807692303809172
skd2000,1,1933,22.0,1.1515151515151514,1.3333333333333333,0.5289408217049141,0.9246192086028049,0.36363636363636365,0.09090909090909091,1.7368421037548478,-0.1704876039895732,0.9420289847085696,0.8095238096734694
keplan,0,1095,15.0,1.95,1.25,0.8884778795386317,1.2718382386210478,0.2,0.06666666666666667,3.2051282034845494,0.6250165203375355,0.36363636348943984,0.587500000165
Ro0ho0,0,1395,27.0,1.0444444444444445,0.9333333333333333,0.745996810196653,0.8437916766914322,0.37037037037037035,0.0,3.4468085073381616,0.24413292929142333,0.8801775139726157,0.950786056095131
vitorfelippe,0,1140,15.0,1.8769230769230771,0.9230769230769231,1.222457011535691,1.3736641599942532,0.26666666666666666,0.06666666666666667,5.081967210407147,0.3022208558659205,0.21818181809586776,0.5546875001809083
kajaolaliddong,0,1801,18.0,0.8,0.5333333333333333,1.1412576976942135,0.8167459341122637,0.5,0.0,4.9999999937499995,0.17864016006165512,0.5411764700152248,1.11764705866782
Townhall300,0,1542,27.0,0.9333333333333333,0.8,0.8420182346454469,0.7625107924680151,0.18518518518518517,0.0,4.285714281122449,0.03095661758129241,0.7206896544641499,1.065746753173909
thisismyaltaccount,0,1608,16.0,1.4326923076923077,0.7692307692307693,1.0621640279117766,0.9546582203643049,0.1875,0.0,3.9731543596428986,0.3539750575118282,1.232758619791654,1.525423728350474
etecua,0,1597,51.0,0.5925925925925926,0.4444444444444444,1.0804070565417174,0.8994995096353253,0.2549019607843137,0.0392156862745098,5.624999990507813,0.1386856462440311,0.6546526857627818,0.4914529920886752
Noyan206,0,1570,21.0,0.8278388278388278,0.46153846153846156,0.8985678764610406,0.8723010656122365,0.14285714285714285,0.0,3.530973447062143,0.14063489484254943,0.3789473680580609,0.9932659932740989
sheriff-of-nothing,0,1066,25.0,1.4577777777777776,0.8888888888888888,1.048248588168458,0.9769832091417974,0.2,0.0,3.963414631427536,0.19181228748522888,0.46799999974728,0.45314685341530825
KaiCobra,0,1824,41.0,0.8032520325203253,0.5333333333333333,1.522439474962216,0.8942233574502099,0.34146341463414637,0.0,9.627530352386778,0.2100844272331857,0.5587583142426047,0.49970605572484583
Chesstorama,0,1102,28.0,0.5833333333333333,0.3333333333333333,0.9337844236118555,0.7759713456370854,0.42857142857142855,0.0,3.8857142790530617,0.04805517421630979,0.3518518513743386,0.7253521130822259
Noiinoii,1,1146,15.0,0.9841269841269841,0.38095238095238093,1.1155881579496822,1.0200169415708593,0.3333333333333333,0.0,4.2580645118022895,0.40112072085137046,0.18965517226272294,0.314692982897983
abdosalama1997,1,1067,21.0,0.6952380952380953,0.6,0.7576882258891596,1.2666837015739654,0.2857142857142857,0.047619047619047616,2.684931502987427,0.12095970092617285,0.39701704501466856,0.533596838451624
CheestChrist,0,1409,34.0,0.5602240896358543,0.2857142857142857,0.9552486570220213,1.235519326837623,0.14705882352941177,0.058823529411764705,3.9099999930206506,0.32385886583697665,0.36898395669507716,0.7699115047882371
OrZone,1,1596,34.0,1.092156862745098,0.6333333333333333,1.038759066274508,1.2094263544938495,0.17647058823529413,0.0,4.5780969437435735,0.2724297314822877,0.9253731334996659,0.3959899753233647
yalaya70,0,1565,25.0,0.8,0.4,1.1614167578938523,0.973797551058897,0.08,0.0,5.499999993125001,0.17223844133228544,0.9672345990641722,1.7918552022225185
Oxicidz,1,1607,16.0,1.2019230769230769,0.6153846153846154,0.9708388117662134,1.0585615298721487,0.3125,0.0,3.5839999970181116,0.3622221149557579,0.8433734933154305,0.5822784812876142
LUCIFER_MORNINGSTARS,1,1907,56.0,0.8214285714285714,0.4,1.6161519308480148,1.2753113103848255,0.39285714285714285,0.17857142857142858,11.199999986365217,0.3402294110994721,0.7833333324129169,0.3690476195734129
leonidlugini,0,1600,16.0,0.9666666666666667,0.4,1.196010012281688,1.0888779970807725,0.125,0.0,4.551724133222355,-0.09179072561928274,0.49999999953124996,3.4615384558579883
verdeyen,0,1521,40.0,0.5611111111111111,0.4444444444444444,0.7083879910774606,0.760153964342304,0.3,0.025,2.77227722278208,0.12696612689854053,0.6880341869227482,1.2954545448502066
stacked343,0,1530,31.0,0.44516129032258067,0.3333333333333333,0.9171876383029433,0.6415367097075602,0.3870967741935484,0.0,4.492753613095988,0.10465319049244912,2.204081626355685,0.9650735294888083
starboy3196,0,1723,42.0,0.8730158730158729,0.6666666666666666,0.873673728216262,1.299608095519373,0.35714285714285715,0.2619047619047619,3.8181818138082653,0.42176874804518705,0.9904761893442178,0.617647059177768
ArjunKoramutla,1,932,23.0,0.39420289855072455,0.3333333333333333,0.6781468982896321,0.7832452670445138,0.13043478260869565,0.0,2.1985294061875544,0.36864158889131,0.584615383266272,0.9440298508841056
Edison_Catequista,0,1437,47.0,0.7574468085106382,0.4,1.2303926569803119,1.0956804849060642,0.1276595744680851,0.02127659574468085,6.16104868100461,0.2750554671687436,0.5766920297505908,0.7475000002903751
savageactual,0,1570,22.0,1.2613636363636365,1.0,0.7306189660132172,0.8134974406620334,0.2727272727272727,0.0,2.3783783764928166,0.27332973799986643,0.70217391252448,1.7749999991475
MinhBot3000,0,1884,20.0,1.3366666666666667,1.3333333333333333,0.6699787951479195,0.8982657910457075,0.45,0.0,2.7431421425861777,0.519680827605432,1.1320987645515772,1.9057971004647132
skd2000,1,1936,30.0,1.0222222222222224,0.6666666666666666,0.8542122906595094,1.233504720767056,0.4,0.2,3.2608695620274095,0.3376011128510169,0.7992277984825733,1.190476190272109
EmilyDonnell,0,1963,16.0,1.4807692307692308,1.4615384615384617,0.7544772747256938,0.9889832155078304,0.3125,0.0,2.493506491822567,0.30881121493840685,1.2277777769132174,1.1690140843832573
Warrior2024,0,1798,37.0,0.7987987987987988,0.4444444444444444,1.041835070917629,1.1695760073737993,0.24324324324324326,0.08108108108108109,4.451127813976596,0.5517072243973153,0.7799999990874,0.437246964063665
David_mj,1,1864,25.0,1.2,0.6666666666666666,0.9296222509298431,1.300799751844203,0.36,0.2,3.3333333305555555,0.039763710343595375,0.32748537991012616,2.2721893473509334
GamaJr,0,1548,33.0,1.0080808080808081,0.6666666666666666,0.8503041662860424,0.9486454874737255,0.18181818181818182,0.0,3.240480958709342,0.16017216132360906,0.9492753613902016,0.624313725790745
tangerineman,0,1875,32.0,1.0625,0.6666666666666666,1.0148834731316807,1.3553464052025725,0.3125,0.25,5.0196078384129175,0.39425836947865595,0.5701754381463527,0.30769230811834314
Gdslbr,0,1450,16.0,1.5416666666666665,1.3333333333333333,0.7902806220394637,0.9563227959377529,0.3125,0.0625,2.5945945929116143,0.2844689563594401,1.2698412689342402,0.9473684210858725
romask1992,1,1640,18.0,1.4938271604938274,1.3333333333333333,0.8279737944114474,1.1658352998251225,0.4444444444444444,0.05555555555555555,3.570247931494296,0.35971641883527955,0.38532110069472264,1.6888888882688884
marcomira,1,1346,42.0,0.7142857142857143,0.4444444444444444,1.0081968570193538,1.1103320139658213,0.21428571428571427,0.07142857142857142,4.355555549457778,0.20661743484847095,0.25810553055443364,1.3275862063628119
groot_1998,0,1575,25.0,0.9280000000000002,0.5333333333333333,1.085492070376346,1.5395567820234073,0.32,0.12,4.022988501412009,0.03651821097600011,2.7580645119029663,0.683076923362154
Albi71,0,1703,27.0,1.1259259259259258,0.7333333333333333,1.5154444952162474,1.1380553132172375,0.2962962962962963,0.0,8.171052624321762,0.08587423793093663,0.5520270266018171,0.700000000225
GerardoBruno,0,1058,16.0,1.548076923076923,1.3846153846153846,0.6464104989545878,0.6550612370149194,0.1875,0.0,2.5838509300079475,0.2507188775466616,0.6488651531832973,0.9397590361823197
NIKITA2015K,1,1034,22.0,1.3333333333333335,1.3333333333333333,0.6215815600418748,0.9821027770880355,0.36363636363636365,0.09090909090909091,2.499999998125,-0.14652195474045895,1.4074074062932098,0.5172413795850177
sebL7,0,1238,16.0,1.0416666666666665,1.3333333333333333,0.5973273803492888,1.1922018982366023,0.5,0.1875,1.9199999981568001,-0.36423757662807826,1.7499999981624998,1.08333333325
Pescatarian,0,1902,17.0,1.568627450980392,1.3333333333333333,0.6344288766180277,0.5890482208893797,0.17647058823529413,0.0,2.5499999983743753,0.2928505698026525,0.6666666662666665,0.8888888889555556
nilton20,0,1974,25.0,1.0879999999999999,0.6,1.2412854616571698,1.520272053924942,0.24,0.04,4.901960779808247,0.16415168226978566,1.055555554565972,0.8963210703242693
crnogorica,0,1895,28.0,1.3333333333333335,1.3333333333333333,0.6408699439810032,1.0412733920051558,0.32142857142857145,0.10714285714285714,2.9999999977499994,0.48416223314638845,0.5434782605151228,0.8064516130343393
chuuuta,0,1669,29.0,0.7672413793103449,0.5,0.6342096976754158,0.8409365647926245,0.3103448275862069,0.034482758620689655,2.2808988734316373,0.4027720611866728,0.5866666659783111,0.7972222224587964
Nate705807,0,1390,17.0,0.3294117647058824,0.26666666666666666,0.5827256292081741,0.5155240705340682,0.5294117647058824,0.0,2.630952372965561,0.3723487724174241,0.8791208765849535,1.876543205980796
Amadeu123,0,1578,24.0,1.0555555555555556,0.5555555555555556,0.9060176365925695,0.774071499093089,0.5833333333333334,0.0,3.3684210494404425,0.4068219263902619,0.36796536768103105,1.7804878038500895
adrisc36,1,1991,35.0,0.8571428571428571,0.6666666666666666,0.6045097996829806,1.003866407326883,0.4857142857142857,0.14285714285714285,2.3333333306111115,0.4953945263882061,0.8461538452230768,0.5734126988011975
Richiewei,0,1287,27.0,1.1604938271604939,0.6666666666666666,1.1865398707731887,1.5422592891244002,0.25925925925925924,0.3333333333333333,4.5957446768909005,0.5070669946516186,0.8484848477906335,0.16250000040828125
Kamal-1961,0,1988,20.0,0.8699999999999999,0.5666666666666667,0.771048403097145,0.6535074946674948,0.3,0.0,3.065134096093716,0.009692972381397217,1.2073643396111637,2.070588233404844
iingkece,0,1755,28.0,0.6746031746031745,0.4444444444444444,0.8512152911574802,0.6876313611743219,0.35714285714285715,0.0,3.294117642175779,-0.004468781372817408,1.3602150515914846,1.4285714277999997
santiagocastellanos,0,1374,31.0,0.636559139784946,0.4666666666666667,0.7480800834428853,0.7524266637693109,0.22580645161290322,0.0,3.1418918869561505,0.19252539680476205,0.4886363629700413,0.5706521744380613
BE4NZ,0,1697,78.0,0.48433048433048437,0.2222222222222222,1.069100450765453,1.2585492213919234,0.38461538461538464,0.15384615384615385,5.505882341573148,0.4057769609824032,0.5921052620184816,0.3821138220198295
rickycamargo,1,1064,21.0,0.879120879120879,0.6153846153846154,1.0626225407442724,1.0494183526898413,0.5238095238095238,0.047619047619047616,4.199999995222501,-0.5184382269643084,1.1607142843131377,1.961722486393226
RorobP,0,1685,27.0,1.333333333333333,1.3333333333333333,0.6236095639946165,0.7328851233909109,0.4074074074074074,0.037037037037037035,2.9999999977500007,0.49247037627043583,0.9059233442848642,0.9285714286230161
aharbison,0,1604,43.0,0.8825581395348838,0.7,0.9713960871911511,0.943033054184483,0.20930232558139536,0.0,4.758893275240252,0.5041906672020725,0.7465382291909048,0.3996601534024756
SwagyDogster,1,1372,39.0,0.7350427350427351,0.6666666666666666,1.0018911255457068,1.387796530783913,0.358974358974359,0.358974358974359,3.627906971808545,-0.22886476314353812,1.5535714261578444,0.3677419360651405
prameshgupta,0,1571,29.0,0.6666666666666665,0.4,1.4181094727578396,0.7918787839369458,0.20689655172413793,0.0,7.999999988000002,0.2518147002856107,0.7070707061065197,1.2852459011483475
yaf2011,0,1679,18.0,1.5925925925925923,1.3333333333333333,0.6261819539247816,0.879690479315733,0.3888888888888889,0.05555555555555555,2.511627905399676,0.3288403053387489,0.6538461535066569,0.5925925927962963
simonin,0,1339,34.0,0.9579831932773109,0.7142857142857143,0.7744675184863367,0.6892409044497372,0.3235294117647059,0.0,3.728070171547015,0.34818393819675897,0.8003766470429421,0.6170212769189678
simonschlegel,0,1372,19.0,1.1710526315789473,0.75,0.9942391814264447,1.346525793176002,0.10526315789473684,0.10526315789473684,3.6292134800469635,-0.12184051238392056,0.686868686369146,1.2078947366451522
vorpalbny,0,1260,25.0,0.8377777777777778,0.4444444444444444,1.3337876537452091,1.1556123927269857,0.2,0.0,5.769230762344419,0.1891574108256036,0.4864864860131483,0.9785624212106752
MANU_PATEL,1,1888,54.0,0.5555555555555556,0.6666666666666666,1.2165525038698493,1.3386760156904638,0.42592592592592593,0.42592592592592593,5.9999999892,0.500795999083731,1.5806451580780434,0.18421052718524933
miramir1,0,1786,22.0,0.7373737373737373,0.6666666666666666,0.7941661929304182,0.9624931548053032,0.3181818181818182,0.045454545454545456,3.013698626049916,0.11432004929892992,0.706730768374538,0.8717948719575935
SordxLucifer,0,1820,49.0,0.7301587301587302,0.4444444444444444,1.1287613015625375,1.3924405299893594,0.14285714285714285,0.14285714285714285,5.478260862062381,0.6041946374918581,0.7949218739659807,0.2764800006251213
midzardge,0,1960,28.0,1.119047619047619,0.6666666666666666,1.0567851852843742,1.513771012905326,0.25,0.32142857142857145,4.170212762230873,0.412647318628497,0.7244318176045366,1.3499999996325005
DorianR,1,1599,36.0,0.9867724867724869,0.7619047619047619,0.8793361330504859,0.8883500456987088,0.2222222222222222,0.0,4.729222515314622,0.3286789795046919,0.4751552790847623,0.6504424781684351
shackleton1914,0,1822,28.0,1.3333333333333333,1.0,0.9258200990781864,1.4581640538808889,0.0,0.25,2.99999999775,0.26860868008108657,0.7199999995139998,0.8666666667599997
JavierJC20,0,1606,22.0,1.3636363636363635,1.3333333333333333,0.6336256630634858,0.8137915088449905,0.22727272727272727,0.045454545454545456,2.444444442651852,-0.08076348404331225,0.6122448975655975,0.7307692309400886
scroca,1,1609,36.0,1.0925925925925926,0.6666666666666666,0.9226007720543539,1.369717217568591,0.2777777777777778,0.25,4.271186436768745,0.307945595431696,0.4638218920383552,0.6857142859567346
Bogdantheturnipboy,0,1781,34.0,0.7828054298642533,0.46153846153846156,0.9620588077459234,0.9897107294401918,0.14705882352941177,0.029411764705882353,4.5202312080984335,0.16751279231604768,0.33962264113456747,0.9438202247888525
Kapsm,0,1924,47.0,0.619385342789598,0.4444444444444444,0.7617540372108392,0.6385787747417376,0.3617021276595745,0.0,3.587786253749491,0.48532155688179957,0.7063636352944588,0.5362103180317727
sinaadam,0,1736,44.0,0.8863636363636364,0.75,0.9187934793310493,1.2776920257170918,0.13636363636363635,0.11363636363636363,4.794871789462196,0.26451205098108166,0.738805969355313,0.5918367350603915
PabasaraDewamini,0,1500,21.0,1.733333333333333,1.0666666666666667,1.1167416268132495,1.2284937224686048,0.23809523809523808,0.0,4.153846151449705,0.443141158850312,0.4673913041192108,0.7565588774867839
younes631102,0,1974,29.0,1.149425287356322,1.3333333333333333,0.7751128943286956,1.2050144545546264,0.3103448275862069,0.1724137931034483,2.8999999974769994,0.21751996105510243,0.6562499994832031,0.43921568662087646
Shrinit,0,1737,24.0,0.6759259259259259,0.4444444444444444,1.2536304925099115,0.7875892985518708,0.25,0.0,5.260273964820416,0.2942925788362311,0.3854875278765793,3.294117639771626
dzakiyy,0,1959,66.0,0.4393939393939394,0.13333333333333333,1.5147052960327048,1.6388404219618002,0.18181818181818182,0.13636363636363635,6.9793103289436385,0.5075157669354896,1.31909211962517,0.1852861046410991
awesomeness_in_a_bun,0,1592,25.0,1.36,1.1111111111111112,0.7194294324549039,0.7888040582908288,0.32,0.0,3.1045751611159167,0.2716911840010678,0.8201970437622513,1.0115911485688756
xammy556,1,1418,28.0,1.0380952380952382,1.0,0.591938662803675,0.7719283796727684,0.39285714285714285,0.0,2.3119266032775014,0.14834835488460885,0.747412007620044,1.5952380944940474
Haitham_alabdallah,0,1974,28.0,0.7952380952380953,0.4666666666666667,0.8525524663913967,0.8226491326993587,0.14285714285714285,0.0,3.6047904146287064,0.10823477239352658,0.7435897427317553,1.3857142851357145
Kindu2021,0,1214,21.0,1.1071428571428572,1.0,0.6740829249248058,0.7310997386231927,0.38095238095238093,0.0,2.483870965498439,0.0956609854202283,0.6305970144359545,1.2587412584758833
Adeth,1,1899,30.0,1.1111111111111112,0.6333333333333333,1.2903332891168358,1.024332135816368,0.13333333333333333,0.0,5.9999999945999996,0.408776137506897,0.43115707787936514,0.6666666669166668
patrykowski2,1,1847,15.0,0.8444444444444443,0.6666666666666666,0.4527539608871401,0.720834088143393,0.6,0.06666666666666667,1.5789473665512468,-0.21666028367152557,1.090909089570248,0.9722222222546296
bayrsaikhanD,0,1913,24.0,1.3888888888888886,1.3333333333333333,0.7054076830340426,1.1355233242348874,0.25,0.125,2.3999999982720004,0.27779764884140096,1.2258064506638917,0.515151515415978
JB_Juaking,0,1776,46.0,0.8115942028985507,0.6666666666666666,0.849169260864512,1.0356294791263987,0.17391304347826086,0.043478260869565216,3.559523805137968,0.6352543009764355,0.5242356444552073,0.3884297525892355
isomehowlost,0,1678,25.0,1.3813333333333333,0.9333333333333333,0.891331786243269,0.9984139704836905,0.08,0.0,3.378378375932641,0.03265212995886278,0.9341666660010728,2.0284900273472624
D4m14nL0,0,1188,30.0,1.1066666666666667,0.5222222222222223,1.3760163772396758,1.1449475589656468,0.26666666666666666,0.0,5.381526099554845,-0.13013585921343468,1.17724068367322,0.3569482292770753
maguiyuu,0,1369,23.0,1.2642140468227425,1.0769230769230769,0.7527001303946398,1.400175226186179,0.17391304347826086,0.08695652173913043,3.285714283115268,0.45672924261962256,0.4804347823145165,0.9664855072724233
jiga000,0,1523,36.0,0.9074074074074073,0.6666666666666666,0.9023547324518598,1.3487601680282095,0.3611111111111111,0.2777777777777778,2.938775506965431,0.5810296393840911,0.8684210517060249,0.2564102569250494
aynaz457,0,1356,17.0,0.4235294117647059,0.45,0.7565939537672002,0.899419211158721,0.29411764705882354,0.0,2.4791666608130787,0.022169084696272223,0.27450980335640135,1.7233560067083156
Anton12345678910,1,1319,24.0,1.4166666666666667,1.3333333333333333,0.7722105354358991,0.9948617003245643,0.3333333333333333,0.08333333333333333,3.294117644733564,0.11236941711098153,0.6428571424438776,1.12499999990625
scorpions333,1,1159,36.0,1.0476190476190472,0.7619047619047619,0.7834959673641113,0.7436370721249964,0.3055555555555556,0.0,2.9999999971363644,0.38776585894947935,0.5057803463910421,1.7887323933164059
lalupa,0,1587,15.0,0.9511111111111111,0.8,0.7053443829635664,0.6354843512811886,0.2,0.0,3.2242990620305267,0.16991491710487033,0.531645569165999,0.7675438598632269
Frazer26,1,1599,40.0,0.6615384615384615,0.5384615384615385,0.7646177766476056,0.704156450703036,0.325,0.0,3.488372087750135,0.2894656237800797,1.0111111095775929,0.6074766359909163
tiptoedoc,0,747,29.0,0.9885057471264367,0.6666666666666666,1.2264732044377842,0.8277448786146056,0.20689655172413793,0.0,6.519379838366055,-0.2327165254356251,1.0353535342946512,0.4044444448613333
MazlumBBoylu,0,1995,38.0,0.6491228070175438,0.6666666666666666,1.3009520570832622,1.3644269385363776,0.42105263157894735,0.39473684210526316,6.162162152669103,0.29184478349671367,0.5510204074548105,0.7619047622278912
FireB11,0,1616,71.0,0.6803900325027086,0.3076923076923077,1.1614645734868672,1.1203488730268543,0.28169014084507044,0.04225352112676056,5.426751584380746,0.004704669799856064,1.142153844431478,0.29449054930591545
FJkilole,0,1664,67.0,0.42189054726368147,0.4,0.6263824141211928,0.5871785892118135,0.1791044776119403,0.0,3.4764150860995353,0.08011579771672865,0.6267015692779324,0.9705882353627913
FCN_2001,0,1968,29.0,1.149425287356322,0.8888888888888888,0.951303198881995,1.0435272596718879,0.10344827586206896,0.034482758620689655,4.253333329632933,0.2001729962107395,1.4342783491181517,0.8848484849426999
OpiestOpiAgain,0,1683,63.0,0.5216931216931217,0.3333333333333333,0.9902528040196806,1.076573026768076,0.2222222222222222,0.015873015873015872,5.111561856327737,0.3093857189556185,0.7033096913994517,0.7369419647225787
Isuckatchess90,0,1576,30.0,0.6777777777777778,0.6,0.6053155200305059,0.7322576737552267,0.4,0.0,2.459016389814566,0.2808797999941537,0.6595528446436891,0.9062500001318357
heavynei,0,1561,42.0,0.4166666666666667,0.25,0.8986762730496873,0.8173659555081202,0.11904761904761904,0.0,4.199999989919999,0.47230392387568454,0.5066394269289232,0.9626168225179493
amohamadk50,0,1606,32.0,0.9375,0.6666666666666666,1.3046923846603897,1.5452320450219372,0.25,0.40625,5.6888888828207405,-0.19886705373130878,0.6388888882766202,0.1538461543668639
Rex4242564,0,1783,39.0,0.7008547008547008,0.6666666666666666,0.8045084136067693,1.2444502202055354,0.4358974358974359,0.28205128205128205,2.8536585325136827,0.3104973013401382,1.2857142837857143,0.4925925931281893
JosLvEn,0,1399,27.0,0.8197530864197531,0.5333333333333333,0.6781859103079958,0.6367766853721301,0.4444444444444444,0.0,2.9277108398020393,0.4293908592807097,0.5409466561126599,0.7653061227004373
hltMate,0,1389,18.0,1.3148148148148149,0.6666666666666666,1.2181690050157372,1.071901065885185,0.3333333333333333,0.0,5.425352108549732,0.05039267544779767,0.5285285281476071,3.034090905970429
bubblejuice,0,1834,23.0,0.9275362318840579,0.6666666666666666,0.7564824014913052,1.3236870097007465,0.2608695652173913,0.2608695652173913,2.1562499976752934,0.06752643750581229,0.680952380320068,0.9166666667526042
Creyzichery,0,1685,35.0,0.7868131868131868,0.7692307692307693,0.5852338615492833,0.6895201132980578,0.3142857142857143,0.0,2.541899438110156,0.4728967351133432,1.0924657520141798,0.7983963347084706
xolodov,0,1435,47.0,0.8037825059101655,0.6666666666666666,1.0368971533702465,1.6703592207654643,0.10638297872340426,0.23404255319148937,4.147058818369983,0.45276819390083245,1.5332870990376535,0.33465608520261714
ORLANDO_2022,0,1924,25.0,0.9155555555555556,0.6666666666666666,0.8444927846303408,0.7470422007779364,0.08,0.0,3.64077669505255,0.37700473040264215,0.6458333327278646,0.3617463622121145
Mazioon,0,1603,34.0,1.0058823529411764,0.6333333333333333,0.9775570934864641,1.365414751342312,0.08823529411764706,0.029411764705882353,3.313840152650958,0.42138099415345187,0.6893755062647628,0.40934065975444534
Laserfox7,0,934,29.0,0.8735632183908043,0.47619047619047616,1.1997842142490054,0.8171058412413675,0.41379310344827586,0.0,5.996240594639644,0.227433375983243,0.3628257883911286,0.8274231680286204
itachisan127,0,1721,23.0,1.25752508361204,0.7692307692307693,0.9949794742365681,0.9028199548411816,0.21739130434782608,0.0,3.6702127630388466,0.0011560414378073054,0.5729166662787543,0.5818840582309738
JanPaquin,0,1651,24.0,0.6555555555555556,0.4,0.922600771491411,0.8976914795327283,0.125,0.0,4.067796603964378,0.2560117520805094,0.40546448040902994,2.146666663914666
LionRichard23,0,1467,23.0,0.8629399585921326,0.6666666666666666,0.8362279529955305,1.2064214970278984,0.34782608695652173,0.0,3.068138192221903,0.5090965541025895,0.6482446199177903,0.4498092517659539
derpensteen,0,1386,59.0,0.6365348399246704,0.4444444444444444,0.7341571551534485,1.0890057894801572,0.22033898305084745,0.0847457627118644,3.4911242548704533,0.520057557111457,0.9918414902861041,0.40616246563721964
scroca,1,1598,18.0,1.2222222222222223,1.3333333333333333,0.7551476232837949,1.3557582806350488,0.2222222222222222,0.2222222222222222,2.1818181800330576,-0.07903968977819528,1.4736842091301938,1.538461537902367
drakik,1,1497,23.0,0.8309178743961351,0.6666666666666666,0.9437964587573159,1.0034848528180564,0.08695652173913043,0.043478260869565216,4.546511622435304,0.2868576368600844,1.0044642845035476,0.4663742694692598
MasterJules8,0,1542,37.0,0.8828828828828829,0.6666666666666666,0.8429337308029378,1.2671667460848202,0.3783783783783784,0.24324324324324326,3.77551019980529,0.5625508410560529,0.900584794326254,0.459330143983036
IvanIvan2023,0,1857,25.0,1.2533333333333332,0.9333333333333333,0.9433957131790084,1.5072618009612906,0.2,0.08,3.5106382950712995,0.24437089862108305,0.9675925918265819,1.3846153842471356
xtc99,0,1182,24.0,1.3888888888888886,0.6666666666666666,0.9789790593367687,1.278040010897781,0.375,0.16666666666666666,3.8399999972352004,0.18996076920885294,0.9499999993231251,1.9411764695916953
matanglawin2,1,1736,25.0,1.36,1.3333333333333333,0.7268138423224658,1.2275005429134282,0.36,0.16,2.450980390354671,0.11155901956884332,1.12499999915625,1.4307692303815385
aagato666,0,1452,20.0,1.0,0.8095238095238095,1.1839822870944006,0.9299531895380845,0.25,0.0,5.523809518285714,0.34452698468015197,0.17910447746224098,1.3076923073372784
mhwan888,0,1563,17.0,2.0784313725490198,0.6666666666666666,1.35139657138527,1.4647027701062265,0.35294117647058826,0.17647058823529413,5.452830186055714,0.21554881926706518,1.0852713172994408,0.923076923112426
allan091221,0,1689,17.0,1.4389140271493215,1.3846153846153846,0.680118236618068,0.7679059434378255,0.35294117647058826,0.0,2.993710689743364,0.4431347059265496,0.24724061795254598,1.220563847258335
Chess_Wannabe,0,1079,37.0,1.009009009009009,0.6666666666666666,0.6448382166919118,0.748646512073804,0.5675675675675675,0.05405405405405406,3.3035714252973536,-0.2874378924883719,0.7363636356858473,1.8448753450597755
aminemath2024,0,1651,25.0,1.1377777777777778,0.6666666666666666,1.2220008715985364,1.4965469272950949,0.04,0.12,5.273437495365142,0.1735021841184516,1.6587301570418083,0.5725413829601518
suckido,0,1774,17.0,0.627450980392157,0.6666666666666666,0.4741586107751864,0.5057491376515323,0.23529411764705882,0.0,1.7708333305110675,0.4000981626917572,0.8552631565780817,0.9661835749321571
JuanMiguelAlvarado,0,1125,40.0,0.711111111111111,0.5555555555555556,1.1717708270554896,0.9473998498921483,0.575,0.05,7.4999999894531255,0.04394708859737381,0.5309734506507949,1.6666666654166669
kkphys,0,1821,26.0,1.0384615384615385,0.75,0.7545018062165301,0.9825760805393605,0.19230769230769232,0.038461538461538464,2.8888888861069955,0.19610316960248916,0.41666666631944443,1.3478260865633271
Aponton21,0,1413,37.0,0.5345345345345344,0.2222222222222222,1.0652254267255128,0.7011180673345292,0.5675675675675675,0.0,5.404494371911818,0.3727051291513353,0.6320987643083678,0.4578947375739475
ArdaMeydan53,0,1254,38.0,1.0175438596491226,0.6666666666666666,1.21866186411768,1.246144002070293,0.4473684210526316,0.21052631578947367,7.2068965446414985,0.388945352004318,0.6553191483505657,0.4146341467483641
a_chadly_kinggg,0,1523,27.0,1.304843304843305,0.9230769230769231,0.879606499530515,0.9355759800599411,0.18518518518518517,0.0,2.9475982510161414,0.40004784927866976,0.38189533214460764,0.9045566503158305
mariagarcia33,0,1837,35.0,1.0666666666666664,0.6666666666666666,0.6373774386015568,1.0013992731110983,0.42857142857142855,0.11428571428571428,2.4999999976562504,0.4170155401946427,1.1249999989151784,0.7616487457157761
GoodChessPlayer3,1,1929,44.0,0.8286713286713286,0.46153846153846156,1.4084676369817843,1.0391926516416583,0.13636363636363635,0.022727272727272728,8.354430369665119,0.39038778414560665,0.5499999994041668,0.2539682545327119
abusek,0,1106,18.0,1.248148148148148,0.9,0.8060791392964907,0.9411350742429494,0.16666666666666666,0.0,2.991097920452236,0.060720977717195174,0.6647727268194731,0.6280193239140938
CreoGo,1,1374,58.0,0.6080459770114942,0.4,0.7969181193267791,0.7259227889831612,0.22413793103448276,0.0,3.3988657789092387,0.4073869532234408,0.5159861317408567,0.6079027360807364
fightingdonkeyfish,1,1453,41.0,0.49430894308943085,0.26666666666666666,1.8737645938343894,1.42069547710952,0.0975609756097561,0.14634146341463414,11.86842102862145,0.4420051396669213,0.3208556144424349,0.35178035265632446
skd2000,1,1940,29.0,1.1264367816091954,1.3333333333333333,0.517901123640211,0.8299767240310915,0.3448275862068966,0.06896551724137931,1.7755102025054144,0.06687470026087501,0.8058608051789234,0.9722222222465277
Mc-CarlosMePe,1,1057,15.0,0.7589743589743588,0.3076923076923077,0.952103509762217,1.258965857739431,0.26666666666666666,0.06666666666666667,2.8378378340987953,0.36257709994782733,0.274647886997074,0.6666666670277779
jfitterer1,0,1127,61.0,0.663544106167057,0.2857142857142857,1.5718492380489502,1.335618563682376,0.08196721311475409,0.04918032786885246,8.037647046710322,0.4532620439275904,1.1867606896725824,0.20737327260276497
skd2000,1,1905,27.0,0.9382716049382716,0.6666666666666666,0.5557555805114415,0.7953990706237037,0.5185185185185185,0.07407407407407407,2.842105260128809,0.06445318141868094,1.1249999987343748,0.6055900624461923
Giancarlo1985,0,1841,47.0,0.3026004728132387,0.2222222222222222,1.3156583978409655,1.3670797395582135,0.425531914893617,0.2978723404255319,7.343749975731202,0.1553789195776247,0.41313559199143574,0.7940476196566498
Del4443,0,1312,15.0,0.7047619047619048,0.47619047619047616,0.7704678098338066,0.7536709241324434,0.13333333333333333,0.0,2.5675675639243973,-0.24844066239712467,0.30249999965061247,0.3863636369493801
cicciopara_94,0,1476,37.0,0.9459459459459459,0.75,0.864905325979775,1.2939429449921491,0.13513513513513514,0.10810810810810811,3.1714285680759184,0.3755155021824152,0.4171122991007055,0.43421052674013155
bradibart,0,1501,22.0,0.43434343434343425,0.2222222222222222,1.375242735621885,1.1509379988396824,0.45454545454545453,0.13636363636363635,6.651162775384533,0.23194079234487056,1.5428571386914283,1.5294117631643596
u_2000,1,1920,51.0,0.8325791855203619,0.3076923076923077,1.9418735043142519,1.272503935587498,0.1568627450980392,0.058823529411764705,12.195652159265006,0.5370008064868734,0.41992187454153057,0.29027576251788556
fooo1010,0,1310,21.0,1.4603174603174605,1.3333333333333333,0.919747642905224,1.4706721935953524,0.14285714285714285,0.23809523809523808,3.195652171724716,0.35230985668212644,0.6285714281942857,0.5329153607431629
WarrenStoj,0,1294,22.0,1.5340909090909092,1.0,0.8429160952641297,0.7853783338440473,0.3181818181818182,0.0,3.5851851828481753,-0.10900465461253965,0.6263157891000923,0.4062500002721354
suckido,0,1918,27.0,1.1358024691358024,0.6666666666666666,0.7111055312780973,1.0275605226219764,0.48148148148148145,0.1111111111111111,2.3478260848894137,0.18156035412503088,0.3333333330833333,0.9285714286319876
ADILSONQH,0,820,17.0,1.6022408963585435,1.2380952380952381,0.9024366464123246,0.9519551944290754,0.23529411764705882,0.0,3.9825174800318903,0.355049121751694,0.6642857139120535,0.91410559500783
IvanIvan2023,0,1866,33.0,1.0303030303030305,0.5333333333333333,1.086607154072374,1.497341761887811,0.15151515151515152,0.09090909090909091,3.752941172828027,0.5126030746634135,0.9503546090191639,0.30882352984374994
zaletchik,0,1398,34.0,0.9140271493212668,0.7692307692307693,0.8405351636080811,0.804675201048167,0.38235294117647056,0.0,4.207920787475493,0.38188060742205493,0.8698296827903723,0.44285714329688775
cangle1710,1,933,18.0,0.6349206349206349,0.47619047619047616,0.8485281360874253,0.835866413600222,0.3888888888888889,0.0,3.2999999948025005,0.4057485101256562,0.8155515358781673,0.6901408454828407
MrInfluencer,0,1745,19.0,1.4035087719298243,1.3333333333333333,0.721110254579007,1.0731346237565489,0.2631578947368421,0.10526315789473684,2.374999998307813,0.21448208748984213,0.79545454491219,1.49999999955
avodroc,0,1897,18.0,1.8518518518518516,1.3333333333333333,1.3446189043916348,1.3752272351740087,0.3333333333333333,0.16666666666666666,5.7599999968896,0.3681973650122098,0.352564102428501,0.25000000025312497
starboy3196,0,1718,24.0,1.0555555555555556,1.0,0.7929746925813588,1.2612141860555122,0.0,0.20833333333333334,3.1578947338504153,0.1907614394658319,0.989417988483539,0.9999999999999998
Oatmeal53,0,1183,25.0,1.2613333333333334,0.8666666666666667,0.8930839151636982,1.122732361670487,0.12,0.0,2.9069767418813606,0.2231841193641293,0.34937402167549697,0.8886051708460465
Asmit2022,1,1419,27.0,0.2790123456790123,0.2,1.028301825492726,1.3563654447228872,0.14814814814814814,0.1111111111111111,4.539822992578511,0.2575203871272101,0.3717948708653846,0.6857142866571427
Kumarva370,0,1340,33.0,0.7744107744107744,0.8888888888888888,0.5197061835892118,0.5736595911261296,0.3939393939393939,0.0,2.295652170948658,0.2740601317375504,0.47596153790548734,0.7768440712167534
chechemafiia,0,1360,52.0,0.3243589743589743,0.13333333333333333,1.8992207909588306,1.2936457345734154,0.17307692307692307,0.07692307692307693,12.126482176052743,0.1287195756801547,0.5709876527349109,0.2463054201671965
dvs117,0,1634,41.0,0.9146341463414634,0.5,1.1574685008257386,0.8360248054305466,0.2682926829268293,0.0,5.466666660689778,0.6070781322072872,0.6623376616552539,0.27914614171224733
Otzi_DC,0,919,55.0,0.4424242424242423,0.26666666666666666,1.115980237968623,1.1022142089755116,0.4727272727272727,0.03636363636363636,5.424657521985364,0.1957885871669452,0.38438438362254157,0.8406593409902787
Raulxx,0,1954,29.0,1.0804597701149425,0.6666666666666666,0.5709109724502733,0.6555226907812348,0.4827586206896552,0.034482758620689655,3.0851063801233587,0.1267965019850739,0.7443609016092203,1.0606060605482095
Depredadornegro,1,1849,63.0,0.4021164021164019,0.26666666666666666,1.0510250872923967,0.6221347743876083,0.3968253968253968,0.0,7.957894717052081,0.1444945443439015,0.6510615118165195,1.171511627443297
koccBarmafall,1,1570,49.0,0.5142857142857142,0.2,1.609726945914474,0.9727120718662132,0.10204081632653061,0.0,9.462962944562758,0.2842537046793986,0.2978056421454438,0.4743083011432768
carlodm2211,1,1500,52.0,0.5512820512820512,0.6666666666666666,1.3566334408912455,1.367655697767916,0.38461538461538464,0.46153846153846156,7.255813940326664,0.09343560117670835,0.8479166651960613,0.38709677496462036
chessfromqueens,1,1494,20.0,1.6999999999999997,0.6666666666666666,1.3554963076500508,1.1631256632147058,0.5,0.1,5.0980392126874285,0.029283131209138287,0.37121212103495177,0.961538461560651
nsggns,0,1397,20.0,1.6333333333333335,1.3333333333333333,0.5696034991187269,0.8613936777771567,0.25,0.05,2.0408163252811327,0.3821654160187958,0.49999999973214276,1.333333333095238
skd2000,1,1939,34.0,1.058823529411765,0.6666666666666666,1.408868635825715,1.3140756672946365,0.5294117647058824,0.23529411764705882,7.5555555484197505,0.2904318333983402,0.47999999961599993,0.2558139539296917
ASUWKABEH,0,1157,26.0,1.041025641025641,0.6666666666666666,0.9498707070848315,0.8690556705332488,0.23076923076923078,0.0,4.610837433994515,-0.0549341011813667,0.43882978684889934,1.3882352936723186
ronaldino_wmr,0,1872,34.0,0.7549019607843137,0.4,1.2884609238764921,0.9461724663221273,0.23529411764705882,0.0,7.1532467437710245,0.2598888514970006,0.9722627724452023,0.8599033818150951
zts1976,0,1036,19.0,1.605263157894737,0.5,1.916280549127885,1.6570298751325687,0.21052631578947367,0.15789473684210525,7.942622945871808,0.2630257762162254,0.12030075182904629,0.22040816355168677
inmortal04,0,1731,28.0,0.3952380952380952,0.26666666666666666,1.1772138631362403,0.6461842402185127,0.2857142857142857,0.0,6.746987934736536,-0.06083071700039296,0.5070422523963499,1.766666663983333
asem_abdalla,0,1435,45.0,0.6162962962962961,0.5333333333333333,0.8487449387389882,0.8482557039821855,0.24444444444444444,0.0,3.8942307629120063,0.05458247160929576,0.480808080126936,0.8856682771472985
sardes058,1,1978,15.0,1.3185185185185186,0.4444444444444444,1.7617174928229342,1.3270961486480162,0.26666666666666666,0.06666666666666667,6.573033702880001,0.37560567173103315,4.85714284777551,5.614583321220052
ErikEduardo,0,1922,23.0,1.1594202898550727,0.6666666666666666,0.9320675933114538,1.107228370888933,0.5217391304347826,0.13043478260869565,3.4499999970243738,0.22752176740666483,0.37741935460130066,1.0131578947254156
Makharu,0,1965,19.0,0.8157894736842105,0.5,0.7429866317525339,0.6116212292538378,0.3684210526315789,0.0,3.3709677378033303,-0.2590379277422308,0.8185185175726749,1.8899999983980003
matter3462,1,1268,27.0,0.6666666666666666,0.4444444444444444,1.0343881498387097,1.0504165904967606,0.2962962962962963,0.07407407407407407,5.666666658166667,0.0742785969343218,0.8615384602859174,2.2053571399190846
jamesski,1,1299,18.0,1.3703703703703702,1.3333333333333333,0.5247699412102381,1.04744643999684,0.3333333333333333,0.1111111111111111,1.9459459445259313,-0.33213656931539487,1.0999999991749998,1.312499999736328
amaury2022,0,1885,49.0,0.7029478458049888,0.4444444444444444,1.0225755556711416,0.7585776370984812,0.20408163265306123,0.0,4.741935477125182,0.4606164985326614,0.7781309589073468,0.41777777836
iButterCutter,1,1122,34.0,0.8088235294117647,0.5,1.0968022627789116,1.2924280638290322,0.20588235294117646,0.11764705882352941,4.636363630631405,0.3424906388517603,0.9417721507543023,0.4864864869583638
werevy,0,1644,24.0,0.46296296296296297,0.4444444444444444,0.7451174387984325,0.811033850281743,0.2916666666666667,0.041666666666666664,2.8799999937791996,0.23614242027824167,1.2857142827387753,0.7857142861275512
Ajuanomar,1,1486,30.0,0.8599999999999999,0.6666666666666666,0.6838568531610552,0.7187897560720576,0.16666666666666666,0.0,2.558139531909141,-0.004725503385884596,1.1772575236661782,0.9158415842521569
MdNaveed11,0,1356,26.0,1.2478632478632479,0.7777777777777777,1.070861441946944,1.300327936865488,0.15384615384615385,0.07692307692307693,5.164383557505254,0.2631855542591103,0.3991935481263333,1.2121212119331954
indexm2,1,1760,37.0,0.9884169884169883,0.5714285714285714,1.0781690298136224,0.9584602628866121,0.21621621621621623,0.0,5.010416661597535,0.48503717982864647,0.6019108274820326,0.46266829904723733
weekbcn,0,1565,36.0,1.0370370370370368,0.6666666666666666,0.7643190906570031,1.0771024286961726,0.4722222222222222,0.1388888888888889,3.2142857111862253,0.23741334157922325,1.0975609745255799,1.0
aimeatome,0,1305,22.0,1.0,0.875,0.7030776492177414,0.9616847462014559,0.3181818181818182,0.045454545454545456,2.7499999972499998,0.008897659053018796,0.7342995162271231,0.9555555555990123
sachin4444,0,1353,21.0,1.7142857142857142,1.3333333333333333,0.7356305205353713,0.9276551776254132,0.14285714285714285,0.047619047619047616,2.3333333319722223,0.2842973673925861,0.7272727268760332,1.3223140493670174
Boatcrouchstem,0,1404,21.0,1.1957671957671958,0.8888888888888888,0.8300677387297053,0.8236292644052868,0.38095238095238093,0.0,2.9734513249469803,0.31229887060021333,1.013333332482133,0.9253246753846822
Luciano-8888,1,1596,20.0,1.0875,1.25,0.6673599243056362,1.0378630059326093,0.35,0.05,2.7586206871185097,0.4259414311890367,0.83571428499,0.5263157898060942
Lune_dor,1,1141,53.0,0.46121593291404595,0.4444444444444444,0.6268114232205299,0.6440889393803624,0.37735849056603776,0.018867924528301886,3.372727265414588,0.36403938352038195,1.3670033638136923,0.6921296301924552
velmed20042004,1,1426,30.0,1.0444444444444445,1.3333333333333333,0.6930424450769733,1.2313898058294965,0.43333333333333335,0.2,2.553191486917157,-0.04083114814153551,0.25581395329204976,1.76470588134083
MoralesLeonel,1,1946,53.0,0.2893081761006289,0.2222222222222222,1.3142937982112755,1.4705948866238543,0.32075471698113206,0.37735849056603776,6.1449275149918074,0.3522147530406629,0.8941176440608997,0.3148148163564815
ishapira,0,1474,15.0,0.785185185185185,0.6666666666666666,0.9293290822899869,0.6880387596877213,0.3333333333333333,0.0,3.9622641458971177,0.009642494695180987,0.5853658530160619,0.5742187504191283
laubensj,0,1546,23.0,1.0326086956521738,0.5,1.2037798261183505,1.2891368901566698,0.13043478260869565,0.08695652173913043,5.084210521392133,0.33141502495042996,0.22537878770463154,0.2762557081987865
hassanranjkesh,0,1351,27.0,0.748148148148148,0.3333333333333333,1.3989506881245763,1.1256462339058153,0.18518518518518517,0.0,6.861386129442704,0.4175619959085296,0.34056603736957997,0.3680052671906997
peter-transits,1,1445,24.0,0.8854166666666666,0.75,0.5405367056323417,0.5124399718778005,0.125,0.0,2.258823526860623,0.3152552427682542,0.591549295174767,1.12499999985
cteixeira,0,1414,31.0,0.8817204301075268,0.6666666666666666,0.7641411462884209,0.6501929438695295,0.12903225806451613,0.0,3.2764227605117,-0.024442300585067172,0.5622222216656223,1.6832386353154865
KonboLonb,0,1979,55.0,0.6303030303030303,0.6666666666666666,1.0939586639049999,1.3941880717631605,0.3090909090909091,0.41818181818181815,5.288461530071192,0.6294545705480654,1.7404761872687415,0.20182724327668428
tahanzr92,1,1034,32.0,0.8413461538461539,0.46153846153846156,0.895795165026191,0.6836938726405372,0.40625,0.0,4.754285708634907,0.0842233343450756,0.623202300374983,0.8041237115502179
ishakould,0,1779,22.0,1.4545454545454546,1.0,1.0760976301055958,0.6081372606803703,0.0,0.0,5.499999996218749,0.26668381740532576,0.5333333330133333,0.6551724139892984
alpegen,0,753,21.0,1.4166666666666667,1.25,0.6917349785791678,0.6332149897576188,0.2857142857142857,0.0,3.176470585993079,-0.06199250345511816,0.3605769228688979,0.8643815202081552
morgado76,0,1957,26.0,0.8461538461538461,0.4444444444444444,0.9961152979801476,0.7885228390791391,0.2692307692307692,0.0,4.202020197054178,0.23416423175246137,0.8707317063136081,0.8000000002127273
Boanerges59Inter,0,1781,27.0,1.4567901234567902,1.3333333333333333,0.6594941167792869,0.7548077850118565,0.2962962962962963,0.037037037037037035,3.661016946639471,-0.01513890451155324,0.9740259733618655,0.7316017317603306
skywarp8000,0,1637,20.0,1.2233333333333332,0.7333333333333334,1.1555543156053156,1.114519345605081,0.15,0.0,5.177111712389282,0.2941134726599211,0.5516129028254422,1.8230769221272187
gergashyi,1,1884,24.0,0.7051282051282052,0.5384615384615385,0.7555852627531754,0.7214235062961655,0.20833333333333334,0.0,3.0545454502135536,0.27195789970612677,0.8372093011865873,1.3913043471625708
Al-Hafiz_ACS,0,1397,31.0,0.9776674937965258,0.46153846153846156,1.137237112740578,1.1954082382960125,0.12903225806451613,0.03225806451612903,4.720812177912469,-0.24988335979490398,0.35529715732734674,0.23885350365739993
Genin96,0,1902,41.0,0.8536585365853658,0.5,1.169597871265392,1.3379237554887822,0.0975609756097561,0.12195121951219512,5.564285707767551,0.324667212337975,1.1135922316690734,0.4660587643855224
kaka50,0,1800,31.0,1.1053763440860211,0.6666666666666666,0.8335571262559033,1.0865025906609065,0.2903225806451613,0.03225806451612903,2.8949416316222814,0.3122393099579592,0.9120337782201531,1.3792067303590312
genedoc,0,1467,16.0,1.2083333333333333,1.3333333333333333,0.40065344927608854,0.7794824653908486,0.625,0.0625,1.6551724124233056,0.1726925441233103,0.53030302994146,0.9333333333866666
NAKAMURUS-HIKARULSEN,1,1931,29.0,0.45623342175066317,0.3076923076923077,0.9880300344040505,1.3388225097109376,0.1724137931034483,0.13793103448275862,3.7093023174511215,0.17424990006074098,1.3578336523258567,0.6720000005969603
sofianecfb84,1,1716,24.0,1.1296296296296295,0.7777777777777777,0.9155411143005506,1.2897142031821844,0.20833333333333334,0.08333333333333333,3.1475409808202093,0.14040492975674612,0.5575221234275589,0.967741935511967
Hamied122,1,1593,42.0,0.7582417582417582,0.46153846153846156,1.2704946617414123,1.0100565215187407,0.14285714285714285,0.023809523809523808,7.304347816453687,0.12874961450426584,0.63636363561157,1.406976743540089
patrykowski2,1,1846,18.0,0.6296296296296295,0.6666666666666666,0.6576670511612905,1.080156681305932,0.6111111111111112,0.2222222222222222,2.117647055460208,-0.0366613216080771,0.7999999988000001,0.8888888890555557
zezo1984,1,1552,35.0,0.27252747252747245,0.15384615384615385,1.4192081983615963,0.7567844403650698,0.22857142857142856,0.0,8.693548355197063,-0.15325325076634314,0.784090906426782,1.2905004228630084
Rajesh_krishnamani,0,1669,18.0,1.9629629629629628,1.3333333333333333,1.0648264945158403,1.4157366292755669,0.2222222222222222,0.16666666666666666,3.7358490547006054,0.08643500527545953,1.5757575748264463,0.9629629629814814
howdy_pardner,1,1659,24.0,0.48333333333333334,0.26666666666666666,1.0223425551519527,1.3682550175945742,0.3333333333333333,0.08333333333333333,3.8620689575267537,0.31863888542665925,0.6335403715001351,0.7058823534602077
IvanIvan2023,0,1852,20.0,1.3733333333333335,1.2666666666666666,0.7552249888518031,0.9963627088249479,0.25,0.0,2.621359221392214,0.20607992052795085,0.5777777773925925,0.71666666684375
ferhadozcan,0,1362,31.0,1.0752688172043012,0.6666666666666666,0.7979974929882623,0.9545403029014369,0.5161290322580645,0.0967741935483871,3.719999996540399,-0.08700740180457754,0.6111111106069443,1.2946428568271686
alixrz,0,1547,30.0,1.126984126984127,0.7619047619047619,0.9211095308301396,0.8787791418850661,0.36666666666666664,0.0,4.394366193283872,0.07709428247799566,1.093503936013388,1.1779141102575368
slowtomoveandplay,0,1730,31.0,1.2043010752688172,1.3333333333333333,0.848543168618029,1.2684257272902086,0.41935483870967744,0.1935483870967742,4.428571424894132,-0.4155212376097941,0.62399999951328,1.249999999765625
srikanth1320,0,1432,19.0,1.1228070175438596,0.8888888888888888,0.7018700213716894,0.7315417499400919,0.21052631578947367,0.0,2.77083333086556,0.3647458249311288,0.6066666661934665,0.8280000001393202
ktulu100,0,1998,31.0,0.9103942652329748,0.6666666666666666,1.172038712812737,1.1113584226856725,0.1935483870967742,0.06451612903225806,5.858267710100565,0.07494471534460788,1.0093085095269851,0.763392857371014
Anurag_V251,0,1691,23.0,1.117056856187291,0.7692307692307693,0.798138678022854,0.910727805116148,0.17391304347826086,0.0,2.4790419139484023,0.4593400741667979,0.7926267274458154,0.8429118775237372
ThugPhilospher,0,1512,23.0,0.8405797101449272,0.4444444444444444,0.9450484950179928,1.0495394326424303,0.2608695652173913,0.043478260869565216,3.4367816051068187,-0.11057364791289749,0.8339622632304382,0.8170289857041392
IWANTTOWINTHISGAME,0,1764,33.0,1.1515151515151516,0.6666666666666666,0.822131544118323,1.1490281164768796,0.36363636363636365,0.15151515151515152,3.4736842075096948,0.3496675598407026,0.8682170535366864,0.47058823562848295
EUBO_Blue,0,1496,34.0,1.0065359477124183,0.6666666666666666,0.9401018728765926,0.983979474650358,0.11764705882352941,0.029411764705882353,4.194805190637628,0.1963836977833131,0.5756929632306751,0.655913978777662
Mary055,1,951,41.0,0.5304878048780488,0.5,0.9830106534676719,1.1438500244968879,0.2682926829268293,0.12195121951219512,5.183908036205047,0.39547682415906854,1.192307689923077,0.3628117921923479
theMarauder101,0,1876,26.0,1.0512820512820513,0.6666666666666666,0.8093004881588145,0.8688384669451978,0.5384615384615384,0.07692307692307693,3.804878045161213,-0.018056703877482885,0.5714285709387755,1.1578947366800556
smullyan,0,1736,17.0,0.9019607843137256,0.6666666666666666,0.7903535182214765,0.6696743559319084,0.17647058823529413,0.0,3.202898547173598,0.16677516294339528,0.4551724133693222,1.3015873011995467
prasadm,0,1767,51.0,0.6771241830065359,0.5333333333333333,0.8752819950196168,1.5103785637336158,0.23529411764705882,0.13725490196078433,3.3474903425466604,0.5296875810308236,1.0200320497679414,0.34919028404305613
Lev_170917,1,1404,26.0,1.2307692307692308,1.3333333333333333,0.790569414399757,1.3797169989923495,0.19230769230769232,0.23076923076923078,2.7083333311328124,0.38955275552778346,0.6263736259158917,1.0
reqatakebackpls,1,1440,22.0,1.0173160173160172,0.6190476190476191,0.9337783749447238,1.0114257345871165,0.18181818181818182,0.0,3.557446805013744,0.47109332171366614,0.4663212431427689,1.4736842099504157
Bluspagetti,0,1342,29.0,1.0160919540229887,0.6666666666666666,0.8679766277814385,0.6267181364350705,0.41379310344827586,0.0,4.59276017647545,0.10934406546711004,0.48579545415212566,1.0888888887973858
jerry1966,0,1955,62.0,0.4937965260545905,0.3076923076923077,0.900787933021192,0.9364695609437506,0.16129032258064516,0.03225806451612903,3.73869345976536,-0.1834645169231731,0.617183984455488,0.7008547013698958
Khali1982,0,1997,27.0,0.6748971193415637,0.4444444444444444,0.9504374507087406,0.916873100697775,0.2222222222222222,0.037037037037037035,4.280487798535619,0.03734130679867595,0.4477611934885275,2.1171428545287423
tobi54321,0,1770,26.0,0.7307692307692307,0.5,0.7749144840398636,0.7868609415603578,0.11538461538461539,0.0,2.964912276644506,0.24308819137603682,1.4767932467019176,1.2352941172871972
jstod66,0,1938,21.0,1.132275132275132,0.8888888888888888,0.8368531359159993,1.0968961594609097,0.19047619047619047,0.047619047619047616,3.7289719593234785,-0.22111154944710143,0.521739130026465,1.2525252522727273
DANSANDROV,0,1512,28.0,0.6285714285714284,0.4,0.8444166527834448,0.7467189657412996,0.21428571428571427,0.0,3.8181818121074387,0.10379261808809098,0.799373039580856,1.0952380950793652
CyBerTOOth131,0,1763,24.0,1.1944444444444444,0.6666666666666666,1.0805823391408094,1.4914025945338327,0.3333333333333333,0.2916666666666667,3.3488372064986476,0.5230588284751096,0.39473684182479213,0.5925925928641976
POD_NAPOLE,0,1670,42.0,0.8624338624338622,0.4444444444444444,1.103561445951998,1.0593856884726551,0.23809523809523808,0.047619047619047616,5.926380361226468,0.0544454247447319,0.2692307689511836,0.6464646468021118
SivaBehera,0,1688,17.0,0.9490196078431374,0.6666666666666666,0.7510209785697145,0.6816941358739518,0.35294117647058826,0.0,2.669421484790485,0.23717264452593093,0.4536082470368795,0.6476190479210884
swaggindragon,0,1675,56.0,0.7053571428571429,0.5,1.0313931492990465,1.2220209743305985,0.14285714285714285,0.10714285714285714,4.607594930176574,0.7102664842374964,0.7837037026355446,0.2845528461799193
SARGISHAKOBIAN,0,1770,38.0,0.8456140350877193,0.4666666666666667,1.2253808245655347,1.0939032665656068,0.21052631578947367,0.0,5.597510366824522,-0.06742945016216542,0.9867509774576544,1.2110091740360658
ramses005,1,1757,30.0,0.9333333333333335,0.6666666666666666,0.763886311277802,0.6972440247501052,0.26666666666666666,0.0,3.095238091921768,0.17649473222251247,1.013761466801742,1.249999999698661
ali_elayan,0,1286,23.0,1.2642140468227425,1.0769230769230769,0.7283544913781641,1.1352684784717033,0.21739130434782608,0.043478260869565216,3.164021161518406,0.3568182581391824,0.4999999996388889,0.6875000002068864
chessdance1212,0,1116,20.0,1.0125,0.5,1.753738357310342,0.8504084784013995,0.3,0.0,8.395061720103643,0.5250251374294961,2.640350873301939,0.44642857182397955
vedad2009,0,1358,40.0,0.31666666666666665,0.2,0.7831324249566709,0.7567125648699383,0.2,0.0,3.157894726869806,0.20904612184482976,0.5624999984179689,0.7924528307760769
Heikz,0,1342,20.0,0.6076923076923079,0.6153846153846154,0.6672939408308936,1.234341579841371,0.5,0.1,2.531645565454254,0.3701674895192392,0.5468749992224121,0.6458333338129342
don_breezy,0,1681,22.0,1.3566433566433564,1.0769230769230769,0.9800865604239678,1.2093517819435085,0.3181818181818182,0.045454545454545456,3.969072162022798,0.25486333361464636,0.38069216732049826,0.7636363637899999
SreePer,0,1958,36.0,0.9814814814814815,0.6666666666666666,0.6883560878629843,1.126976188466746,0.3888888888888889,0.16666666666666666,2.716981129307227,-0.006335166742477944,0.8449999991761249,1.208333333098958
jazzyw9,0,1829,32.0,0.4722222222222222,0.4444444444444444,0.9017476284878222,0.9007399796220386,0.375,0.0625,5.176470577273356,0.2107447663603281,1.19047618785014,1.615384613680473
mhit98,1,1292,19.0,1.0789473684210527,0.75,0.6598902071185739,0.7005118030879094,0.21052631578947367,0.0,2.3170731685841757,0.33670248704462685,1.6153846136449703,1.14999999985
JOEL2027,1,1430,36.0,1.0,0.6666666666666667,0.9920673005879199,1.4796484635545202,0.05555555555555555,0.08333333333333333,4.2666666624,0.4955038620454091,0.5999999994600002,0.35000000043875
la_pyramide,0,1855,36.0,0.8827160493827159,0.6666666666666666,0.9220963206514471,1.075043737459928,0.19444444444444445,0.05555555555555555,4.531468526334981,0.2547461874867897,0.8747663541836669,0.7875000002151562
Game4Ukraine,0,1973,22.0,1.1515151515151514,0.6666666666666666,1.0926599723156738,1.3446614242036516,0.4090909090909091,0.22727272727272727,4.052631575427978,0.10898366259637901,0.6374999994919922,2.4545454523636363
scorpions11,0,1766,40.0,0.7222222222222223,0.4444444444444444,0.9724001889957832,0.7294851608600083,0.325,0.0,5.230769223526627,0.6151824415178822,1.1760889695480699,0.42857142913657775
Diplomat1220,0,1500,20.0,1.4666666666666666,1.3333333333333333,0.7272727267768595,0.8707721082768048,0.2,0.05,3.1818181796487606,0.2068811513601049,0.8749999994257811,0.760000000144
brkkskn_91,0,754,46.0,0.6873706004140786,0.5714285714285714,0.864263651842774,0.8212979697789142,0.2391304347826087,0.0,4.018072283311058,0.16020685586173847,0.8289668796953864,0.8863636365195633
Ahmed-Osama-Badr,0,1637,22.0,1.3748251748251745,0.46153846153846156,1.0975018191840935,1.2503703959998644,0.18181818181818182,0.0,3.289928787027163,0.34441425736969056,0.41529680339103714,1.469849245809118
dullerafluenzer,0,1710,29.0,1.218390804597701,0.6666666666666666,0.9646658883527154,1.2426903326795862,0.4482758620689655,0.1724137931034483,3.830188676101638,0.45420512506532995,0.853124999328164,0.8333333334583333
visvesh_96,1,1400,53.0,0.5547169811320753,0.2,1.7423408258647186,1.5374193425320009,0.11320754716981132,0.09433962264150944,7.931972774816514,0.3227121722923256,0.6315391868933599,0.47658506032787945
joker_god,1,1545,33.0,0.6181818181818182,0.4666666666666667,0.6659935075861847,0.750879693987183,0.15151515151515152,0.0,2.3725490157698963,0.10257127812939626,0.691029899287646,0.8932184340335966
AlexTopaLove,0,1854,24.0,0.9325396825396824,0.5238095238095237,1.0932030001833313,1.026563905946697,0.125,0.0,4.902127654317719,0.4422935321537529,0.3732638885826958,0.8217054265307373
GamesLikeChess,0,1299,31.0,0.8888888888888888,0.6666666666666666,0.7127864441653525,0.6783821078276538,0.12903225806451613,0.0,3.4999999960625003,0.27758649679646197,0.4882075466931181,1.387499999476875
vicsantoyo,1,1685,31.0,0.8817204301075269,0.6666666666666666,0.8008026897933337,1.2987005767513304,0.3548387096774194,0.25806451612903225,2.2682926803542536,-0.1052854716114099,1.4187192100614916,2.0192307674667163
grodriguez,0,1916,25.0,0.8444444444444444,0.4444444444444444,0.9055079217742803,0.8640141417101145,0.12,0.0,3.157894733102493,-0.10774037181461762,0.5833333326770833,2.4497041390009104
lucasreimundo81,0,1523,22.0,1.0629370629370631,0.46153846153846156,1.204576337304728,0.9918838734887039,0.18181818181818182,0.0,5.35526315285656,0.0008879660591192673,0.683195591699292,2.3777777755886427
ZhMykyta,0,1805,26.0,1.2820512820512822,1.3333333333333333,0.7483314767710896,1.2899173346304897,0.38461538461538464,0.19230769230769232,3.1199999975663997,0.14785136357825143,0.9536679529333715,1.083333333265625
charlett123,0,1621,30.0,1.222222222222222,1.3333333333333333,0.631147452491235,0.865409959809013,0.3,0.06666666666666667,2.7272727250413227,-0.20779044385239354,0.7222222216805555,1.115384615284763
Ganglio,0,1609,34.0,1.0117647058823527,0.6666666666666666,1.1044811499761917,0.9861755140810585,0.11764705882352941,0.0,5.798449606672076,0.26938720097403285,0.6204878043332305,1.015624999984436
FI123581321,1,1684,34.0,0.4052287581699346,0.2222222222222222,1.0843700820964164,1.4469724660088221,0.35294117647058826,0.2647058823529412,3.8387096679464103,0.35161829995095734,0.9849056579522607,1.8181818153367768
tigeradam,0,1563,22.0,0.709090909090909,0.4,1.0092348791650152,0.9523176489334508,0.09090909090909091,0.0,3.9487179431492443,-0.2778660654809802,0.4378109447508726,1.6590909078551137
RealBeachDog,0,1925,22.0,1.303030303030303,0.5555555555555556,1.4949989733600222,0.9955124069913529,0.36363636363636365,0.0,6.99224805664936,0.09265734146986118,2.6764705849290666,3.0312499968579103
Askar_Shiden,0,1024,16.0,1.6666666666666665,1.4444444444444444,0.39999999976000006,0.42442392885792807,0.5,0.0,1.7333333322933333,0.15207128005612117,0.7333333329299999,1.2222222220740742
Arpanb03,0,1105,28.0,0.938095238095238,0.6,0.8195572553414436,0.8678669209411187,0.07142857142857142,0.0,2.9847715704223248,0.21247781032210994,0.47816091914451053,0.5271317833306294
silversurfer13,1,1736,22.0,1.4242424242424239,0.8888888888888888,1.2073621877910474,1.1273545468838606,0.2727272727272727,0.045454545454545456,5.3049645352823305,0.007147698698863171,1.8405017903780925,1.238095237908163
vengadorr,0,1350,36.0,0.685185185185185,0.4,1.0430471723228516,0.827676728985259,0.1388888888888889,0.0,4.864864857764793,0.09907395324988458,0.3841463409890877,0.8316831685418099
tedo05052003,0,1584,27.0,1.091358024691358,0.7333333333333333,1.1154144433396807,1.5691012666245554,0.3333333333333333,0.07407407407407407,4.642533932397678,0.08955514420106973,0.5654761900247598,1.4857142851571434
aloevera205,0,1911,22.0,1.0,0.6666666666666666,1.05887304195059,1.052290055074044,0.5454545454545454,0.13636363636363635,5.333333327999999,-0.1432078919771717,0.3888888885864197,0.7368421054916897
ratapia,0,1462,16.0,1.0576923076923077,0.8461538461538463,0.7233987725552505,0.7221451412237311,0.1875,0.0,3.199999996974545,0.4943846721155119,0.8478260861778117,0.617647059115917
DimiNator67,0,1650,25.0,1.5466666666666666,1.3333333333333333,0.6418796709293462,0.560924085880663,0.32,0.0,2.5862068948796075,0.1283144730200358,0.8095238090323131,1.218461538304246
Maxno2002,0,1984,16.0,0.23750000000000002,0.16666666666666669,0.8763153467482986,1.0752004939978543,0.375,0.0625,3.6491227916528164,0.12401948855153293,0.4444444429629629,1.8499999949
MatiChe03,0,1057,49.0,0.6161321671525752,0.38095238095238093,0.8750176797962992,0.9201109146332844,0.32653061224489793,0.0,3.8643533060308846,-0.02740490254002785,0.7613168712766092,0.5540298513053955
Adeth,1,1891,18.0,0.6629629629629631,0.3,1.0469011386632474,1.0970700261909176,0.1111111111111111,0.0,3.519553067316875,0.38323590052990697,1.2414285693802143,0.826530612483861
MohamedRagaai,0,1616,22.0,0.9818181818181817,0.5333333333333333,0.8662233741937727,0.7589989212243757,0.36363636363636365,0.0,3.395061724937129,-0.4089563900412804,1.6532110072405102,0.5882352944506919
ErinLeighton,0,1764,43.0,0.6046511627906976,0.6666666666666666,1.0036095260725395,1.3500288911856064,0.37209302325581395,0.3953488372093023,3.307692302221894,0.22439506431192183,0.8727272713309091,0.5965909096203836
ccaso10,0,1664,29.0,0.34482758620689646,0.26666666666666666,0.9753859606636682,1.064383962488984,0.1724137931034483,0.034482758620689655,5.026666652089334,0.24636738839010994,0.7403846133912722,0.8615384619112426
BLASPHEMOUSCHESS1,1,1796,17.0,0.5158371040723982,0.46153846153846156,0.5597563544777993,1.2158466182734438,0.23529411764705882,0.11764705882352941,1.7894736807414588,0.019728433502634216,0.6071428561562502,1.4141414131625343
usersiif,1,1500,17.0,1.0823529411764707,0.6666666666666666,0.9484729424255006,1.3565860426723242,0.23529411764705882,0.058823529411764705,3.6956521704985814,0.46377920732900196,0.5233380477019061,0.6837606840039447
NarutoG8,1,1094,20.0,1.2325000000000002,0.825,1.044518397016028,1.2590118636991454,0.15,0.0,4.25963488498204,0.41676678747397644,0.5772471906220804,1.0714285713685476
JaredFrance,0,1745,15.0,1.111111111111111,1.3333333333333333,0.6066300349781572,1.062766778109093,0.4666666666666667,0.13333333333333333,2.39999999784,-0.11297348024037779,0.9411764697577855,0.9479166667122396
Chessbuild,0,1434,30.0,1.0888888888888888,0.6666666666666666,0.8583567683877577,1.3374834278317276,0.3333333333333333,0.23333333333333334,3.0612244869845897,0.023788142156788143,0.3733766230838621,1.1304347824810963
luisuma,1,1233,16.0,2.1666666666666665,1.6666666666666665,0.7008025826876526,0.5819082318847733,0.6875,0.0,2.7692307679526627,0.5420319753019184,1.2666666660333337,0.5757575759118457
VaneSamudio,0,994,32.0,0.5833333333333334,0.4666666666666667,0.5999999989714285,0.6162251697943969,0.3125,0.0,2.6285714240653064,0.11416474005417633,0.5269320834992994,0.7500000003749999
mikedidonato,0,1875,31.0,1.1612903225806452,0.6666666666666666,1.0307348176365518,1.1870666430461094,0.45161290322580644,0.16129032258064516,5.166666662217592,0.0356546803760761,0.36406619359780695,0.8705357143897482
Jozava,0,1601,21.0,1.777777777777778,1.3333333333333333,0.6781013405488366,0.8883672276611915,0.2857142857142857,0.047619047619047616,2.6249999985234376,0.27528474110661233,0.41666666647135414,1.7703349276215061
SeroZeleniy,0,1801,34.0,0.9728506787330315,0.6153846153846154,1.1375968320253247,1.2017975468620288,0.38235294117647056,0.058823529411764705,5.851162784683225,0.27868629950823864,0.4523809519608843,0.72000000024752
anak_alim,0,1889,40.0,0.5833333333333333,0.5333333333333333,0.7627019625776749,0.7153330118165102,0.375,0.0,3.4285714226938784,0.21364523406996544,0.476821191342485,1.2435897431213019
brisachess1,1,1996,40.0,0.85,0.6666666666666666,0.6559109280000157,1.0910073566684118,0.45,0.175,2.352941173702422,0.19697446581132147,0.9975429963702104,0.8888888890123455
Estong-BOr,0,1882,41.0,0.9333333333333333,0.8,1.053567736418601,0.9126912249235459,0.21951219512195122,0.0,5.857142850867347,0.21159508969286728,0.5893682582978867,1.0723104055633939
arqcap,0,1669,31.0,0.8387096774193549,0.0,1.1766968094261196,1.183249818150076,1.0,0.5806451612903226,2.384615381772189,0.19474326885307178,1.1363636349431818,0.4166666671527777
GabrielDiasx,0,1924,22.0,1.2727272727272727,1.3333333333333333,0.8637312920459755,1.3790380387089962,0.3181818181818182,0.22727272727272727,3.142857140387755,0.1877479022086528,0.7999999993999999,0.750000000171875
bshargorodskiy,0,1699,36.0,0.808641975308642,0.6666666666666666,0.995385892443722,1.3715902207034318,0.16666666666666666,0.1388888888888889,5.2213740393445605,-0.11599224633062548,1.0515463904354339,3.093749994700196
Ramil_MrSuave,0,1742,15.0,1.276190476190476,1.1428571428571428,0.7441761703015283,0.9094439885508219,0.3333333333333333,0.0,2.462686565234462,0.13211685069770987,0.417582417293322,1.296296296027435
eliezer723,0,1790,31.0,1.0967741935483868,0.6666666666666666,0.9333827627106928,0.9665618555982581,0.5483870967741935,0.0967741935483871,4.862745093605537,0.27435044939935305,0.9428571420085715,0.9750000000225001
elmedijo,0,1463,25.0,1.1733333333333333,1.3333333333333333,0.46243158936442313,0.6892593815980395,0.4,0.04,1.7045454530927169,0.20040743457179064,0.9313725482388981,0.92307692313986
AcaiComMortadela,0,1611,20.0,1.2999999999999998,1.0,0.7515051732553983,0.8319761309313374,0.0,0.05,3.076923074556213,0.18007905259783083,0.7295918362265854,0.6956521741115312
zeuslester31,1,1585,16.0,0.8124999999999999,0.6,1.0870706269808164,0.7656718255469531,0.375,0.0,4.923076917017752,0.2492530878131392,1.3425925907278808,0.6525423732347027
mohamede5e2,1,1612,15.0,0.7259259259259259,0.4444444444444444,0.6932770501250992,0.6201161882701812,0.5333333333333333,0.0,2.4489795884631405,0.3736538280175147,1.1249999983727683,0.5541666671347917
aminehajiri,0,1500,20.0,0.22333333333333333,0.18888888888888888,0.7335398665083548,0.770789250065583,0.25,0.0,3.2835820748496323,0.095723758169481,0.5975308620065845,1.1612903218002082
suhang1993,1,1409,26.0,0.4752136752136752,0.16666666666666669,1.4465083869893873,1.3215106858807568,0.19230769230769232,0.0,6.640287755810905,0.1432314778165812,1.6379999961302245,0.9372822300929963
BorisFernando,0,1660,36.0,0.48148148148148145,0.33333333333333337,0.9554576937216949,0.7767136243378768,0.4166666666666667,0.0,3.876923068871006,0.3624777383677582,0.7799999984789999,0.444444445277778
DinhoAFM,0,1790,17.0,0.4901960784313726,0.3333333333333333,0.6116731140678757,0.719126247136181,0.35294117647058826,0.0,2.17599999556096,-0.2010736395782749,0.34513274276724887,2.035087716029547
QuynhHuong,1,1510,30.0,1.0444444444444445,0.6666666666666666,1.3254823925328374,1.6281149897644556,0.13333333333333333,0.43333333333333335,5.106382973834314,0.14697807469905524,1.4193548371987512,0.09302325628853433
FVH_01-09-2012,1,1322,19.0,0.7719298245614035,0.4444444444444444,0.8108538268441,0.68602787898596,0.3157894736842105,0.0,3.454545450070248,0.24920303462883,0.555555554987374,0.5487804882505948
forgis_g,0,1185,27.0,0.625514403292181,0.4444444444444444,0.8319702596982181,0.8810614565356855,0.4074074074074074,0.037037037037037035,3.1973684159410496,0.3369325734584265,1.0909090891239672,0.7926829271250746
NiceandDandy,1,1161,20.0,1.1999999999999997,1.3333333333333333,0.623609563942649,0.775693967392656,0.4,0.05,2.7777777754629636,-0.14313943564132964,0.8478260862930055,1.9999999987500001
DorianR,1,1605,32.0,0.5833333333333334,0.47619047619047616,0.7709317034753049,1.0834425131343597,0.21875,0.03125,2.448979587638484,-0.005210189345783397,0.24270639321693213,0.9797979798322621
FlacoTulio,1,1280,23.0,1.3333333333333335,1.3333333333333333,0.6756639241854282,0.9734763154987703,0.34782608695652173,0.08695652173913043,2.9999999977499994,0.08960538084780462,0.738636363132748,0.9166666667264491
skd2000,1,1923,43.0,0.7131782945736435,0.6666666666666666,1.1650226946250668,1.3503391983413335,0.4418604651162791,0.3488372093023256,5.608695644309546,0.22469605854480248,0.6283783775886596,0.3760330584468444
hwutawonderfulworld,0,1340,31.0,0.513978494623656,0.26666666666666666,1.0605188321992305,1.3359974753560913,0.2903225806451613,0.06451612903225806,5.18828450873409,0.24194969077453468,0.30143540624424814,0.6979927012259246
grey104,0,1312,16.0,0.7166666666666667,0.6666666666666667,0.7834828141590015,0.8214855058433645,0.4375,0.0,3.1627906932612224,0.3331375429646681,0.32727272702727267,1.0476190475510205
JesusEstacio2022,0,1627,23.0,0.6347826086956522,0.5333333333333333,0.7566142518567668,0.8400824175547343,0.30434782608695654,0.0,3.2557077574282234,0.355969583388353,0.6441717782519103,1.759999998328
gootik,0,1171,21.0,1.3650793650793651,1.3333333333333333,0.6651325411906629,0.8341859532034603,0.23809523809523808,0.047619047619047616,2.4418604633274743,0.3665545996705354,0.9629629622674897,0.4870129872878014
Tete2FraiseEnMed,0,1190,49.0,0.5551020408163265,0.4,0.6953876703670967,1.0392252917915183,0.4897959183673469,0.14285714285714285,2.882352935983997,0.31871870735934793,1.0505050485950413,0.6321951224894707
skd2000,1,1925,25.0,0.88,0.6666666666666666,0.7642133453690599,1.2573228225077075,0.32,0.24,3.030303026859504,0.20826797115563447,1.4814814795061726,1.2527472524222918
GiancaMF,0,1029,16.0,0.9583333333333333,0.9333333333333333,0.6360915622189166,0.7198324772542262,0.1875,0.0,2.504347823473724,-0.12653321451017704,0.631578946770083,0.742424242658402
engrsere,0,1694,20.0,0.719047619047619,0.47619047619047616,0.8889726397800354,1.2551180055463302,0.15,0.05,2.913907280715758,-0.21158049904977255,0.2237762235133258,1.040540540483017
Gerychez,0,1261,32.0,0.9791666666666667,0.6666666666666666,0.86765738226723,1.1845991219034147,0.4375,0.1875,3.4042553156722497,0.0967659475391076,0.8458646608194005,1.0434782608241968
mauricioxp,0,1823,64.0,0.6076388888888888,0.2222222222222222,1.4328963081733304,1.5738010667070965,0.3125,0.25,8.411428557585763,0.48361175527650135,1.0972010159648893,0.13636363717119243
fejear,0,1937,20.0,1.0,0.46153846153846156,0.9844951839863452,1.0470537265818378,0.0,0.0,3.6923076886153847,0.022511371153357832,1.2413793089536267,2.170731705461035
smfrench,0,1772,21.0,1.4880952380952381,0.5,1.4419098436468503,0.9889192674414479,0.2857142857142857,0.0,6.215999995822847,0.09179045204972422,0.7617924523414916,2.4331550785278395
Gal0is,0,1523,31.0,1.0372208436724566,0.9230769230769231,0.6600790179657338,0.9553649375504184,0.12903225806451613,0.03225806451612903,2.521531098047423,0.3885261463251342,0.7091906715276212,0.9648058252760332
chatran666,0,1635,30.0,0.4977777777777778,0.4,0.9674633470431825,1.1051786172415579,0.26666666666666666,0.03333333333333333,4.821428561742665,0.45277145235139904,0.5486631006844604,0.5135135142531045
David_mj,1,1840,41.0,0.845528455284553,0.6666666666666666,1.3265049492758092,1.4416231637303387,0.36585365853658536,0.36585365853658536,6.307692300232247,0.1951049487120464,0.4508050085042227,0.9523809524358973
Tumbleweep,1,1722,15.0,1.5111111111111113,0.6666666666666666,1.0862461941411248,1.2144911614161487,0.4,0.13333333333333333,4.411764702962802,-0.09811327808333406,1.6851851839681071,1.1083333332575
marcomira,1,1346,37.0,0.6306306306306305,0.4444444444444444,0.9141865011039968,0.8721932867611253,0.24324324324324326,0.02702702702702703,3.8761904700439467,0.2830078538172754,0.4249233906569188,0.7386262269422428
Jairbear29,0,1669,22.0,1.5151515151515154,1.3333333333333333,0.6788225094910627,0.5926348452171013,0.13636363636363635,0.0,3.0799999979671995,0.47568743676434444,1.0370370363456793,0.66666666685
Pandafar,0,1685,63.0,0.6067019400352732,0.2222222222222222,1.5814380953107905,1.6883832768357947,0.23809523809523808,0.31746031746031744,8.424418590765567,0.12461027676392997,0.5675675667219686,0.13472682199142788
santosh_silimkar,0,1307,31.0,0.7139784946236559,0.4,0.8345493607852934,0.8503910191551849,0.22580645161290322,0.0,2.987951803043983,-0.3453916637619549,0.7405303020625646,1.4567307684402733
Ro0ho0,0,1388,38.0,0.891228070175439,0.7333333333333333,0.9176607119805298,1.1538490654828237,0.15789473684210525,0.0,3.814960625640692,0.7163328055599301,0.7799510994149664,0.4941176474828719
Patchamama,0,1923,43.0,0.8837209302325582,0.6666666666666666,0.9723793996400983,1.3793393863676575,0.3488372093023256,0.3023255813953488,3.7719298202931673,-0.06603031202255691,0.8203124991027833,0.8590909092388636
LUIS2050,0,1798,32.0,1.1291666666666667,0.6666666666666666,1.2813251306010158,0.7934932970998086,0.21875,0.0,6.9667896617268275,0.18763687969525836,0.8887425930437955,0.2904761908816326
jd290599,0,1282,21.0,0.7513227513227514,0.4888888888888889,1.0121421133703685,0.7344856811938918,0.3333333333333333,0.0,4.436619712404781,0.22873894844204082,0.5372023802688869,1.5926708939627483
Mary055,1,986,18.0,1.3703703703703702,1.3333333333333333,0.4720067346980757,0.39780539650577135,0.6666666666666666,0.0,2.4324324306574145,0.16428640144935103,1.0999999991749996,0.761904762057823
krish292015,0,1710,46.0,0.6140468227424749,0.2923076923076923,1.7989205801728045,1.186701028446907,0.15217391304347827,0.0,11.274509785560577,0.317513601434551,1.6678700328722194,0.27146814479858394
gundala123,1,1715,51.0,0.6056644880174291,0.4444444444444444,0.7084778695704013,0.5824255630360543,0.3333333333333333,0.0,4.035971216357876,0.24209622690902155,0.8045165830709666,0.8693361435101116
Filip29,0,1015,22.0,1.111111111111111,0.7777777777777777,0.930298094105716,1.1467049079608476,0.13636363636363635,0.045454545454545456,3.39999999694,0.18254767977577585,0.9629629621094277,0.7187500002175291
DannyLiber,1,1902,34.0,0.7338935574229692,0.5714285714285714,0.920599292283387,0.9457104915054529,0.11764705882352941,0.0,4.022900757877193,0.4646387349938324,0.5684024706487373,1.015384615363491
planettiama,0,1167,47.0,0.6680851063829788,0.5,0.9284190557811075,0.9224908534426537,0.3404255319148936,0.0,4.265923560493681,0.034232219687438115,0.2526118818024815,1.1386469219612863
MatthewBrison_HF,0,1877,63.0,0.525573192239859,0.2222222222222222,1.6968056980397532,1.8228472152108017,0.19047619047619047,0.47619047619047616,8.03355703169454,0.6044153562724909,0.6589147275099153,0.10844216510725609
helloindia12050,1,1960,20.0,0.8666666666666665,0.6333333333333333,0.7041718448087748,0.8698563174465435,0.35,0.0,2.4615384586982256,0.3593412257023433,0.26229508170921795,1.1311475408223597
Rehmanshaikh12,0,1619,38.0,0.7719298245614034,0.6666666666666666,0.6661499366212942,0.5610535215734834,0.21052631578947367,0.0,3.4545454500702486,0.1763927488108614,0.8675213664327953,0.8857142858538777
whykit,0,1652,49.0,0.40816326530612246,0.2222222222222222,1.1235965154878196,0.9478934404529544,0.5102040816326531,0.08163265306122448,7.622222203547778,0.18933101006748815,1.9059561072333806,0.6109090916731241
abdo_essam90,0,1866,119.0,0.25434173669467786,0.06666666666666667,1.5385300882470272,1.4471500021619328,0.36134453781512604,0.14285714285714285,8.649779701674325,0.6319847997917898,1.3624678607549512,0.1732297082859025
mrjosefm,0,844,46.0,0.7043478260869565,0.4666666666666667,0.9998645086992181,1.2732263931620733,0.13043478260869565,0.06521739130434782,3.7860082250774783,0.5419900280020833,0.7093596049678471,0.2335025387422376
firdavsus,1,1810,33.0,0.8989898989898988,0.5333333333333333,1.156952056222714,1.3133977911448909,0.2727272727272727,0.030303030303030304,4.226966287432926,0.35512899327057296,0.9666666656033334,0.6215978932273662
khaleddeb,0,1772,30.0,0.8,0.7692307692307693,0.6632060071903547,0.6703884486538365,0.4666666666666667,0.0,3.076923073076923,0.19156286969976014,1.0685358241820393,1.0526315788798475
gymflake,1,1556,58.0,0.5931034482758621,0.26666666666666666,1.0003004159006608,1.2117599488495054,0.25862068965517243,0.06896551724137931,4.945736425769785,0.24828862957719097,1.1024682105110688,0.5925925931395747
drboca87,0,1422,43.0,0.8837209302325579,0.6666666666666666,0.8566003931172648,1.1394227019951804,0.5116279069767442,0.18604651162790697,4.526315784351802,0.33796438196803136,0.9308510627900067,1.0606060605353538
loder5740,0,1840,22.0,1.1188811188811185,0.9230769230769231,0.7612694982488712,0.7873678482281837,0.3181818181818182,0.0,2.887499997419298,0.2089308467163893,0.4545454542097109,1.051282051235043
Herjean,0,1414,34.0,0.2941176470588235,0.2222222222222222,1.1402836948490354,1.4967805352791432,0.2647058823529412,0.38235294117647056,4.53333331792,0.0640719786221501,1.2222222177407405,0.2857142872755102
BlackGambit1,0,1613,15.0,1.2444444444444445,0.8888888888888888,0.5447648180692687,0.48720600358095334,0.4666666666666667,0.0,2.1428571411352038,0.24964374302983586,0.6977611935143406,1.0096153846076186
GuerraC,0,1870,26.0,0.9230769230769231,0.4444444444444444,0.9196080744063606,0.7922873426477838,0.34615384615384615,0.0,2.888888885759259,-0.5259920854795282,1.0439560428117076,3.3199999945711993
itssbasel,0,1225,21.0,0.8208616780045349,0.7619047619047619,0.770832086336314,1.1802856758915319,0.2857142857142857,0.047619047619047616,3.248618780572816,0.40534879126877976,0.32051282021079874,0.3968253973280423
caspablanca81,0,1933,44.0,0.8484848484848485,0.6666666666666666,0.8601138974714582,1.2647717617966416,0.4090909090909091,0.25,3.142857139153061,0.22568212188480255,0.7692307683431951,0.43589743637475337
sarcozoni,0,1720,23.0,1.507246376811594,1.3333333333333333,0.5864596412254031,0.8116053947903079,0.2608695652173913,0.043478260869565216,2.211538460071191,0.29516408310105047,0.9266409260398624,1.0694444443967013
lalizakaria,0,1815,25.0,0.39,0.2,1.0968845939160616,0.8856996930163293,0.16,0.0,5.384615370808678,0.48525717783615485,1.0886339908828386,0.4303065365977118
AlgeitB,0,942,40.0,0.75,0.5333333333333333,0.9200644087568739,1.1732387970272704,0.25,0.05,4.088888883437037,0.24595515976457083,0.4220485392385674,0.8595041324055732
Smithch,1,1447,46.0,0.5217391304347826,0.2857142857142857,1.028903285664165,0.8773970548430741,0.10869565217391304,0.0,4.928571419125001,0.3296843820517687,0.8618266963099013,0.5849056610078319
migucanada,0,1446,33.0,1.0707070707070705,0.6666666666666666,0.6844663068028873,1.0315223424323912,0.45454545454545453,0.12121212121212122,2.4905660354097545,-0.1649837145768812,0.8637873746318472,1.326203208200292
SergioBeck,0,1123,39.0,0.6273504273504272,0.6,0.6667792611832637,0.7388774963161251,0.3076923076923077,0.0,2.9754768344941316,0.16660052106494974,0.558673468618154,1.0422857142168487
elbahnasy58,0,1541,57.0,0.6842105263157896,0.35,0.9778614497751685,0.8974541485978452,0.07017543859649122,0.0,4.092307686326627,0.594061003838421,0.7989130423435726,0.310929281776184
NINJA-Oldair,0,1578,20.0,0.61,0.35,1.234851774058701,0.9554632515846375,0.2,0.0,4.59016392690137,0.10908153131564029,1.231213870697317,1.1592920351162974
blmppes,1,1081,17.0,0.8666666666666666,0.6,0.7015471929124729,1.2737915613846205,0.23529411764705882,0.058823529411764705,2.384615381863906,-0.1286366031066314,0.6215213352016722,1.6959064316497385
jasithchess2021,0,1477,32.0,1.1833333333333333,1.0,0.8524327176669024,0.8716220018530977,0.34375,0.0,4.056338024741122,0.03633428717696324,0.5906249995328064,1.8399999989920002
YatoMate,0,1796,17.0,1.1895424836601305,1.1111111111111112,0.6929179233926327,0.620492059276992,0.35294117647058826,0.0,3.17582417315439,0.14482661705094507,1.1225806441835589,0.9494949495362716
sugiartopolisi,0,1822,29.0,1.2107279693486594,0.8888888888888888,0.7599682055567158,0.7579687675110585,0.3103448275862069,0.0,3.1202531619797895,-0.22149063448679907,0.6865671636488082,1.8490566027643294
DonPeyo,1,901,31.0,1.010752688172043,0.6666666666666666,0.7468054790391921,1.2102858139313135,0.3548387096774194,0.1935483870967742,2.638297869730194,0.1629483961147731,1.083870966640583,0.6361607145780851
Riping,0,1581,41.0,0.7046070460704608,0.4444444444444444,1.0163748071194545,1.4303605265635175,0.2926829268292683,0.17073170731707318,4.099999994181154,0.1468949505823855,0.2013888886698785,0.9235209236252133
GuilleDeLaRosa,0,1705,26.0,1.1111111111111112,0.6666666666666666,1.102444834536823,1.0786779731758542,0.15384615384615385,0.038461538461538464,4.9999999955,0.212408538726612,0.34999999972437495,1.2413793101013677
Zimagin,0,1784,18.0,0.7555555555555555,0.6000000000000001,0.9434362000126665,1.1254592675428656,0.16666666666666666,0.0,3.9705882300389277,0.2848058347672918,0.46158770752875194,1.0751173707888646
vaishal12345,0,1435,16.0,0.4791666666666667,0.3,1.2368323439023847,1.6195231984247702,0.1875,0.125,4.4521739037519845,-0.22409099583403955,0.1944444441203704,2.7096774127367325
BigMan_chess,0,1791,36.0,0.6111111111111112,0.0,1.6934487254286437,1.107716058242089,1.0,0.7222222222222222,6.545454534743802,-0.12474947034558902,1.9999999960000001,0.8333333335833334
mahr55,0,1283,28.0,0.7472527472527473,0.46153846153846156,0.6910200063970602,0.5709352834805533,0.32142857142857145,0.0,2.882352937319204,0.20844415917624734,0.804255318147895,0.7662337665100352
alkieaman,0,1742,31.0,0.903225806451613,0.6666666666666666,0.8702698505839661,1.1691604475561546,0.5161290322580645,0.1935483870967742,3.690476186390306,0.19947544540284223,0.9350649340448641,0.9375000000669643
pawn_nugget,0,1731,54.0,0.47736625514403286,0.4444444444444444,0.9665942248999642,1.1132720409290573,0.2777777777777778,0.1111111111111111,4.189655163637188,0.043835772674347656,0.642857141617347,0.7846153850179883
CheckingOnYou,0,1955,31.0,0.9749103942652328,0.6666666666666666,1.265389690719631,1.1829644695057644,0.12903225806451613,0.06451612903225806,6.838235287103429,0.4762987705874101,0.5825242713356584,0.49508427004586286
Bhavagnya,0,1343,37.0,1.0210210210210209,1.1111111111111112,0.7911710029237023,1.282693936322575,0.21621621621621623,0.08108108108108109,2.829411761934723,0.3881227669850232,0.9398148139063274,0.49060150412780273
Ajedrezatawalpa,0,1089,41.0,0.5853658536585366,0.4,0.8983523998296329,0.7563798918131851,0.12195121951219512,0.0,4.0999999929958335,-0.039381099305775456,0.4302147232731402,1.2739641305732916
Tshreyan,1,1500,21.0,1.1555555555555557,0.8,0.886166818429983,0.8622836881262781,0.23809523809523808,0.0,3.6923076891124254,-0.5024101619842742,1.4239690707336394,0.7130124779293803
rwiedman,0,1163,28.0,1.2761904761904763,0.9333333333333333,0.7894943967209599,0.857228828038574,0.17857142857142858,0.0,3.3432835794698144,0.4686430894974207,0.5192307688937685,0.7866666668160002
hamza_nabil1977,0,1905,25.0,1.25,0.75,1.0881176398283412,1.439812023082119,0.12,0.12,4.39999999648,0.37547363780209925,0.21652421638356828,0.20814479675272823
cawander,0,1319,15.0,1.4857142857142855,1.1428571428571428,0.7992024289753419,1.0859608412857205,0.2,0.0,2.75641025455498,0.43981881721328947,0.5217391301172022,1.6527777771854422
Tientien2002,0,1825,15.0,1.9111111111111112,0.6666666666666666,1.2729239233715173,1.491952833698995,0.3333333333333333,0.2,4.883720927677123,0.4735114480406875,0.2631578946329639,5.395833325640627
Peter_Salazar,0,1867,33.0,0.6161616161616161,0.4,1.1792435802017165,0.8513713487504395,0.24242424242424243,0.0,6.38360654701677,0.1394396736927602,0.41408450642987504,2.7868601930554697
regarLugu_STL,0,1597,33.0,1.0505050505050504,0.6666666666666666,0.6815401973000473,1.1130736853087841,0.3939393939393939,0.15151515151515152,2.5384615360451184,0.4299912621613146,0.5476190471692177,0.8714596951033646
Lyco5,0,1581,24.0,1.1018518518518519,0.8888888888888888,0.957503933502694,0.6892522253604197,0.2916666666666667,0.0,5.04201680214674,-0.022099352825463513,1.3536585352482151,1.4791666661276042
AleevAM,1,1898,37.0,0.609009009009009,0.4666666666666667,0.7131466394421551,0.8060805254352587,0.13513513513513514,0.0,3.1745562078050926,-0.11694397898570524,0.6046329005553545,1.9636363612710743
mezencio,0,1470,29.0,1.2413793103448276,0.6666666666666666,1.4907119837990084,1.231238201613542,0.5172413793103449,0.1724137931034483,7.518518512461934,0.25417149554324414,0.4565217388178166,0.35897435931952654
assettocorsa16bs,0,1265,53.0,0.6821480406386066,0.46153846153846156,1.1353012837226097,1.3294065974122533,0.11320754716981132,0.09433962264150944,5.8638297786379185,0.3559236986796037,0.8511904749917167,0.4253578738064285
MoralesLeonel,1,1943,57.0,0.3001949317738791,0.2222222222222222,1.649401773036112,1.576099664961323,0.2631578947368421,0.47368421052631576,7.402597377938101,0.5541720745706248,0.805620606343763,0.08159300794359357
minegishi,0,1796,17.0,1.4117647058823528,1.3333333333333333,0.757676760406971,0.5745323888551679,0.29411764705882354,0.0,3.3055555532141208,0.15144238671388335,0.5241935480573621,1.3968253964852606
bienjugado,0,1797,25.0,0.6133333333333334,0.4444444444444444,0.9352038132521201,1.2320299818458862,0.32,0.12,3.985507239878702,0.23642211121423543,0.8406593393498522,1.8461538441672238
apschauhan,0,1115,28.0,1.1666666666666665,0.6666666666666666,0.8312412994677647,1.1371243176890502,0.42857142857142855,0.14285714285714285,3.4285714256326534,0.28476801177454014,0.49999999962499997,0.6896551726385255
starseedcozmo,0,1780,22.0,0.9204545454545454,0.5,0.8642857088480421,0.9848120507317819,0.36363636363636365,0.045454545454545456,3.530864193694864,-0.16091866821496853,0.3726027393789454,0.8000000001955555
NAKAMURUS-HIKARULSEN,1,1960,32.0,0.6000000000000001,0.33333333333333337,1.4792807703894595,1.6019431046775627,0.34375,0.1875,7.333333321111111,0.4934542409218246,0.7095709560418915,0.2413793111296076
cperk88,0,1195,33.0,1.1313131313131313,0.6666666666666666,1.0509956397540063,0.961214351944673,0.5757575757575758,0.09090909090909091,5.30357142388345,0.43899115007374,1.775147926945836,0.5647058826514284
josefrai,0,1203,24.0,1.3796296296296295,0.8888888888888888,0.8369372390150829,0.7866960092956681,0.2916666666666667,0.0,3.5436241585052928,0.05804832702339674,0.8409836059679994,1.0985915492207896
visvesh_96,1,1094,17.0,1.7254901960784312,0.6666666666666666,1.9434143921856988,1.347272854974035,0.47058823529411764,0.17647058823529413,8.499999995073864,0.1074213101706322,0.4166666664583333,0.1403508774644506
Richardodavila,0,1503,22.0,1.6666666666666665,1.3333333333333333,0.9085452902657083,1.09474973742484,0.2727272727272727,0.09090909090909091,3.9999999976000002,0.08888693336126725,0.4761904759523809,1.037037037014403
Noiinoii,1,1681,30.0,1.056,0.76,0.8947522404512843,0.992205501834227,0.26666666666666666,0.0,3.6363636329201094,0.41830865687379076,0.38832852995161277,0.45588235331625754
Rigimaster,0,1668,26.0,0.5615384615384615,0.4,0.7017271005037075,1.0291689756001137,0.2692307692307692,0.038461538461538464,3.2054794463464065,0.19385868319828775,0.5833333323611111,2.0416666638454863
onoratto,0,1823,22.0,0.7482517482517482,0.46153846153846156,0.8300938566770395,0.7160169837906186,0.13636363636363635,0.0,2.8785046690502227,0.21175651561454772,1.417695471032598,0.7540983609439664
helgihrafn,0,1038,30.0,0.8857142857142857,0.7142857142857142,1.0899181298024232,0.9400273691888483,0.43333333333333335,0.0,5.161290316753382,0.2608268983856927,0.4368794322141902,0.6127167633583646
MJZIRO,1,1312,16.0,1.28125,0.625,1.2357456127812132,1.6752090441916514,0.25,0.1875,4.682926825613325,0.38218316671549474,0.1428571427755102,0.4909090912052892
Nora_Helmer,0,1500,54.0,0.660968660968661,0.46153846153846156,1.0950651368398223,0.8173477596710516,0.14814814814814814,0.0,5.818965508437686,0.3854878757952372,0.6786069642085494,0.7058823533207179
lucho1212,0,1785,24.0,0.5897435897435898,0.5384615384615385,0.7091089740280366,0.9642261355685845,0.375,0.041666666666666664,2.86956521252552,0.02559880715706285,0.5907335898514818,1.3589743582564098
rivertime,0,906,49.0,0.2585034013605442,0.2,1.0111565977729438,1.4373735925781008,0.1836734693877551,0.14285714285714285,4.642105245200276,0.048714740688701935,0.5234159761532683,0.598974360208284
xantoniox,0,1459,26.0,1.3589743589743588,0.6666666666666666,0.8104427010985245,0.8182013326383176,0.5384615384615384,0.038461538461538464,3.433962261624066,0.17405336080782485,1.144781143896541,0.8275862070124849
decon2015,0,1808,20.0,1.1153846153846154,0.6153846153846154,1.0964215918159423,0.8406831849951478,0.4,0.0,4.827586202568371,0.40257307057207614,0.42748091569116026,0.6860465118651973
caciqueTulian,0,1293,19.0,1.8245614035087718,1.3333333333333333,0.7668231548634482,0.6463047221488101,0.3684210526315789,0.0,2.923076921474852,-0.19477051003455895,0.6818181814695248,0.7137931035815102
Castolo91,0,1419,31.0,1.1213517665130566,0.9523809523809523,0.8440135012235129,0.8005423059200366,0.3225806451612903,0.0,3.5671232844901413,0.45452724992129506,1.1266666656414,0.9849016854066179
newyok,0,1987,17.0,1.3568627450980393,1.2,0.8230044724828232,0.9967255877734036,0.4117647058823529,0.0,3.3410404599654178,-0.08674826686140566,0.7218045107897564,1.2469135800411522
seradriel,0,1730,18.0,1.728395061728395,1.1111111111111112,1.1196756083513992,0.9760034992047592,0.2222222222222222,0.0,4.499999997396428,0.1127594716004306,0.3251231525706218,0.891891891951059
RexoVzla,0,1333,41.0,0.8292682926829268,0.6666666666666666,0.7896874722086031,1.1352522068875317,0.5121951219512195,0.1951219512195122,3.2156862706320646,0.36151173776036466,0.8816326520410496,0.43537415014382885
peter-transits,1,1444,28.0,0.6696428571428571,0.75,0.4355328785778996,0.4417957709837115,0.35714285714285715,0.0,2.2399999966549338,-0.014199060455819802,0.6984126974371379,1.0270270269861212
Loki4200,0,812,29.0,0.8806366047745358,0.7692307692307693,0.7438722420677418,0.7642531466739213,0.2413793103448276,0.0,3.4939758996469013,0.24644228491573367,1.2844574763899348,0.45000000044687494
ArinaGuseva,0,1484,26.0,0.6227106227106227,0.5714285714285714,0.6829611882538327,1.4464513160157935,0.23076923076923078,0.11538461538461539,2.2941176433747406,0.23172888044202417,0.3703703698620188,1.2077922074238487
phaqwta,0,1504,36.0,0.9999999999999998,1.0,0.618640484140251,1.0473949788995045,0.0,0.1388888888888889,2.666666664,0.05829938411945911,0.7204968937285983,0.8000000001799998
emanmodnar,1,965,16.0,1.4134615384615385,1.1538461538461537,0.7293519572588163,0.9166001302316882,0.25,0.0,2.7210884334490255,0.2007083391964138,1.9550561780618605,0.7294117648714187
scroca,1,1606,24.0,1.2222222222222223,1.0,1.0041237280136497,1.4147925292173889,0.0,0.25,3.818181815057851,0.3177629107600379,0.29999999979749997,1.4444444439999997
smchessmeister,0,1284,22.0,1.3636363636363635,1.3333333333333333,0.983066504194403,1.2911646168527662,0.36363636363636365,0.18181818181818182,4.399999996773333,0.32636680950377506,0.5357142853794643,1.8124999991621094
Y0ussef0,0,1050,53.0,0.6289308176100628,0.4,0.9740143720618921,1.0992867183940613,0.16981132075471697,0.05660377358490566,5.299999991573002,0.03062021835895943,0.7674927102248972,0.6747291513511089
EdiPdS-1978,0,1067,19.0,1.0,1.0,0.5848976512807041,0.5751357157874951,0.5789473684210527,0.0,2.7499999972499998,0.2974005268812485,0.9402515714045331,0.8100000001709999
nurnest,0,1843,23.0,0.7594202898550726,0.5333333333333333,0.6036329220591616,0.5198610069301736,0.5217391304347826,0.0,3.072519079923591,0.2004195401927392,0.7666666657083335,0.7628205130941814
Aedge,0,1472,28.0,0.8928571428571429,0.75,0.5959865763625487,0.607819621770349,0.25,0.0,2.2399999974912,0.022633169921189397,1.1358024677896663,0.7857142859285713
davidsmash,0,1564,36.0,0.8290598290598291,0.3076923076923077,1.4275651966416203,1.2457315200142192,0.2222222222222222,0.05555555555555555,7.237113393332554,0.27099575712687474,1.4323911363174955,0.7017543862710063
Stefannsn,0,1732,38.0,0.982456140350877,0.6666666666666666,1.6233311665424683,1.3694811796195,0.34210526315789475,0.2894736842105263,10.1785714182111,0.28333146109495183,0.6086956516181474,0.36585365897739425
uofmghost,0,1721,27.0,0.9876543209876543,0.6666666666666666,0.7882575713190241,0.8136313231447124,0.25925925925925924,0.0,2.969999996992875,0.13762657846749926,0.5213414629616394,0.7910052911939669
hugoadolfo,0,1879,56.0,0.6150793650793652,0.2222222222222222,1.0599314746710584,1.0301054221051618,0.48214285714285715,0.05357142857142857,4.69677418591234,0.4111796928300227,0.8429752052948571,0.2704918040321151
Azarudeen-sahul,0,1636,39.0,0.4974358974358974,0.3333333333333333,0.806894510928387,0.7874012071045252,0.3333333333333333,0.0,3.61855669375651,0.15750891094535344,0.7926267265764828,1.0106382978508375
Asike,0,1509,15.0,0.7288888888888889,0.4,0.7699362973663482,0.664854949987795,0.26666666666666666,0.0,3.109756093294542,0.05721879242911825,0.6964285705891264,1.235294117283737
Serdarwien,0,1668,48.0,0.7268518518518517,0.4444444444444444,1.0419221885469645,1.0839170456912202,0.3541666666666667,0.0625,4.891719738492921,0.5139639813945677,1.0817307677095855,0.5096153851246302
JohnZakaria101,0,1595,20.0,0.6133333333333335,0.4,0.8576631092354997,1.504147292309603,0.35,0.1,3.0434782559073716,0.6536278643485184,0.6999050322513211,1.1395348834775556
marcosabelha,0,1675,16.0,1.35,0.8666666666666667,0.9549364753058588,0.9370462304484332,0.3125,0.0,3.7530864169730216,0.4654844998322282,0.8805031440310906,1.9999999988888888
RubenGtz,0,1746,28.0,0.9285714285714286,0.0,1.4655814509799625,1.2544820618145616,1.0,0.6428571428571429,4.307692303053255,-0.3196162367032542,4.0499999908875,2.2499999978125005
Villata,0,1404,22.0,1.3030303030303032,0.6666666666666666,1.16951543730527,1.2853209156662928,0.4090909090909091,0.18181818181818182,4.604651159256894,0.42350220440765973,1.1687499990686523,0.7916666668098957
surje,0,957,34.0,0.5819004524886878,0.36923076923076925,1.1114094399559626,1.7895306983408377,0.14705882352941177,0.08823529411764706,3.8600310975655763,0.3695531771392592,0.4950716838381083,0.13604240367020592
axaxaxaxxaxaxaxaxaxa,0,1109,19.0,1.7309941520467835,1.3333333333333333,0.7197135413331375,0.7110846473655122,0.21052631578947367,0.0,3.209459457605346,0.05801839774527267,0.5859374996910095,1.0304347825908315
putu_arsana,0,1819,40.0,0.5233333333333333,0.3333333333333333,1.2731048540092207,0.8751132998433153,0.275,0.0,6.624203808998337,0.1315402089458797,0.701612901995155,0.585858586486073
naim204,0,1644,27.0,0.7012345679012346,0.4666666666666667,0.8848192896355753,1.131286376019361,0.2222222222222222,0.037037037037037035,3.612676051186148,0.17679522062926678,0.7139999990896502,0.8295238097454283
trishakim_123,0,1770,27.0,1.4024691358024692,0.5333333333333333,1.2126384307710116,1.2092313941110129,0.07407407407407407,0.0,4.3732394335014755,0.2597818832613785,0.9977375558500289,1.1643990928433077
notjayabad,0,1190,32.0,0.4291666666666667,0.2,1.1519899193504075,1.2901165390622316,0.125,0.0625,4.660194163898576,0.3062979455749777,0.2879634327080786,0.5846153853822484
jstod66,0,1940,26.0,0.6581196581196581,0.4444444444444444,1.049058077717893,1.1300882440047428,0.15384615384615385,0.07692307692307693,4.389610382940463,0.1264871811984647,0.4196721306521903,1.2647058818974912
taryhman,1,1848,46.0,0.7971014492753621,0.6666666666666666,1.0977060966682293,1.2510491343181247,0.45652173913043476,0.2608695652173913,6.690909082515043,0.28679669741513236,0.6666666658666667,0.6176470592115052
ChimdiOka4,0,979,25.0,1.376,1.2,0.7564199513031369,0.9149123779920848,0.12,0.0,2.5193798431302956,0.27141308026472205,0.4816639296550645,0.894891368246023
JoacoGSQ,0,1188,28.0,1.0833333333333333,0.5333333333333333,1.4722108880144025,1.3303441778778855,0.14285714285714285,0.0,6.399999994092308,0.37507760925436606,1.0023056644231003,0.26740947118062397
L22N,0,798,18.0,0.6666666666666667,0.4666666666666667,1.1313708482014198,0.7815455303375535,0.2222222222222222,0.0,5.1999999921999995,0.12923895858042764,0.46575342408331766,1.4324324316435355
thatotj,0,1751,29.0,1.2873563218390802,0.6666666666666666,1.0170736324883907,1.1591827292462176,0.41379310344827586,0.13793103448275862,5.178571424548789,0.2844331347416143,1.139999999071714,0.7526881722105445
goofygooberlol,0,1720,18.0,0.9506172839506173,0.5555555555555556,0.8457527344435556,1.1205999147632744,0.3888888888888889,0.05555555555555555,2.5714285687235625,0.28969387324004486,0.5513784456364598,0.711111111371111
Adidodu,0,1950,18.0,1.4074074074074074,1.3333333333333333,1.0696000746558931,1.3261423649880415,0.5,0.3333333333333333,3.7894736815180052,0.3681476811738581,1.4545454533553719,1.7142857135969387
rasolh56,0,1738,33.0,1.1002331002331003,0.9230769230769231,0.576146546316461,0.6205169902323938,0.24242424242424243,0.0,2.3771186419072374,0.1479847144398075,0.8558139527445104,0.9736308316666432
sukialpha,0,1817,16.0,1.75,1.3333333333333333,0.8067178255436571,1.0071158154564965,0.125,0.0625,3.0476190458775507,-0.077651727066871,1.0645161284141518,1.6249999995312499
Lev_170917,1,1423,58.0,0.6091954022988506,0.0,1.4410203631537986,1.4934515466111773,1.0,0.5517241379310345,6.566037725070844,0.3198011748270207,1.5131578919892656,0.127659575275464
mcleod1996,0,1001,15.0,0.551111111111111,0.4,1.0259383138667575,1.39772607106579,0.2,0.13333333333333333,3.6290322514795794,0.3457169346994689,0.2884615380870932,0.7689393943069903
OpenAirUA,0,1616,16.0,1.0192307692307692,0.8461538461538463,0.8652543001169656,0.7497131942600052,0.25,0.0,3.9245282980363116,-0.12390721821792527,0.3537414962936276,1.7894736831301938
ssullltan,0,1303,20.0,1.7666666666666668,1.3333333333333333,1.2126953928397128,1.4473156888125438,0.25,0.2,4.528301884229262,0.1216548007907259,0.3265306120849646,3.818181814338843
Pealr,0,1767,20.0,1.6333333333333333,1.0,1.0364052177813536,1.5448587868039783,0.0,0.25,3.265306120449812,0.5044766111617481,1.7419354826066593,0.16666666696428573
MelonWater,0,1133,20.0,1.3571428571428572,1.0,0.8507957994230153,1.416807252384424,0.45,0.05,2.877192980336103,0.38762349368498833,0.763083450686615,0.7701863355536053
Mariomagd1,0,1539,25.0,0.4693333333333334,0.3333333333333333,0.9032840088561797,0.7173850938728233,0.32,0.0,4.687499990012428,-0.05678515820100437,0.59523809417517,1.3651137585543158
matter3462,1,1222,19.0,1.087719298245614,0.6666666666666666,1.2130061715921177,1.5662517861277656,0.21052631578947367,0.3684210526315789,4.903225801943807,0.1639750776821446,0.49999999962500014,0.8437500001318358
torchello,0,1488,28.0,0.9523809523809524,0.6666666666666666,0.6595452972211233,0.933855256505956,0.5,0.10714285714285714,2.7999999970599996,0.2578114943455619,0.9692307682242604,0.8181818183553716
alaingilbert,0,1835,20.0,0.5446153846153845,0.3384615384615385,1.0013078345709692,1.0681441958991449,0.2,0.0,4.011299427662869,0.24078583797162287,0.48196721234439666,1.2124999995683592
DEMACIAAAAA,0,1744,41.0,0.8346883468834688,0.4444444444444444,1.5720724217593094,1.291871369085808,0.14634146341463414,0.0975609756097561,9.584415572932958,0.3207159407308851,0.28019323645001054,0.8583186362538374
josephnaeim,0,1792,49.0,0.761904761904762,0.4,1.0862780476942817,1.591992321113267,0.04081632653061224,0.14285714285714285,4.1999999944875,0.5983687937207393,0.3425925922153329,0.27302752353603227
NicklasViteri,1,1211,34.0,0.784313725490196,0.6666666666666666,0.6670832023557858,0.8980791893074549,0.6764705882352942,0.11764705882352941,3.3999999956650004,0.07318386387995811,1.1198156667397798,1.0
ell-7676,0,1729,22.0,0.8696969696969699,0.6333333333333333,0.7903879930091905,0.8774573976725998,0.2727272727272727,0.0,3.296167243596741,-0.10995288219143666,0.9016973115840359,1.3333333328861787
brisachess1,1,1988,21.0,1.3333333333333333,1.3333333333333333,0.5773502687566131,0.7895704420250715,0.3333333333333333,0.047619047619047616,2.4999999981250003,0.13212466062187997,0.9999999992500002,1.636363635727273
matter3462,1,1262,16.0,0.9166666666666666,0.4444444444444444,0.9106047990864141,1.102239280940921,0.4375,0.0625,3.1515151480771353,-0.45836412097594875,0.4114285710953143,0.37500000046874993
andresserdna,0,1899,42.0,0.7936507936507935,0.6666666666666666,0.6412487808672825,1.0422088948488297,0.5238095238095238,0.16666666666666666,2.519999996824801,0.22071359962743,1.225806449952133,0.6666666670166664
GoodChessPlayer3,1,1935,20.0,0.7923076923076923,0.6923076923076923,0.7651446384084184,1.3270183225777699,0.3,0.1,2.7184465985106985,0.5116660095087306,0.3670411981265834,1.5121951211392026
superdad7,0,1580,31.0,0.8215053763440859,0.5333333333333333,1.0274060381852061,0.9265414689895713,0.3225806451612903,0.0,4.219895282821333,0.33255553527038734,0.7102102094184218,0.8009708740037941
Elminchess,0,1967,31.0,1.1827956989247308,0.6666666666666666,0.7933608803936654,1.102670270086277,0.45161290322580644,0.12903225806451613,3.381818178959009,0.3903113713056844,1.0216216207518622,1.0456730768835523
arthurBR7,0,1964,26.0,0.46153846153846156,0.3,0.9019868310502465,1.1755500296004877,0.11538461538461539,0.038461538461538464,3.4666666591555555,0.2942471470805068,0.3252032514376364,2.2727272682148754
JOEL2027,1,1423,17.0,1.1529411764705881,1.2,0.596238226317152,0.7347441247675224,0.35294117647058826,0.0,2.1972789096588228,0.23501483554753502,1.0588235284775087,1.2531876135943145
BlackExcellence313,0,1943,30.0,1.0888888888888888,0.6666666666666666,0.5804678628680556,0.6576581904527461,0.5,0.03333333333333333,3.0612244869845897,0.3647451874813158,0.9499999991449997,0.7500000002008926
x_ycr,0,1196,30.0,0.4866666666666667,0.375,0.8438567405740951,0.9220104412165926,0.23333333333333334,0.0,3.595890403570088,0.060658480549116926,0.4476190468517007,1.041958041870018
Sebasti4N_P4REDES,0,1367,18.0,1.3703703703703702,1.0,1.031639711895415,0.8801890602895814,0.0,0.05555555555555555,4.864864861314829,0.13213906223381044,0.5032258061350676,0.761904762057823
joska,1,1672,70.0,0.3676190476190475,0.3333333333333333,0.6265146466320752,0.6324322802929638,0.37142857142857144,0.0,3.26424869578378,0.21486762741849763,0.8275193776438561,0.6855895203714651
MVigotsky1972,1,1456,20.0,0.6444444444444445,0.3333333333333333,1.2137735089302164,1.3632589443710286,0.0,0.15,5.172413785077289,0.4040320160830201,1.4999999972068965,2.222222219166666
romanrp18,0,1296,34.0,0.9215686274509804,0.6666666666666666,0.8597956310319984,1.0577739028932427,0.5882352941176471,0.14705882352941177,3.617021272670892,0.2739166554548586,0.43659043621874466,0.5161290326560873
Swangma123,0,1917,17.0,1.4570135746606336,1.0769230769230769,0.8227879762445282,0.8447666273037765,0.17647058823529413,0.0,2.9565217371012684,0.2488747563541602,0.7412398917287545,0.6837606839413919
dsong03,0,1910,20.0,1.8666666666666667,1.0,1.2857142850255103,1.5873795716803734,0.0,0.25,4.642857140369897,0.3065332057043565,3.347826083899811,0.14285714311953351
ranjit6912,0,871,16.0,0.9,0.6666666666666666,0.7041908637298452,0.7150363717594374,0.25,0.0,2.592592589711934,-0.16026412694094933,0.7563025202576619,1.4269662915591468
konrud,0,1362,26.0,0.8717948717948718,0.6666666666666666,0.90603512740732,0.7150425337009284,0.34615384615384615,0.0,3.823529407378893,0.18093391204749623,0.5085271313098972,0.8681318682731555
JAXFL,0,1777,25.0,1.4666666666666666,1.3333333333333333,0.7925270801033996,0.9946159002620594,0.36,0.08,3.1818181796487606,0.3579351003188465,0.39999999975999995,0.7692307693692308
L0ndonCalling,0,1541,29.0,0.43218390804597706,0.26666666666666666,0.9153882857244559,0.9614094104480242,0.20689655172413793,0.034482758620689655,4.010638288592405,-0.04497891671384831,0.5044091700483374,0.8571428574489794
Nadchirfk,0,1371,52.0,0.7264957264957265,0.4444444444444444,1.0648846114169117,1.1639405918763774,0.17307692307692307,0.07692307692307693,4.5882352878020765,0.35756478785712953,0.8059701481981512,0.5454545459380165
Oxicidz,1,1595,20.0,0.7692307692307693,0.5384615384615385,0.7127411863216551,1.3093431659243946,0.3,0.1,2.39999999688,0.31326774176709726,0.9567099554850782,0.4925373139251503
luispahissa,1,1711,32.0,1.1180555555555556,0.7777777777777777,0.9844083674578427,1.1250401985832248,0.25,0.0625,4.372670803542456,0.3265068765941458,0.5898004430058408,0.9876543209986283
psarnayak,0,1521,24.0,1.3055555555555556,1.2222222222222223,0.7210014323479512,0.8237570876876857,0.125,0.0,2.893617019060208,0.20892876892642784,0.29268292665794166,0.8076923078254437
ahmedbahgat11,1,1725,74.0,0.5225225225225226,0.13333333333333333,1.9835590550255537,1.8922558953566733,0.12162162162162163,0.21621621621621623,9.696551705580735,0.34028332007931544,2.6757946147463008,0.05454545549950413
s112014,1,1936,31.0,0.7230107526881719,0.4666666666666667,1.0831842795883375,0.9024795463856853,0.3225806451612903,0.0,5.513979766317667,0.02065925043150198,0.4193933192069164,0.4848262640609842
putra-surya,1,1512,21.0,1.2747252747252749,0.6153846153846154,0.9086277774008372,0.8673332249908904,0.42857142857142855,0.0,3.8620689624875144,0.05783520012028699,0.6496815281782629,0.4201680675436057
el_chesstoso,0,1611,38.0,0.522267206477733,0.46153846153846156,0.6674324055373054,0.8431252856874577,0.18421052631578946,0.02631578947368421,2.9457364284682406,0.054108380191530275,0.5827067658873335,1.18644067757584
larsarne,0,1674,79.0,0.5949367088607594,0.25,1.2096123591315384,1.385668681925858,0.34177215189873417,0.189873417721519,5.882978713515845,0.6188687875042743,0.31551499301049657,0.24700000078311998
ramses005,1,1758,41.0,0.7533875338753386,0.6666666666666666,0.7868412111544975,0.8250438966933098,0.2682926829268293,0.024390243902439025,3.834532369010999,0.3725988095925692,0.8103579578618688,1.4115646251888967
Leleouchvi,0,1527,34.0,0.7104072398190046,0.38461538461538464,1.0075982163877997,0.8510952294628983,0.47058823529411764,0.0,3.898089166487403,0.059499553731649626,0.29342722971116014,0.46728972017630366
murderbot9000,0,1603,38.0,0.9276315789473685,0.75,0.8130085156504675,1.2941481232697454,0.10526315789473684,0.10526315789473684,2.9645390038963835,0.17954344889773838,0.44642857100340133,0.8311688313354696
ss990,1,1889,17.0,1.0196078431372548,0.6666666666666666,0.5073425363590648,0.7539159821380851,0.47058823529411764,0.058823529411764705,1.961538459614645,0.260144650249593,0.7619047612517007,1.2121212118898073
itxSMG,0,1709,59.0,0.3163841807909604,0.13333333333333333,1.7173781576745695,1.4179784968776548,0.1694915254237288,0.11864406779661017,12.01071424775185,-0.195567555099762,0.31667165434284805,2.0407407357104943
jrperu,0,1743,23.0,0.8173913043478261,0.4,0.809629683709089,0.7681936744923458,0.17391304347826086,0.0,2.77304964199751,-0.21819586915888234,0.8131868122485206,1.391369047042477
hasantaufiq,0,1792,35.0,0.9968253968253967,0.8888888888888888,0.9143178424759807,0.7443396716591516,0.2857142857142857,0.0,4.904458593806038,0.46331179421703933,0.42910447725168477,1.006578947361799
Ewoks1980,0,1996,27.0,1.308641975308642,1.3333333333333333,0.7268437837562126,1.1771113755276812,0.4074074074074074,0.14814814814814814,2.5471698093743322,-0.05812631057073662,0.9166666659791666,1.9663865535133467
dekatix,0,1936,43.0,0.7906976744186046,0.6666666666666666,0.8183779109143734,1.0345596314708012,0.627906976744186,0.16279069767441862,4.215686269178201,0.3423545234317567,0.8731808721188963,0.7241379313341259
bAnTener,0,1708,16.0,0.4916666666666667,0.26666666666666666,1.1934551833299876,1.0674186661565754,0.1875,0.0,4.881355922275207,0.38974628557907987,2.1057692253023297,0.30147058915981834
Bearswinsuperbowl,0,1895,16.0,0.3541666666666667,0.2,1.1268967062692337,0.7308311631247517,0.125,0.0,4.894117633240138,0.043119658079491065,0.5777777762755555,1.83333333
vin260606,0,1580,32.0,1.0208333333333333,0.6666666666666666,0.8322427952706062,1.2752632227999467,0.34375,0.21875,3.2653061192503126,0.45360856526204607,0.7352941169982699,0.36111111153703696
fipelle,0,1161,26.0,0.7032967032967034,0.5714285714285714,1.0189715150268994,1.335910366870439,0.11538461538461539,0.07692307692307693,5.145833326016602,0.3373963962646104,0.5220883527531814,1.021052631548698
unimportantgaymer,0,1548,15.0,1.6000000000000003,1.3333333333333333,0.6419011111705529,0.9491779601375969,0.26666666666666666,0.06666666666666667,2.499999998437499,0.24683520046117308,0.6666666662962962,1.0937499999384765
dvs117,0,1637,16.0,1.40625,1.125,0.6467392089114409,0.6230239687937716,0.3125,0.0,2.66666666477037,0.29241943462700254,0.6486486482279035,0.7647058825005767
NourEamr,0,1310,26.0,0.8864468864468864,0.8095238095238095,0.6340518266836236,1.0929567436269938,0.38461538461538464,0.038461538461538464,2.363636360969948,0.49804358579172325,0.6309523803214285,1.1228070173968145
barneyrobble,0,1037,36.0,0.9629629629629629,0.6666666666666666,0.641281999354556,1.037055773868641,0.4166666666666667,0.1388888888888889,2.7692307663550295,0.14164199310322664,0.8373205733363762,0.7333333335733331
dhananjayrokhade,0,935,15.0,1.9111111111111112,1.3333333333333333,0.8142856460860873,0.5696293699500355,0.3333333333333333,0.0,3.8372093003177388,0.0228721044494149,0.7741935480124871,0.5185185187057613
Najafi33,0,1909,23.0,1.5362318840579707,0.6666666666666666,1.1688979993699466,1.0633910000899574,0.43478260869565216,0.08695652173913043,5.641509430289961,0.44754555929424195,0.6689895466467238,0.5122549021974842
damrov,0,1529,32.0,0.6796875,0.5,0.8236656805052565,1.1542186022747565,0.0625,0.09375,2.9425287313029465,0.24810327678558278,1.0781249983828125,0.8913043479773157
Yelmot,0,1716,40.0,0.775,0.6666666666666666,0.6620548068387313,0.5972864290871279,0.225,0.0,2.5806451579604577,0.448760242906984,0.7704678353145008,0.6034482762722948
Gennadiy0209,0,1861,16.0,1.2083333333333335,0.8,1.0457091981446034,1.3365608462764682,0.3125,0.0625,3.5310344798363844,0.1508904623897792,0.3305785121917902,2.222222220592593
Jvagle875,0,1431,25.0,0.3093333333333333,0.2,0.8061151510189181,1.250407654558366,0.16,0.08,2.3706896475085464,0.0017125591107198532,0.35294117553633214,0.5641025651923077
Rex_0917,0,1742,49.0,0.6938775510204082,0.6666666666666666,1.2869677692371693,1.4636739543205333,0.2653061224489796,0.4489795918367347,6.725490186385814,0.54878828054692,1.3846153824162895,0.1043478267879017
MANU_PATEL,1,1898,36.0,0.9999999999999998,0.6666666666666666,0.9229582060679392,1.272047664300884,0.3611111111111111,0.2222222222222222,4.666666662000001,0.3965883318699047,0.8695652165406426,0.5428571432097958
majortato,0,1402,25.0,1.3333333333333335,0.6666666666666666,0.7211102545519652,0.9754278579323299,0.44,0.08,2.499999998125,0.344959982185403,0.9034749028156107,1.2747252744897963
teufel8,0,1702,70.0,0.6197802197802196,0.38461538461538464,0.8401786139569283,0.7947213232511329,0.5,0.014285714285714285,4.219858149219734,0.5177014678967151,0.8769230755405237,0.4536082480634234
carlodm2211,1,1500,30.0,1.2,1.3333333333333333,0.5809032269736222,0.9714460827711503,0.43333333333333335,0.1,2.777777775462963,0.09485978079539571,0.5303030299233816,1.076923076856509
not_busy_nick,0,1686,19.0,1.8060941828254848,0.42105263157894735,1.2821058454100511,1.68911630844708,0.2631578947368421,0.05263157894736842,3.730061347627987,0.4929816776690214,0.6474103582471906,0.46465116300359227
DmitPo,0,1516,38.0,0.644110275689223,0.47619047619047616,0.7496813545343242,0.7707266794704893,0.34210526315789475,0.0,3.548638126786356,0.2568656265319111,1.0897297279979432,0.7724137934165753
sidkkkk,0,1640,21.0,1.4603174603174602,0.4,2.1726974847558713,1.315851958312443,0.19047619047619047,0.0,10.317391297282656,-0.23013466723955334,0.32535211252483637,1.4141414137962967
Oscar1584,0,1783,22.0,1.3515151515151513,0.9333333333333333,0.8098734158260913,0.7646510800695352,0.3181818181818182,0.0,3.0582959618626964,0.4072585296550764,0.43170731683625824,2.0135135123835832
hi132,0,1704,23.0,0.40869565217391307,0.26666666666666666,0.8500585058050412,0.7706568074815245,0.391304347826087,0.0,3.4255319065119956,0.31811032245128207,0.3123359573781181,1.2374999993468747
hastakral45,0,1534,29.0,0.9731800766283525,0.6666666666666666,1.0306842981422957,1.2114575382640411,0.10344827586206896,0.06896551724137931,5.023622042082026,0.08699277379886171,0.7516483509421326,1.5886524814804586
duisengali-194,1,1339,17.0,1.2380952380952381,1.2380952380952381,0.5019974022500576,0.6277469302343244,0.35294117647058826,0.0,1.9230769215236685,-0.0641530757945235,0.7443609017267511,0.9820105820249735
Dionisius,0,1849,46.0,0.7536231884057969,0.4444444444444444,0.6859872925088117,0.6411929618746658,0.34782608695652173,0.0,2.948717944805228,0.12749915074381585,0.6659619442186195,0.7931034485219978
susanf4,0,1665,15.0,1.928888888888889,0.6666666666666666,1.1366338655655612,0.9878693597395237,0.4,0.0,4.423963131347023,-0.3659597064896318,0.5526315787292244,0.5211397060672072
qwerty98765123,0,859,22.0,0.7532467532467532,0.6666666666666666,0.6434728728137071,0.7151079322944658,0.36363636363636365,0.0,2.9080459731508133,0.23424053512234563,0.8088235284126299,0.8125000002255859
naverex1946,0,1943,24.0,0.85,0.6666666666666666,0.7070614689720626,0.7425877862609304,0.20833333333333334,0.0,2.666666663529412,0.10508561080163129,1.2142857127678577,1.4677419348048906
t14go,0,1443,36.0,0.8760683760683762,0.5384615384615385,1.3372884017907238,0.8285117017782845,0.25,0.0,7.726829259472789,0.27269721010018083,0.6487179480713933,0.3486842110276576
EMRE1994,0,1474,37.0,0.6558558558558557,0.4,1.041321138223544,1.153525343506517,0.16216216216216217,0.05405405405405406,4.472527465708097,0.1911534593647755,0.3734848479925276,0.5784816027392617
bishop1988,1,1930,30.0,1.1511111111111108,0.8,0.8603110247535088,1.0962627361651893,0.16666666666666666,0.03333333333333333,3.4749034718847374,0.29445351330295183,0.582467532010825,1.0234374999794005
RZRGUY,0,1699,29.0,0.8597701149425288,0.8,0.8414009841841696,1.1142251979892697,0.3103448275862069,0.0,3.024064167605701,0.02939710643891953,0.9743589732347142,1.2900212310345789
blaz99,0,1817,30.0,1.2533333333333334,0.6666666666666666,1.1074735478223707,1.0713985743072973,0.13333333333333333,0.0,4.148936166902444,0.22486361851623604,0.14705882343209342,1.0287769783939755
dantoroalc,0,1170,23.0,0.6115942028985507,0.5333333333333333,0.6716828709111176,0.7597453789115303,0.34782608695652173,0.0,2.7251184789565603,-0.039375914349382576,0.93693693541758,0.9983498349861941
ags1897,0,1110,20.0,0.5866666666666667,0.4,0.7308152347003616,1.2720422569683927,0.2,0.1,2.4999999957386363,0.5442719686193167,0.4701492530997995,0.8333333335937502
l3dwan702,0,1423,32.0,0.7847222222222222,0.4444444444444444,1.2996201166985395,1.243847637411328,0.15625,0.09375,6.796460168330174,0.15801290733287351,0.4525462958083949,0.6617647062404844
David_mj,1,1845,41.0,0.9105691056910568,0.6666666666666666,1.8979043201423267,1.4389609116547937,0.3902439024390244,0.36585365853658536,11.71428570142092,0.1229637119278717,0.5253623183437697,0.34843205622588597
aley__1,0,1644,38.0,0.9013157894736842,0.5,1.6926281744565415,1.0951903668507534,0.23684210526315788,0.05263157894736842,9.708029186309341,0.36157161934931087,1.0514018679797361,0.20175438649707603
Dracovolans99,0,1338,24.0,1.4444444444444446,1.0,0.8904489919058602,1.0215243175273232,0.0,0.08333333333333333,3.692307689751478,0.19924260542619596,0.4186046509291509,0.8571428572346939
Nathan513,1,1021,24.0,0.9611111111111111,0.5666666666666667,1.0616185652460375,0.8035452183202278,0.16666666666666666,0.0,4.855491324427812,0.22195436106798183,0.29595015550048037,1.8360655725369528
alejandroVIOLIN,0,1207,36.0,0.6574074074074073,0.4444444444444444,0.7604329558400789,0.6858493040676725,0.3611111111111111,0.0,3.8873239377488598,-0.4076316036740378,1.493902436564917,2.8727272672112396
wwkhrystianww,1,1446,37.0,0.9189189189189187,0.6666666666666666,0.7609257996398655,1.0164647565564189,0.5405405405405406,0.13513513513513514,3.6274509764446377,0.31774747687045307,0.5064935060231911,0.9109311741815632
owagee,0,1620,20.0,0.4222222222222222,0.3333333333333333,0.9100850749914079,1.3195916398104064,0.0,0.2,3.1578947293628805,0.12225105815746255,0.6060606047382919,1.5333333317333329
anna160984,1,1962,23.0,0.5014492753623188,0.26666666666666666,1.0785575737742619,0.9745372001470247,0.34782608695652173,0.0,4.387283228245015,0.38269902249747284,1.0212053550913285,2.020061725278206
chesssport2006,1,1793,50.0,0.7846153846153845,0.3076923076923077,1.6977493730905326,1.2775094282126882,0.12,0.06,10.19607841837755,0.30619423453164607,1.373434702909641,0.16972477126109967
Born2000,1,1569,16.0,1.5,1.3333333333333333,0.8534606380830938,1.3467888118269469,0.25,0.1875,3.111111109037037,0.22502935104181232,0.3939393937066115,0.80000000012
AndrewsJackedSon,0,1385,43.0,0.8010335917312661,0.6666666666666666,0.9135356284406054,1.037786662219909,0.13953488372093023,0.046511627906976744,3.6064516084009783,0.5760471650070409,0.944444443279122,0.3209247654434943
davidsar73,0,1638,22.0,0.8989898989898989,0.4444444444444444,0.9759770714190352,1.005758865679305,0.4090909090909091,0.045454545454545456,4.449438197297817,0.3924964420673955,0.3835616435045975,1.8709677405447451
raw797979,1,1733,39.0,0.6632478632478632,0.6,0.6993422646737858,0.8537253118629862,0.28205128205128205,0.0,2.6134020579153607,0.1418848976442979,0.47897897835328573,1.1443181815844852
gpchester,0,1413,17.0,0.6352941176470589,0.5333333333333333,0.7035953988319951,0.8209207407275814,0.29411764705882354,0.0,2.308641971674668,0.371704027897769,1.0105263141939058,1.511111110088889
gabriel_eddy,0,1660,36.0,0.38518518518518513,0.2,1.2286640618073752,1.0770661060183602,0.05555555555555555,0.027777777777777776,5.192307678827663,0.08029515233423201,0.3930481274594641,2.0588235252076124
zenbro,0,1973,28.0,1.309523809523809,0.6666666666666666,1.1368604965692506,0.914022357495772,0.25,0.0,4.751515147886723,0.13311787068175152,1.1117647049994808,0.8333333334499997
kasspparow,1,1922,22.0,1.625,0.875,1.378190219703338,1.4443876076490225,0.18181818181818182,0.09090909090909091,5.384615381301775,-0.018821974903096866,0.0898345153180088,0.7654320988928518
sergio_7,1,1470,56.0,0.3452380952380953,0.16666666666666669,1.5865516820692882,1.2906753599324385,0.26785714285714285,0.07142857142857142,8.882758594960285,0.14388442322151787,1.3939393895041323,0.5183246083890246
rendykwang,0,1876,43.0,0.8662790697674418,0.5,0.9649036947962532,0.7851601221281416,0.23255813953488372,0.0,5.194630866486735,0.3875890934473109,0.9985207089070324,0.48209366435128137
newb009,0,1282,45.0,0.5333333333333333,0.0,1.9999999962500006,1.0577172473855745,1.0,0.7777777777777778,7.4999999859375,0.05304619860112156,4.327272712559999,0.4782608702826087
ssomechess,0,1534,46.0,0.8405797101449274,0.6666666666666666,0.7475683918237136,1.1903965830916967,0.41304347826086957,0.21739130434782608,3.1724137893293705,0.03487023953947598,0.8855098379788452,0.8125000002021484
jano2018,0,1841,43.0,0.5116279069767442,0.26666666666666666,1.1292341987558079,1.172805339646422,0.2558139534883721,0.023255813953488372,5.081818171885537,0.21901483828600046,0.5054347817571478,0.6860795459695712
zeroni65,0,865,21.0,0.634920634920635,0.4666666666666667,0.5710954377095193,0.5689703889598878,0.3333333333333333,0.0,2.414999996196375,0.1545160285746749,0.7972027960320798,1.0047846889876608
the_jesters_cap,0,1665,20.0,1.6,1.3333333333333333,0.7728015408083075,1.2637129015846873,0.25,0.15,2.91666666484375,0.2767960454609194,1.1333333326108332,1.1818181816942146
Alberto4245,0,1598,17.0,1.493212669683258,1.5384615384615385,0.5506153161759275,0.6970220281584006,0.47058823529411764,0.0,2.3696969681099906,0.46481741403856364,0.9394531243798139,1.8271604930306358
albert157puma,0,1864,27.0,1.111111111111111,0.6666666666666666,1.0327955580591286,1.533260629210728,0.25925925925925924,0.3333333333333333,3.5999999967600003,0.4903033254969595,0.24999999981249998,0.37723214323664195
BadgelTutanes,0,1322,29.0,0.909688013136289,0.7619047619047619,0.7696222567401689,1.0919845946326523,0.3103448275862069,0.034482758620689655,3.559566783090657,0.08235422463245136,0.5118483407737472,0.9133333334243334
KilmanFC007,0,1742,26.0,1.1153846153846154,0.8333333333333334,0.778390939685443,0.7351399324078957,0.3076923076923077,0.0,3.137931031669441,-0.18825142625035662,0.5654761900285218,1.7187499991240234
chessnet23,0,1930,50.0,0.6666666666666665,0.6666666666666666,1.1661903772197748,1.3645151888044953,0.42,0.38,4.999999992500001,0.4526480445361366,0.8863636350673296,0.3513513520087656
Jodemeist,0,1574,35.0,0.9523809523809522,0.6666666666666666,0.6099180266386623,0.9572803098348945,0.4857142857142857,0.11428571428571428,2.0999999977950004,-0.1598835062309294,1.2254641895869385,1.5409356717886273
MVigotsky1972,1,1491,34.0,0.5228758169934641,0.4444444444444444,0.8678277462257686,0.9337455722766129,0.2647058823529412,0.058823529411764705,4.249999991871875,0.1469175240182723,0.6512667649158463,0.6000000006120001
Andre_uk,0,1291,31.0,1.1971326164874552,0.8888888888888888,0.9601400083507713,0.7631868718626594,0.25806451612903225,0.0,5.0119760437175405,0.2379492576381687,0.45064102534464245,0.9263392857734775
mezencio,0,1458,21.0,1.3015873015873016,1.3333333333333333,0.5802623045966433,0.9817573933978914,0.42857142857142855,0.09523809523809523,2.0487804862308145,0.34652068569449385,0.6588235289467128,1.7532467524397035
obbattu,0,1198,22.0,1.5818181818181818,1.1333333333333333,1.1154427383991026,0.9580611576800394,0.18181818181818182,0.0,5.14176244885674,0.007032206638733008,1.6815789461736148,1.0714285713818028
fun2mate,0,1784,25.0,0.9279999999999999,0.6666666666666666,1.0106448878594152,0.8455156978454226,0.28,0.0,4.597701144470868,-0.009040966154001373,0.6550751873419391,2.1656804713552575
magnusslayerr,1,1693,22.0,0.6262626262626262,0.4444444444444444,0.7835456633611848,0.703965135401976,0.18181818181818182,0.0,3.193548381997399,-0.11384984843706526,0.8771929810710989,1.1379310342473248
dan83,1,1751,29.0,0.13946360153256707,0.08888888888888889,0.9337103328582278,0.8478686818406264,0.20689655172413793,0.0,3.505494480358954,0.4047132330745998,0.5374917021970463,0.4365591426475893
scroca,1,1595,18.0,1.148148148148148,1.3333333333333333,0.9832097187648284,1.544646441230396,0.3333333333333333,0.3333333333333333,3.4838709647075965,0.46333675753909015,1.473214284195034,0.4090909094535123
ALAIN69,0,1339,64.0,0.29791666666666666,0.26666666666666666,0.8765281645695473,0.674378655250294,0.375,0.015625,5.818181798652256,0.1232034115669554,0.8311603623644425,0.6627906986154678
kolesnikov87,1,1236,18.0,0.44166666666666665,0.32499999999999996,0.8819619521555764,0.9942490621530342,0.2777777777777778,0.0,2.943396219750801,-0.051048947402500926,0.1372549017095989,1.2714285707306123
Johnjr9,0,1368,32.0,0.8854166666666666,0.7333333333333333,0.783437548932434,0.779360827499956,0.34375,0.0,3.7647058781010383,-0.1746847915958029,0.6307277621402053,0.8398268399932536
danielkill978,1,553,15.0,1.3333333333333333,0.6666666666666666,1.0645812940463182,1.7182466002613022,0.13333333333333333,0.4,2.99999999775,-0.06458162247453525,0.22413793088376932,1.1442307691142755
Ratatata333,1,1657,25.0,1.2533333333333332,1.3333333333333333,0.8146463703745543,1.3049899188026377,0.32,0.2,3.723404252348348,0.1459769403343528,0.5743243239285061,0.6837606839715099
OGIS1,0,1264,34.0,0.9823529411764705,0.8,0.7481942136584604,0.9371728092041735,0.17647058823529413,0.0,2.7824351269081005,0.15502696947118677,0.32560296817468015,1.0120481927587457
vanatop20149,1,1356,23.0,0.2755852842809364,0.27692307692307694,0.6362742647906434,1.3938805975111104,0.30434782608695654,0.08695652173913043,2.4563106706985818,0.3379023681749164,1.4794520488665792,0.8817460321486583
kvuick,0,1386,28.0,1.137362637362637,0.9230769230769231,0.807832898383748,0.825956037283694,0.21428571428571427,0.0,3.652173909832389,0.1243027934662095,0.5735567965622795,1.0294117646796423
dindindaudin,1,1400,27.0,1.182716049382716,0.9333333333333333,0.850381602160389,0.7449719571966354,0.2222222222222222,0.0,4.283924839801691,0.10225032109172594,0.6883789779994094,0.435801928470697
IllegalSmile,0,1262,35.0,0.5739682539682539,0.4444444444444444,0.8583557583060909,1.0001597448010993,0.22857142857142856,0.0,4.026548665551091,0.16931235000058578,0.4939550942427537,1.3630630623124056
tursun65,0,1604,61.0,0.604735883424408,0.4444444444444444,0.7201252278341838,0.5996463161207796,0.39344262295081966,0.0,3.3072289101937695,0.30096409453274314,0.9864944199823392,0.5477784546234167
A_Litty,0,1409,21.0,1.0714285714285714,0.75,0.8214711276454945,1.1033290728672864,0.047619047619047616,0.047619047619047616,2.7999999973866667,0.2800350508983245,0.5578358204625751,0.9936575052913122
NoFinalTePego,1,1091,24.0,1.222222222222222,0.6666666666666666,1.5876590165712772,1.466323538048096,0.4166666666666667,0.2916666666666667,7.0909090851074374,0.2130532439935796,0.3799999997292499,0.37500000035156245
skd2000,1,1922,31.0,0.795698924731183,0.6666666666666666,0.7191424150772978,1.031648840815453,0.5806451612903226,0.16129032258064516,3.351351347139517,0.15811866820621226,0.5703703697429628,0.7968750002285155
KelsonFred25,0,1813,39.0,0.8717948717948718,0.7692307692307693,0.926353866468219,0.8681747439346299,0.2564102564102564,0.0,3.8823529367231835,0.47431893322888535,0.4789833817405059,1.128712871129742
duslagata,0,877,38.0,0.7578947368421051,0.6,0.8183320541018453,0.6221179064632137,0.2631578947368421,0.0,4.925925919426442,0.05720731180762384,0.6758620681498216,0.6615384619094677
firdavsus,1,1821,32.0,0.6583333333333334,0.5333333333333333,1.1573109724036792,1.4199898259629726,0.21875,0.0625,6.2784810031212945,0.4610619030196662,1.3343108481801629,0.526570048858083
godtanatos,0,1823,28.0,1.1964285714285714,1.0,1.0333059054450564,0.9838064488783743,0.39285714285714285,0.03571428571428571,5.641791040060593,0.2159860036914945,0.46551724104221165,0.6750000002275
runavin,0,1906,36.0,0.6666666666666665,0.4666666666666667,0.8511430210435327,0.8214967719621604,0.25,0.0,3.599999994600001,0.23559181620598327,0.6176470579757786,0.9565217391942343
vidualbeats1993,1,1777,20.0,0.9454545454545453,0.7272727272727273,0.8461538452588759,1.274576757725964,0.4,0.25,3.0769230736686395,0.5102639296187684,0.7941176462880621,0.5294117650865051
Allenkimker,1,1155,26.0,1.169230769230769,1.0,0.8171677653655403,0.9214524263617959,0.15384615384615385,0.0,3.7631578915183526,-0.1603393397983184,1.1929530190533646,0.7538461540307695
Ojasvichess23,0,1128,64.0,0.484375,0.25,1.2408415768439907,0.97432924899583,0.28125,0.0,5.470967730640583,0.3922856365659035,0.9221575218774425,0.3191489370973291
Uitshi_o,0,1855,27.0,1.2098765432098761,1.3333333333333333,0.6878489605070931,0.8963448532201607,0.2962962962962963,0.07407407407407407,3.3061224462469814,0.12368976075402428,0.6534090903967587,0.8214285715624998
Baxti2107,0,1918,17.0,1.803921568627451,1.3333333333333333,0.9207747205568475,1.2337468781024765,0.058823529411764705,0.11764705882352941,3.6956521718643667,0.4905994032081697,0.6249999997070312,1.8370370363674073
zacar,0,1030,29.0,0.5195402298850574,0.4,0.8911728499859555,0.799923848536947,0.27586206896551724,0.0,4.2345132661857825,0.3775115308229503,0.609704640366194,0.5626477547884916
Rafah19,0,1383,38.0,0.8011695906432748,0.4444444444444444,1.3773975974504904,1.376758585072061,0.23684210526315788,0.13157894736842105,7.489051085542864,0.36646786324130415,0.44435736630573397,0.25688073452785964
evan56314,0,1363,33.0,0.9898989898989898,0.6666666666666666,1.101284697926828,1.3702184061911689,0.3939393939393939,0.2727272727272727,4.714285709523324,0.43928813624330365,0.6787330310753259,0.3764705886628571
mp701213,0,1986,40.0,0.8966666666666667,0.5333333333333333,0.9835436467742806,1.6829874974237806,0.125,0.15,3.42007434562817,0.48004585624048024,1.1384615371479292,0.37244898007210536
ijhdfg4,1,1741,49.0,0.7912087912087912,0.3076923076923077,1.8998862839944877,1.4143563427107433,0.2857142857142857,0.10204081632653061,10.694444430927856,0.43514668892027,1.8657112497959432,0.1497247712506557
gyorgypalfi,0,1220,23.0,0.9855072463768113,0.47619047619047616,1.0410676067384854,1.1348877680636291,0.08695652173913043,0.0,4.058823525293254,0.10004090941478339,0.976459509373081,0.6416666669622917
CreoGo,1,1379,28.0,0.4071428571428571,0.2,1.02756042968702,0.8482187691498387,0.25,0.0,5.076023379345441,0.2078873797344738,0.3030303023415978,2.9767441763926445
Yosvaldy,0,1977,38.0,0.9999999999999998,0.6666666666666666,1.0269278916150824,1.536025530775263,0.10526315789473684,0.15789473684210525,4.222222218000001,0.28706892455117894,0.7999999992421052,0.47413793142207933
diviertete,0,1996,35.0,0.9079365079365079,0.4444444444444444,1.5790265518568496,1.3655424498432711,0.22857142857142856,0.11428571428571428,8.56643355699851,0.4108852013544902,0.3373015870004251,0.24025341181587287
swarrr,0,1843,32.0,0.9583333333333333,0.6666666666666666,0.6721576007655881,0.9991648545870568,0.5,0.125,2.7826086927485822,0.2855122622895179,0.6216216210420014,1.4210526310470917
gaston_k,0,1025,18.0,1.6666666666666667,1.125,0.8689073593277937,0.8714447768392732,0.2222222222222222,0.0,3.1499999981099998,0.33121478367886475,0.6487341768867169,0.42857142881632654
haveAdhd,0,1861,18.0,2.148148148148148,0.6666666666666666,1.1120355509717834,1.476015653270473,0.3888888888888889,0.16666666666666666,3.4137931018590963,-0.060005455289368875,0.6976744183126012,0.34883720950676045
tnv_tienminh200214,1,1500,26.0,1.2307692307692306,0.6666666666666666,1.3495112272953258,1.5122165744329503,0.3076923076923077,0.3076923076923077,4.874999996039063,0.004139521437978383,0.5615615611745394,0.5000000003046875
mageto,1,1585,40.0,0.215,0.13333333333333333,1.2197668819493035,1.3345659397778002,0.2,0.125,5.271317804939607,0.13886391026080366,0.707650270004815,0.17272727498347099
vicente147-7_457,0,1538,30.0,1.1777777777777778,1.0,0.9548362957085349,1.500838226345931,0.0,0.3,3.396226412210751,0.5287284016270984,1.0855263148467797,0.4324324327775748
pbrea,0,1597,25.0,0.7253333333333333,0.4,1.0096313849724845,0.8455235807122727,0.16,0.0,4.411764699799957,0.10745019427109657,0.7844036686992887,0.6660175271575068
Omar_Shirov,1,1910,49.0,0.5333333333333333,0.26666666666666666,1.2132348371154011,1.1528959162557495,0.16326530612244897,0.061224489795918366,6.999999986875,0.39470074605680444,0.7415611801321739,0.39366906553337827
xammy556,1,1417,17.0,0.5019607843137256,0.26666666666666666,0.7759193120751692,0.7201407658542023,0.4117647058823529,0.0,2.6562499947082516,0.05704659975595683,0.5167173244034147,1.0074074073925925
rookiemaster92,0,1394,29.0,1.1198686371100162,0.7619047619047619,0.9734126921671412,0.900789963030775,0.3793103448275862,0.0,4.337243397886538,0.21214967164598547,0.7261474981051158,1.8831858395590417
GoodChessPlayer3,1,1929,21.0,1.6556776556776551,0.7692307692307693,1.091154389302888,1.0486150093168114,0.19047619047619047,0.0,3.7168141570471467,0.14465120485514435,1.3669590634441582,1.2310606059041589
abn1976,1,1754,27.0,0.9234567901234567,0.6,0.9344221655602475,0.8693272212592957,0.2222222222222222,0.0,3.9705882309944167,-0.1546594777275782,0.3698550721099937,0.8992481204041549
dtzk_1018,1,1289,27.0,1.037037037037037,0.4444444444444444,1.1398770659090065,1.5595618107509572,0.18518518518518517,0.14814814814814814,4.071428567502551,0.014344915224271126,0.9647058814336334,0.10682680197946194
vladimirslepchenko,0,1634,17.0,0.3843137254901961,0.2,0.9092518102849247,0.8484905931960298,0.11764705882352941,0.0,2.948979584163369,-0.10913967133106073,0.5432595561963327,0.8533333336853335
tsendjav74,0,1862,46.0,0.7478260869565218,0.26666666666666666,1.2902494723323663,0.9315070566739589,0.32608695652173914,0.0,6.418604642579773,0.26096314788485797,0.7499999990625003,0.3096446706552605
Miomir,0,1869,26.0,0.6512820512820513,0.6666666666666666,0.6202505689156146,0.9408604117703651,0.2692307692307692,0.038461538461538464,2.251968500479261,0.15169101234298812,0.5792079200178906,1.0158730158484504
JoaoZugzwang_81,0,1748,42.0,0.7354497354497355,0.4444444444444444,1.2273516222332876,1.7822754857017828,0.14285714285714285,0.30952380952380953,5.136690640497593,0.5100590913935015,0.7796863320965364,0.19827586272209421
kangjunhyeok,0,1101,20.0,1.376923076923077,0.7692307692307693,1.0789356988759804,1.3280447761604997,0.25,0.05,3.6871508353110074,-0.2892668738083141,0.18713450281016383,0.5169491528084602
ChessWarrior97,0,1768,36.0,0.7307692307692306,0.46153846153846156,0.7851734726308242,0.9534754562631563,0.16666666666666666,0.027777777777777776,3.1578947325207762,0.4458424964349309,0.990683228460449,0.5545454550192565
trunganh07,1,1584,27.0,0.9506172839506172,0.4666666666666667,1.0559391968607497,1.3981181376214273,0.14814814814814814,0.037037037037037035,4.2077922033658295,0.33876108904625735,0.42902208165351435,0.6463184395738044
maikl567856,0,1864,47.0,0.7092198581560283,0.6666666666666666,0.7216031524617293,0.6288504528505882,0.2765957446808511,0.0,3.133333328915334,0.3138958567755719,0.6349206340740742,0.6939655176054548
RaffiHelmy14,1,1193,21.0,1.2261904761904763,1.0,0.8249571172397631,1.1062549706257423,0.42857142857142855,0.047619047619047616,3.262135919669714,-0.0831036189447647,0.8195121944823319,1.1717171715645343
zero64,0,1946,20.0,1.6,1.3333333333333333,1.1441275174304186,1.5187296503263135,0.3,0.25,4.999999996874999,-0.427130347457931,0.6923076919082841,1.3999999996999997
jose65,0,861,31.0,1.1268817204301074,0.8,0.6792606442162943,0.7252269439933693,0.22580645161290322,0.0,2.839694653968592,0.2743424857687261,0.5881742733647082,0.7801573428302958
mjstein10,0,1116,15.0,0.4296296296296297,0.4444444444444444,0.766417611005506,1.1280185809260157,0.4,0.13333333333333333,3.103448268638525,0.21957406982516078,1.0666666641066669,0.8166666670516666
DrAlx,0,1574,31.0,0.9462365591397849,0.6666666666666666,0.9201973068911362,1.1586879400581958,0.12903225806451613,0.06451612903225806,3.9924242382049764,0.37459515272443084,0.9130434773230153,0.71250000025875
Faisal0009,0,1720,27.0,0.6246913580246913,0.4666666666666667,0.7783651457255414,1.100377845284644,0.18518518518518517,0.037037037037037035,3.0948616551248267,0.14553421190488672,0.8906249986204996,1.8352941157307956
SilvioPorto,0,1624,19.0,1.5870445344129553,1.3846153846153846,0.8074130712136289,1.9907492838344227,0.15789473684210525,0.21052631578947367,2.9081632634736825,0.2853724933568166,0.4459459457305058,0.7800000001225714
tsyxuc,0,1848,25.0,1.4933333333333332,1.3333333333333333,0.8306930958446614,1.2736318906185229,0.28,0.16,3.1249999979073664,0.4519943081650589,0.606382978355704,1.426573426224412
Diomeralex,0,1215,21.0,0.6893424036281179,0.38095238095238093,1.008876804678969,0.8651914978968251,0.5238095238095238,0.0,3.4539473634105566,0.43227593189535335,1.0399999984711998,0.6093906098413124
Abhishek_atg,0,1953,17.0,1.2549019607843137,0.6666666666666666,0.8716453543667421,1.0955363181712183,0.47058823529411764,0.11764705882352941,3.1874999974599607,0.4506544306624455,0.4402173910459593,1.9555555544088894
gopala53,0,1549,39.0,0.9515669515669513,0.6666666666666666,0.8542960798252177,0.7467468089012508,0.1282051282051282,0.0,4.437125743840028,0.4517196352730959,0.38240131543851985,0.8947674419650858
majed200,0,1684,27.0,0.9185185185185185,0.6666666666666666,0.8298748898926538,1.0087347688699424,0.2222222222222222,0.0,2.951612900012357,0.46843508978768,0.4534412951128523,0.7321428573939731
ArCVErma,1,1627,24.0,0.7037037037037037,0.4444444444444444,1.0773415505984472,1.1916183806879501,0.25,0.08333333333333333,3.789473678825485,-0.2068964534808044,1.190476188690476,2.4545454509752065
R-STORM61,1,1987,28.0,0.9725274725274726,0.6153846153846154,1.0595442317272987,1.6066661009637728,0.25,0.14285714285714285,4.271186436286125,0.24814353066015718,0.8081597214424743,1.1851851849771378
Machefibio,0,1186,26.0,1.4017094017094018,1.1111111111111112,1.1829268284243752,1.086138340567461,0.2692307692307692,0.038461538461538464,4.914634142835291,0.5475936114523795,0.5830687826995061,0.401709402008547
EdgeB22,0,1613,16.0,0.6916666666666667,0.5333333333333333,0.7626610696490905,0.7265701029185008,0.3125,0.0,2.8915662608796633,0.3694318097178742,0.7323943651914301,1.5151515142148757
abdosalama1997,1,1077,23.0,1.2144927536231882,0.8,0.911650774793824,1.0793065030839246,0.2608695652173913,0.0,3.4582338873673257,0.3576538905894383,0.47675675640885334,0.7532608697422261
paborges,0,1566,35.0,0.998095238095238,0.5333333333333333,1.0195627421034943,0.9633311594940053,0.2,0.0,3.874045797645279,0.26586674707709024,0.5664335659433835,1.0194003527140547
mickeyislas,0,1896,27.0,0.7407407407407407,0.6666666666666666,0.840634679726376,1.10688014897794,0.2962962962962963,0.07407407407407407,3.59999999514,0.09117390797506959,0.5909090901838843,1.1097560974043725
Infinityesence,0,1391,31.0,1.0881720430107524,0.4,1.9002857507234443,1.0951640773851303,0.06451612903225806,0.0,10.660079041587084,0.008395362801142602,0.31646825373514126,1.3652912617369393
RookMastermind123,1,1718,20.0,0.5966666666666667,0.5333333333333333,0.5467729927424843,0.5618311755114141,0.75,0.0,3.016759771480291,0.14581860286784026,1.3658536560380727,0.9042553193017202
magedtaha,0,1272,23.0,1.391304347826087,0.6666666666666666,0.8584749068011592,1.1713749494422088,0.391304347826087,0.13043478260869565,2.874999997933594,0.10336138699126829,0.2657807307486672,1.1785714284311226
Santik1970,0,1306,31.0,0.48602150537634403,0.3333333333333333,0.8097707794743688,0.7175740425666338,0.25806451612903225,0.0,3.429203532767347,0.10499906082530779,0.7939024374995169,0.9886363636596075
Milo1302,1,1236,33.0,1.1515151515151516,0.8888888888888888,0.6826342611034568,0.8967631083178523,0.2727272727272727,0.030303030303030304,2.8947368395914124,0.1268314885363959,1.119999998992,1.2941176467647058
Aleksey-1990,0,1032,26.0,0.6703296703296703,0.3333333333333333,0.9815552365634311,0.8411366585430932,0.2692307692307692,0.0,3.8360655680478373,0.10961295740658106,0.3814367446529948,0.4523809529742065
Anton12345678910,1,1340,30.0,0.9555555555555556,0.6666666666666666,0.7357810233954094,1.024596371604244,0.5,0.13333333333333333,3.4883720893726338,0.41316302318723885,0.5234159775093913,0.48275862109096307
shmy61,0,1314,19.0,1.5789473684210527,1.3333333333333333,0.4377270131359331,0.4429375998281401,0.3684210526315789,0.0,2.111111109774074,0.3118762609164316,0.7741935479375649,1.1249999999156248
ban_bocor,0,1456,25.0,1.36,1.3333333333333333,0.6274509799307958,1.0904138697658565,0.4,0.12,2.450980390354671,0.025102718316575682,1.1590909081952478,0.7582417583971742
ObsceneTangerine,0,1426,23.0,1.6521739130434783,1.3333333333333333,0.9129552156760314,1.0672058690167066,0.2608695652173913,0.08695652173913043,4.438596488541551,0.36987718840640016,0.3731778423828167,0.6666666668333333
Jorgemembiela,0,1712,24.0,1.4444444444444446,1.2,0.8181375871448788,0.7973430052159924,0.20833333333333334,0.0,3.7846153819952657,0.4891594336814629,1.1935483862304894,0.5116279072322877
MiguelExellente,1,1724,19.0,1.1578947368421053,0.6666666666666666,0.8927830212081258,1.013115489287916,0.47368421052631576,0.10526315789473684,4.030303026822314,0.14517889736859388,0.89599999924736,2.8124999969414066
agedmoose,0,1625,28.0,0.7833333333333332,0.6333333333333333,0.8040590927725579,0.7388127120238179,0.17857142857142858,0.0,3.65957446341331,0.20046258959728164,0.7003891042407909,1.4191176464116568
themasterjoncl,0,1969,24.0,1.3333333333333333,0.6666666666666666,0.9789450096383521,1.4590916725892573,0.2916666666666667,0.25,3.4999999973750002,0.20615140650666633,0.7599999994584998,1.526315788975069
JokerLoop,1,1959,42.0,0.7777777777777777,0.6666666666666666,0.8554404852321761,1.249395463380074,0.40476190476190477,0.2619047619047619,4.285714280204083,0.22984998980913326,0.7226107217491482,0.9600000000503999
ebra77353,0,1486,19.0,1.6578947368421053,1.25,1.007655253240073,0.9620087018724922,0.2631578947368421,0.0,4.222222219675484,0.18242105667168637,0.7499999995714285,1.619999999504
Anton12345678910,1,1313,16.0,1.2916666666666665,1.3333333333333333,0.7176966272278152,0.8687145966704551,0.375,0.0625,3.096774191150885,-0.05632696117769583,0.7652173907553877,2.0999999986800004
ibrahimone,1,1057,38.0,0.6175438596491227,0.5666666666666667,0.7219263703886349,1.268345878390237,0.23684210526315788,0.05263157894736842,3.1306818131122487,0.27106571550718467,0.40774719613949445,0.6842105267464115
aquiles_castro,0,970,36.0,0.8819444444444444,0.5,0.9269626295438665,1.0954895440394823,0.2222222222222222,0.05555555555555555,3.685039365900428,0.20736833224712947,0.46874999953124996,0.33684210576576173
Henrique1234,0,1617,20.0,1.6333333333333333,1.3333333333333333,0.8986546466458848,1.1044379054157019,0.35,0.1,4.081632650562266,0.19164416189980152,0.9004328999008265,1.1304347825236294
xebic,0,1725,40.0,0.8166666666666667,0.6666666666666666,0.7183557504182599,1.077669580175901,0.525,0.175,3.2653061184506456,0.4621103416889181,1.2087912072569738,0.44117647108131475
DrWox,0,1634,35.0,1.1238095238095238,0.6666666666666666,1.0398550262054147,1.338290196747074,0.4,0.22857142857142856,4.7457627076414814,0.3751028665209327,0.8678500978849943,0.4146341467055324
Bullet_Chess01,0,1982,20.0,1.7666666666666662,1.3333333333333333,1.3981373961933459,1.1322316520998155,0.3,0.1,6.792452826343896,0.25777248350170534,0.5902777774641926,0.5588235296064012
sebfesta,0,1571,53.0,0.7169811320754715,0.6666666666666666,0.8634003355932774,1.1823276635510969,0.5283018867924528,0.24528301886792453,4.649122800533243,0.2771079999135578,0.5223214279348496,0.6052910057308237
BennyGoodluck,1,1133,38.0,0.9122807017543859,0.47619047619047616,1.327147728259584,1.5012915918536411,0.21052631578947367,0.07894736842105263,6.7857142782760995,0.5234223084346287,0.7547083134039493,0.15555555609037033
hydralisk_228,1,1785,35.0,0.6857142857142856,0.4,1.3034557562974052,1.297550374303906,0.17142857142857143,0.02857142857142857,6.805555545630789,0.47915711387554316,0.8792270518977106,0.43766937727667066
Jacuru,1,1085,38.0,0.719298245614035,0.4444444444444444,1.2825187128642945,1.2271829688100502,0.34210526315789475,0.10526315789473684,6.4878048690291505,0.2783379157995192,0.44905660323980073,0.38202247250378735
onbodem,0,811,41.0,0.7913279132791328,0.4444444444444444,1.426599044068408,1.6642526887466975,0.12195121951219512,0.24390243902439024,8.143835606147004,0.2983429653590701,0.9436507924779707,0.46647230369697135
Jacuru,1,1085,29.0,1.24904214559387,1.1111111111111112,0.9160641197539529,1.2471752619902314,0.3793103448275862,0.06896551724137931,3.7361963160271547,0.30703189472371906,0.5064935061087029,1.8839506162526747
vegascommie,0,1859,24.0,1.0648148148148147,0.6666666666666666,0.8604302779770896,1.1010870646995947,0.20833333333333334,0.041666666666666664,2.713043475712968,0.3451874815794418,0.8333333325833333,0.8548387098038499
GalinhaS2,0,1186,51.0,0.6954248366013073,0.2,1.3397206107496862,1.7651962532543475,0.058823529411764705,0.11764705882352941,4.793233075814242,0.6476522861084351,1.1475409819134643,0.15050167293332845
Azhibekov,0,1989,24.0,0.9111111111111111,0.4,1.0592219866719985,1.210989209382595,0.08333333333333333,0.041666666666666664,3.8048780446044024,-0.364703042650449,0.21568627431949247,1.1866666664426668
VladimirRadov,0,1860,30.0,0.9179487179487179,0.8461538461538463,0.6050307694379725,0.6650673057346348,0.2,0.0,2.346368712527699,0.357699507743181,0.7411347510214022,0.627272727603099
iamdrunkard,0,1872,25.0,0.5386666666666667,0.4,1.2727298165854897,0.9658521264998505,0.16,0.04,6.683168304424811,0.20364329872544482,0.4485049826846558,1.5966735952222284
sal2061,0,1865,44.0,0.4818181818181818,0.26666666666666666,0.9716319592577203,0.7509653499666178,0.3409090909090909,0.0,5.257861624307583,0.373804647597753,0.8780487787209996,0.432432433276114
Malabrigado,0,1530,44.0,0.8863636363636364,0.5,1.0612411314475678,1.4628296524231443,0.1590909090909091,0.1590909090909091,3.948717944262985,0.5406518051159491,0.9661016938345304,0.21875000053710938
user1004,0,1603,23.0,1.3043478260869563,0.7692307692307693,0.990420918001086,0.9656918395633189,0.08695652173913043,0.0,3.656410253607009,-0.06871399045050923,0.33333333309259267,1.2901234565340263
bayrsaikhanD,0,1928,20.0,1.7000000000000004,1.3333333333333333,0.8176729195971743,0.9117351287781312,0.3,0.05,3.137254900115339,0.10333631928064774,0.6416666663297916,1.039999999976
climatechange1,0,1310,21.0,1.714285714285714,1.3333333333333333,0.7644358306855715,0.9137854579160738,0.23809523809523808,0.047619047619047616,2.7222222206342597,0.22218437698059734,0.6329787230608306,0.4545454547727273
sonlars1,0,1726,37.0,0.7783783783783784,0.5333333333333333,0.9767531094296321,0.921454279817876,0.35135135135135137,0.0,4.967592586210616,0.43255042629271084,0.6517241371725625,0.416842105788
dboenn,0,1472,41.0,0.5691056910569107,0.4444444444444444,0.8626279508060871,0.8284061465321625,0.1951219512195122,0.024390243902439025,3.90476189790068,0.39468464249649265,0.8522727258345175,0.7425343022490799
capailldubh,0,1381,55.0,0.5902097902097901,0.3076923076923077,0.9775448767781398,0.7914580310781246,0.34545454545454546,0.0,5.473933640014545,0.45989213335162643,0.5823863627545116,0.374295113504397
Lucio-M,0,1804,22.0,1.515151515151515,1.2,0.8297855139077339,1.0008256594299194,0.2727272727272727,0.0,3.34399999779296,0.10326923261424369,1.0854881259187348,1.127659574378452
Adriano2021,1,1707,27.0,1.1111111111111112,0.0,1.2328827994842009,1.2526827637904994,1.0,0.5185185185185185,5.399999995139999,-0.17487118055527734,1.0999999989916667,1.3928571424315477
LUCIFER_MORNINGSTARS,1,1892,83.0,0.6409638554216868,0.4,0.9135879792714496,1.1995696190941634,0.3855421686746988,0.18072289156626506,4.992481195218498,0.18298515164537213,0.7095652163423819,0.8270502647964776
junoria,0,1527,33.0,1.1111111111111112,0.6666666666666666,0.9760774923193155,1.4230553044402026,0.2727272727272727,0.2727272727272727,4.19999999622,0.27107788850013864,0.531914893192621,0.6274509806631015
kellergaming123,0,1809,15.0,0.711111111111111,0.6666666666666666,0.6373774383027861,1.0803437689970834,0.5333333333333333,0.2,1.8749999973632814,0.05113804824836635,0.0,1.1249999998125
alefiore,0,1291,25.0,1.3866666666666665,1.3333333333333333,0.7561385860446117,1.1138382542266534,0.28,0.12,3.365384612957656,-0.06618045459821449,0.6847826082267249,0.5769230771610578
lazypawn76,0,1661,41.0,0.7588075880758808,0.4444444444444444,1.2373853259773169,1.1570395096194868,0.17073170731707318,0.07317073170731707,7.321428561779975,0.4240515183435408,0.6908563126766165,0.4365079370362104
DrBreakerstein,0,1637,24.0,1.4047619047619044,1.0476190476190477,0.8100796578237476,1.0543465107486651,0.08333333333333333,0.0,2.9830508453341,-0.05294204436255769,0.5282392023261222,0.7019230771036428
NAKAMURUS-HIKARULSEN,1,1951,41.0,0.46829268292682924,0.26666666666666666,1.1020463545843036,1.5572386638407332,0.1951219512195122,0.1951219512195122,3.7013888809848816,-0.021324662523649517,0.5668016183890903,0.9523809524801589
panchisabio,0,1477,33.0,0.9090909090909091,0.6666666666666666,0.9349192864365945,1.213053851175014,0.48484848484848486,0.21212121212121213,4.39999999516,0.5519608813119751,0.4390243898102319,0.5192697772741134
jeem2173,0,1275,47.0,0.8138297872340425,0.5,1.0048793757366208,1.2036107806028382,0.14893617021276595,0.0851063829787234,3.9934640473805803,0.7070564111429626,0.5858461532087532,0.24351092953221584
brisachess1,1,1988,20.0,0.8666666666666666,0.6666666666666666,0.8104349031304782,1.27289167699036,0.35,0.25,3.0769230733727815,0.5366225515663756,1.499999997923077,1.8888888874074077
NoSeJugarAjedreZxd,1,1922,42.0,0.8624338624338624,0.4444444444444444,1.2088380657908584,1.6563685947552675,0.07142857142857142,0.21428571428571427,5.15337422715345,0.41903813652144417,0.4528985502815848,0.1319444450141059
therockchef,0,1652,44.0,0.6666666666666666,0.4444444444444444,0.9613752760861375,1.3298593517444088,0.18181818181818182,0.13636363636363635,3.9999999940000004,0.21883155230425003,0.4689655166228299,0.5172413798596909
at569,1,1601,55.0,0.5454545454545453,0.2222222222222222,1.3316862229952706,1.2728980385931843,0.38181818181818183,0.14545454545454545,6.518518506567903,0.36448996499132147,0.7368421039833797,0.4983948642481785
meaux327,0,1113,15.0,1.95,1.75,0.8735527772375786,0.8358772762594773,0.2,0.0,3.7179487160420774,-0.14508253238257873,0.2935779815220941,2.136029410829152
ALEX290686,0,1011,18.0,0.7883597883597884,0.5238095238095237,0.8756010362937902,0.799946673987635,0.1111111111111111,0.0,3.744966438202694,0.13359002482354393,0.6830508466674877,1.0985915491645506
Ivanpino,0,1591,17.0,1.3176470588235294,1.0666666666666667,0.6684181918084228,0.739500599062888,0.29411764705882354,0.0,2.630952378955676,0.3680062510988169,0.5931818178178202,1.6421845567857258
LeonarditoCruz,0,1087,21.0,0.8783068783068779,0.8888888888888888,0.6647283955869648,0.9731575192492944,0.2857142857142857,0.047619047619047616,2.530120479047033,0.19005661681875557,0.9198113197394536,0.6963249519348532
jacuAlvarez,0,1661,30.0,0.6814814814814816,0.4444444444444444,0.8289424320417746,0.9051052859910784,0.23333333333333334,0.03333333333333333,3.2608695604324196,0.07831274830420455,0.35628227150064273,0.9166666667838542
NoFinalTePego,1,1096,19.0,1.8596491228070173,0.6666666666666666,1.1489311199586563,1.8960306303097538,0.10526315789473684,0.42105263157894735,3.2264150926046637,0.40287299311110486,0.3986710961786294,0.32307692331124255
Liloturb,0,1044,17.0,0.8509803921568626,0.6666666666666666,0.9619312042623674,1.1261259602023759,0.29411764705882354,0.0,3.9170506866412547,0.5304232916913837,1.3739130416862004,1.4924554176517806
cneo21,0,1703,18.0,2.111111111111111,1.3333333333333333,0.8822660319105164,1.282044760773853,0.1111111111111111,0.1111111111111111,2.8421052618116343,0.3119619632649753,0.5333333331199999,3.071428569431122
Pothayya970,0,833,24.0,1.2555555555555555,1.2,0.5027140681562022,0.596395386612251,0.375,0.0,1.9115044232563236,0.10366688803682768,0.6729166661672362,0.8833333334208334
roughride,0,1984,31.0,0.6881720430107525,0.4444444444444444,0.9400428463572068,0.9505406410680087,0.22580645161290322,0.03225806451612903,3.5520833281717135,0.1504250968883534,0.7267267257544844,0.5625000004921875
peitrobocop,0,1149,15.0,1.911111111111111,2.0,0.35726259273718164,0.37713348845400085,0.3333333333333333,0.0,1.7441860455989726,-0.07074466664987518,1.2121212114600548,0.7608695653265594
SERGEYABREGU,1,1799,19.0,0.5403508771929825,0.4,0.7270407779936404,1.0498556244644894,0.15789473684210525,0.05263157894736842,2.4675324629659303,-0.0164340550937118,0.8666666651303031,1.4896551712740784
scroca,1,1609,20.0,1.2,0.6666666666666666,1.1055415958638488,1.4088639025712706,0.35,0.25,4.444444440740741,-0.091904878821158,0.27272727254132234,1.3999999995999997
Nakamura_99,1,1542,26.0,0.9230769230769229,0.4666666666666667,1.169309175391537,1.2516207124362941,0.2692307692307692,0.038461538461538464,4.33333332863889,0.07642048713446856,0.2812499997626953,1.1951219509875077
Lateefaf,0,1874,31.0,0.924731182795699,0.6666666666666666,1.1962624312283847,1.3064853279017217,0.41935483870967744,0.25806451612903225,6.48837208600676,0.04897102804171038,0.8712121203013085,0.6750000002925001
bugsie,0,1527,28.0,0.6964285714285714,0.625,0.6243997766360374,0.9908701410101228,0.5357142857142857,0.07142857142857142,2.5128205092123603,-0.028933421705448336,0.8620689643281808,1.0
ov1111111,0,1253,38.0,0.6065162907268171,0.5238095238095237,0.7945067862308464,0.7119661159463214,0.2894736842105263,0.0,4.553719000756471,0.11618247168302362,0.4949238571821615,0.7042253525282184
fooo1010,0,1329,27.0,0.6172839506172839,0.0,1.5252540747240981,1.4946801422947738,1.0,0.5555555555555556,6.4799999895024,0.42961569298879737,1.3611111087291667,0.36111111180324085
Neslisah2012,0,1766,26.0,0.7307692307692307,0.5,0.7526499803424312,0.6802546744294178,0.19230769230769232,0.0,3.0789473642077567,0.29436507388976585,1.1699999983152,1.9230769212307692
DannyLiber,1,1897,16.0,1.6904761904761905,0.9047619047619047,1.0360492913084207,1.6198677162856414,0.1875,0.0625,3.6056338006839908,-0.023740077409756758,2.1505376325875822,1.271999999817216
kabo2,0,1741,37.0,0.7987987987987988,0.6666666666666666,0.6735935752296753,0.8187328766069303,0.13513513513513514,0.02702702702702703,3.3383458604824465,0.2614696132423873,0.5312499994023437,0.8026315791694077
Flafes,1,1500,16.0,1.1666666666666665,0.6666666666666666,0.6226998485434964,0.5122037397137275,0.625,0.0,2.285714283755102,0.23169467377894667,0.6470588230726644,0.8666666667733333
CZA1980,0,1971,29.0,1.1264367816091954,1.3333333333333333,0.4142404716768363,0.37455407991147344,0.5172413793103449,0.0,2.3673469366738855,0.25174141298583735,0.9097744353001583,1.0550724637178324
Buneko,0,1758,32.0,1.0902777777777777,0.6666666666666666,1.1612462430477162,1.3545306773182646,0.09375,0.09375,5.095541396600268,0.25096980600588525,0.29478458026424176,0.27642276465119964
Halim05,0,1621,17.0,1.0588235294117647,1.3333333333333333,0.8654312173713833,1.443400619602244,0.29411764705882354,0.29411764705882354,3.148148145174897,0.32384720241737774,1.0105263148321328,0.5228758173302576
ErinLeighton,0,1769,27.0,0.7901234567901234,0.6666666666666666,0.9478594293068093,1.3825712434250568,0.3333333333333333,0.3333333333333333,3.374999995728516,0.34609801827019077,0.7916666657265625,0.8193277312996788
tarzan149,0,1723,37.0,1.0510510510510507,0.6666666666666666,0.8965421092020986,1.000513693738367,0.16216216216216217,0.02702702702702703,3.594285710866009,0.06999025178068748,0.2908950614940629,1.564593300742497
Chandalen,0,1552,33.0,0.7272727272727272,0.6666666666666666,0.6123724348537826,1.0450188916084926,0.5454545454545454,0.18181818181818182,1.8333333308125002,0.3646108140715356,0.6999999990812501,0.6722689079375749
dandonian,0,1758,39.0,0.6324786324786326,0.26666666666666666,1.3521403080939343,1.218212152081775,0.15384615384615385,0.02564102564102564,6.745945935280058,0.39189048677635036,1.5316804379864764,0.5268907568690594
pepitopp1,0,1235,70.0,0.25619047619047614,0.13333333333333333,1.9266729423513058,0.835666522725302,0.3,0.014285714285714285,16.13382893330662,0.07410171759688201,1.020514879350478,0.977941176555742
rmama,0,1228,29.0,0.7999999999999999,0.6666666666666666,1.2364204901092788,0.8851612404955387,0.2413793103448276,0.0,6.833333324791668,0.18944064346328154,0.2749999997164062,1.7733333319800002
MiyamotoMusashii,0,1677,18.0,1.6666666666666667,1.3333333333333333,0.8563488380638657,1.1644009894201126,0.2777777777777778,0.1111111111111111,3.1999999980799996,0.07949030821160988,1.2571428563131426,0.7307692309090238
Larionov_Pavel_Irk,0,1460,33.0,0.8311688311688311,0.9523809523809523,0.6434206719098117,0.8364445782258616,0.36363636363636365,0.0,2.864583329886882,0.44292667718896156,0.7682926820414189,0.7853128514848808
Benja_10a,0,1543,68.0,0.257843137254902,0.16666666666666669,0.8699416991737373,0.82577865235917,0.5,0.014705882352941176,3.619771849079211,0.13909426866547595,0.6008583669325278,0.9197080294959772
perriscal,0,1681,15.0,0.8977777777777777,0.9333333333333333,0.6563094416125881,0.7056350165546801,0.3333333333333333,0.0,2.821782175074748,-0.14801763296697387,0.2680412368439792,0.9285714286479592
CREB_GRAVIDEZ_Tagum,0,1950,32.0,1.1291666666666667,0.8,0.9274186698564839,0.7024842260580927,0.375,0.0,4.250922505460437,0.2975235739243518,0.5902503289316607,0.7597402599274751
Chess2challenge,0,1867,59.0,0.5920903954802259,0.26666666666666666,1.6781570745886965,1.67196974055083,0.2542372881355932,0.22033898305084745,8.782442733258662,0.5300263280027985,1.4727650700185653,0.15896296377596544
villa276,0,1671,41.0,0.5219512195121951,0.15,1.6287175173964148,1.9036861753562726,0.024390243902439025,0.17073170731707318,7.376168210167155,0.5516356524026038,0.8885909296153711,0.1522777141722631
newbie_2018,1,736,41.0,0.7544715447154471,0.5333333333333333,0.7851219439398304,0.7687434555895248,0.3902439024390244,0.0,3.357758616239178,-0.06155012276440389,0.45854700803555243,0.6372045224881143
Leo_GM_CXRE,0,1691,53.0,0.7211740041928721,0.4444444444444444,1.388281519019245,1.4314722248695868,0.24528301886792453,0.16981132075471697,7.395348826954705,0.46532110034224006,1.6909216881796554,0.34120734968828403
trimchevski,0,1686,24.0,0.9444444444444443,0.6666666666666666,0.7034271017905713,0.8495343091974773,0.5833333333333334,0.08333333333333333,3.529411760968859,0.19481217470795648,0.6428571422372449,0.8888888889999998
neochess23,0,1932,15.0,0.6222222222222222,0.4444444444444444,0.5714285705102041,0.5548193023562702,0.4,0.0,2.142857139413265,-0.07339198620461734,0.8571428558571429,1.7499999983124996
rob002,0,1515,36.0,1.0940170940170937,0.6153846153846154,0.8849186704188866,1.0462867193375405,0.3333333333333333,0.027777777777777776,3.2343749970435796,0.30401733076398596,0.6140350871941368,0.4222222225977778
rbraga18,0,1541,16.0,1.75,1.3333333333333333,0.9221388914272104,0.9737890080045702,0.375,0.0625,3.8095238073469386,-0.1791030037512272,0.5176470585723182,1.470588234961938
skyeblu7,0,1154,31.0,1.058064516129032,0.4,1.445314897762997,1.0210401201273567,0.12903225806451613,0.0,7.434959342566553,0.4088362769033029,0.5773310994654738,0.3955924859421726
Alexis12Red,0,1935,15.0,1.0222222222222221,0.6666666666666666,0.785020437721949,1.0604948906737295,0.5333333333333333,0.13333333333333333,2.608695649621928,0.3278631050084714,1.0666666656,1.137499999855625
treesann,0,1591,22.0,1.5959595959595954,1.3333333333333333,0.7157217688288672,0.65766398103952,0.2727272727272727,0.0,2.784810124837367,-0.1177309570037615,0.5070422532318983,1.0789473683696331
AmirKazuya,0,1955,33.0,0.9898989898989898,0.6666666666666666,0.814283156045163,1.249760500726986,0.3939393939393939,0.21212121212121213,2.6938775482990422,-0.033387585359520106,0.4360465112476338,0.7668845317976275
khaledsraheen,0,1429,44.0,0.20151515151515154,0.13333333333333333,0.836007726946903,0.9022734551758346,0.3409090909090909,0.045454545454545456,4.6315789243846455,0.1831953917997343,0.5519942996176599,1.1451612895499474
extdemon,0,1089,18.0,1.7777777777777777,1.3333333333333333,1.0231690959085238,1.2025067127148579,0.2222222222222222,0.1111111111111111,3.749999997890625,0.3494557349804736,0.5945945943053322,0.5483870969708639
lash180888,0,1568,16.0,0.7211538461538461,0.6153846153846154,0.8007773989480845,0.7501151695713562,0.5,0.0,3.4133333286001784,0.5361166629915218,0.5686813180415522,1.9999999979199996
David_mj,1,1870,35.0,1.1047619047619046,0.6666666666666666,0.660144472474064,0.9142455739827132,0.45714285714285713,0.08571428571428572,2.413793101263377,0.2086454959729887,0.6399999994624,0.944444444493295
Billhardt,0,1200,22.0,0.8295454545454546,0.625,0.8096110596151104,0.9889904518057303,0.3181818181818182,0.045454545454545456,3.6164383518048413,0.23445611786882095,0.7366666658317779,0.659090909431818
flyingsombrero,0,1737,16.0,1.625,0.0,1.3910108699151567,1.4500397890032743,1.0,0.5625,3.692307690035503,0.2364876472468369,0.0,0.8571428572244898
sillysmilez,0,1616,39.0,0.9675213675213674,0.5333333333333333,1.0738057954162423,1.1323653057467187,0.1794871794871795,0.0,4.547703175511651,0.408229007784499,0.36972111521747286,0.9170138889710103
RhaegarSunrider,1,1160,26.0,0.982051282051282,0.6333333333333333,1.1109376758816703,0.8630440168917489,0.23076923076923078,0.0,5.702349863645127,0.3426684751458736,0.6417785229084557,0.877450980509299
akj1088,0,1474,52.0,0.621301775147929,0.46153846153846156,0.7919664654104491,0.8697812286101003,0.11538461538461539,0.019230769230769232,3.4666666610869843,0.05626875538051228,0.7711598734270348,0.8750000001886161
michal1212corleone,1,760,30.0,0.7555555555555558,0.6666666666666666,0.8442764750241823,1.1818621904916318,0.5333333333333333,0.23333333333333334,3.529411760034601,0.375518633841671,0.7179487170788955,0.5454545459194216
pipeemarquez,0,1584,34.0,1.0980392156862746,0.6666666666666666,0.9974457165036791,1.3415744715352627,0.35294117647058826,0.23529411764705882,3.64285713953954,0.3181189005480998,1.1890243891128793,1.0740740740041153
sivajk,0,1640,24.0,0.6055555555555555,0.4666666666666667,0.6933133797691735,0.6898277615115257,0.16666666666666666,0.0,2.6422018304991166,0.0979027538714896,0.5952380943877551,0.9818181818479341
drakik,1,1497,24.0,1.0555555555555556,0.6666666666666666,0.955617110069859,1.102057556618807,0.08333333333333333,0.041666666666666664,4.210526311800554,0.35925642793999435,0.876288658980763,0.40740740780246903
Bela_Fera,0,1394,36.0,0.46249999999999997,0.3,1.0996527897755672,1.1437144820722434,0.19444444444444445,0.027777777777777776,4.540540530723156,0.25206529997734967,0.5551601412818987,1.5813953472147106
Cetin21,0,1613,24.0,0.6833333333333332,0.4666666666666667,0.6859688336510328,0.6878813810992228,0.25,0.0,2.536585362141583,0.34097124815529917,0.5289957560507373,0.5974025978731659
pauliebots100games,0,1346,20.0,1.5666666666666669,1.0,0.9349605331359754,1.1168381444336666,0.0,0.1,3.8297872315980075,0.05976999604036988,0.4761904759183673,0.38235294144896187
Lev_170917,1,1419,35.0,1.0285714285714285,0.6666666666666666,0.9210985261745533,1.4702040219401107,0.2571428571428571,0.3142857142857143,3.240740737590021,0.17147124964271124,0.966666665732222,0.5126984130534465
bekzat667,0,1314,24.0,1.361111111111111,1.0,0.6995565913636976,0.8107609014947176,0.0,0.041666666666666664,2.9387755080449813,0.19474852420999467,0.41860465089994586,0.6333333335533332
KXAVM,1,1746,17.0,0.9542483660130718,0.6666666666666666,0.7088958366782455,0.6455530592467597,0.17647058823529413,0.0,2.794520545016701,0.14645861074106098,3.147540979891427,1.9323671482990974
BhamMike,0,1230,34.0,0.5032679738562091,0.4444444444444444,0.7745531180063266,0.5837932685642832,0.3235294117647059,0.0,3.974025966129533,0.2272268847369045,1.111111108838384,0.6041666672975261
maspion12,0,1537,35.0,1.0742857142857143,0.6666666666666666,1.0268759024619052,0.8942650249081496,0.2,0.0,5.58510637777982,0.3111765606971574,0.44728915626274685,1.4989806314244851
RIEZCHESS,0,1309,20.0,1.5400000000000005,0.9333333333333333,0.9525678676980222,0.7411316477801547,0.15,0.0,4.24242423966942,0.2654847964148347,0.7117194178907195,0.7633587787614358
skd2000,1,1915,17.0,1.2549019607843137,0.6666666666666666,0.7918037155765268,0.8894815478876607,0.5882352941176471,0.058823529411764705,2.6562499978833007,-0.19717099017438358,0.32967032948013514,1.0074074074014816
len_len,0,1261,19.0,0.8370927318295739,0.5714285714285714,0.8582323699201888,0.8054005816671345,0.15789473684210525,0.0,3.2994011936632903,0.14984211836452724,0.8648648638831262,0.9108433735954854
bienjugado,0,1821,57.0,0.26120857699805067,0.2222222222222222,1.3344652454737032,1.4108404497102893,0.40350877192982454,0.3684210526315789,6.805970123198039,0.40578189512721646,0.5937921706768947,0.7368421061357342
kuhlname,0,929,35.0,0.38476190476190475,0.26666666666666666,0.7444859860693294,0.986055081153612,0.2571428571428571,0.05714285714285714,2.772277220517596,0.3055537395413489,0.5437908484256824,0.7898989903860423
MK14,0,1185,17.0,1.226890756302521,0.8571428571428571,0.8894152017711449,0.8040696034925737,0.35294117647058826,0.0,3.803652964936292,0.47040854135994237,1.3899613886465616,1.204301075084287
Vixific,0,1834,64.0,0.53125,0.4444444444444444,0.979934531874633,1.139422280974863,0.3125,0.109375,4.6013071808812,0.2446766440680847,1.2071005893482023,0.5773195882563503
Leopard24689,0,1043,18.0,0.8518518518518517,0.7333333333333334,0.6519419869816877,1.0709431096692148,0.2222222222222222,0.05555555555555555,2.973913039987146,-0.027612441876805793,0.21428571405612246,1.2549019604469434
captaindamien,0,1259,50.0,0.6676923076923077,0.3076923076923077,1.1618113801559822,1.1862016459073634,0.18,0.06,6.912442385960627,0.32967917937467517,0.6630244746184678,0.5174825180308329
dalaurent,0,999,24.0,0.39999999999999997,0.26666666666666666,1.11803398595481,1.4227643689513234,0.16666666666666666,0.16666666666666666,4.666666655,0.5341248744002328,0.17647058788494813,0.6000000008
jano2018,0,1819,21.0,0.5428571428571429,0.3333333333333333,0.9058477627822512,0.8893659968294525,0.2857142857142857,0.0,3.5614035022114496,0.26818002942234126,0.4604316539806427,1.1916461912577192
unhealthybullet,0,1687,32.0,0.6875,0.0,1.722481390357883,1.1515815084461705,1.0,0.71875,5.818181809719008,0.170755627334042,2.976190469990079,0.375000000625
artigasae,0,1749,40.0,0.93,0.6666666666666667,0.9528861056388244,0.9146762334497784,0.2,0.0,4.444444439665472,-0.05151448271012242,0.4030803903214238,0.8724832216048825
Milo1302,1,1230,56.0,0.503968253968254,0.4444444444444444,0.8269965931807599,1.2793361619303114,0.26785714285714285,0.16071428571428573,3.5275590481185444,0.38854657826792244,0.9207017525978654,0.5487804884982156
fefetidos,0,1541,32.0,0.7067307692307693,0.6153846153846154,0.784616542174664,0.9653973007826182,0.375,0.03125,3.265306117828682,0.1897511038324293,0.604651161998558,1.1304347824120982
Aliojintal,1,1798,18.0,1.2638888888888888,0.875,0.8247616958731904,0.723026304158258,0.2222222222222222,0.0,3.1648351623311193,0.2516192902170441,0.481249999663125,1.5999999993828573
moataz206,1,1454,38.0,0.6900584795321638,0.6666666666666666,0.5760218794353048,0.7674012793128765,0.23684210526315788,0.02631578947368421,2.2542372848688594,0.037414778974203575,0.9136546171859731,1.1851851848919752
Roman_Evdokimov,0,1856,27.0,0.3975308641975308,0.3333333333333333,0.8665876238874117,0.8512681938408382,0.18518518518518517,0.0,4.024844710372285,0.31473164580227786,0.6123046861366653,0.9880952381250002
Evgen-555,1,1377,41.0,0.5300813008130082,0.4,0.7275049314647847,0.6842883498119297,0.1951219512195122,0.0,3.7730061278515374,0.3569648902011766,1.0090090071000732,0.7168458785929012
aucten628,1,1424,23.0,1.439613526570048,0.6666666666666666,1.109272334268605,0.9673828004565336,0.21739130434782608,0.0,4.013422816004099,0.42673502207570246,0.5973451323865415,0.7489837399889264
goizrago,1,1293,27.0,0.8425925925925926,0.5,1.1678377211861546,0.7527487638471135,0.37037037037037035,0.0,5.637362630672142,0.02425720672007446,0.47619047570207573,0.7614285716766857
negroel,0,1085,18.0,1.5972222222222223,0.875,1.142047376463451,1.3383041080594031,0.16666666666666666,0.05555555555555555,4.3826086929082795,0.051951248250642665,0.3232323230756045,2.5937499982070316
jermichael,0,1794,33.0,0.8552188552188552,0.4444444444444444,1.0970626255042242,1.1382917993643569,0.21212121212121213,0.06060606060606061,4.67716534886174,0.10414632926414145,0.5897435891311639,0.6111535526936196
DrXzjavoer,0,1465,26.0,0.7846153846153847,0.8,0.4276428178328889,0.42217146739880596,0.46153846153846156,0.0,2.0392156836755095,0.04255775481784557,0.8469945344777392,1.2835820891395633
furkanozc,0,1958,32.0,1.0694444444444444,0.6666666666666666,0.9328075195358442,1.1661309839512435,0.15625,0.0625,3.948051944360263,0.31359366487068774,0.6470588229911023,0.6210526318661497
RamChebolu,1,1410,24.0,0.7564102564102564,0.5384615384615385,0.7809495605613396,0.7148649827597344,0.3333333333333333,0.0,3.457627114072968,-0.05818809087135755,0.8433734929191465,0.9344262295920454
evgeniy888,0,974,26.0,1.0236686390532543,0.6153846153846154,0.9282632296549859,1.080077286374071,0.3076923076923077,0.038461538461538464,3.9075144470498846,0.29696157019751873,0.3913669061819988,1.2763157891664652
Philosophy9417,0,1799,25.0,0.5866666666666666,0.4444444444444444,0.8080176729241145,0.868499346984266,0.16,0.04,4.166666659564395,0.2428665755817155,0.6315789463711913,1.3333333326666663
NAKAMURUS-HIKARULSEN,1,1939,31.0,0.632258064516129,0.13333333333333333,3.1991020948920017,1.853128185492444,0.22580645161290322,0.4838709677419355,14.551020385148897,-0.3225343810205858,0.09590409578337747,9.663461463489277
Neslisah2012,0,1767,38.0,0.7039473684210527,0.5,0.763672074395218,0.6541915445221432,0.18421052631578946,0.0,3.5514018641138962,-0.08273247489984774,0.8096385531243431,1.6749999987175002
kinitomes,0,1844,58.0,0.6790450928381964,0.46153846153846156,1.238817163357823,1.087364576078096,0.15517241379310345,0.05172413793103448,7.249999989323242,0.3560971814633232,0.8620414660713697,0.47976878669400924
Al-1976-D,1,1741,28.0,1.261904761904762,1.3333333333333333,0.45400790211252057,0.8501133350036301,0.4642857142857143,0.07142857142857142,1.5849056591213952,-0.13954261964019443,0.9409090901713326,0.9629629629917693
emanmodnar,1,973,23.0,1.0434782608695652,0.7692307692307693,0.99802566345528,1.2193280790294982,0.17391304347826086,0.043478260869565216,3.6858974323651172,0.5471284431670822,0.27573529391996926,0.6722222224826235
Ali_sama,0,1487,35.0,0.6133333333333333,0.5333333333333333,0.9071087796518997,1.2270227382786485,0.14285714285714285,0.02857142857142857,3.3695652118974486,0.35103225102207136,1.1206896532884962,0.5837520943357281
charlieangel,0,1392,17.0,1.3665158371040724,0.9230769230769231,0.8071323647291309,0.7924601327848901,0.29411764705882354,0.0,3.0397350971133066,-0.16037232123836653,0.4173441731991319,1.3481481478464197
shackleton1914,0,1832,19.0,2.0350877192982453,1.3333333333333333,1.117103013445911,1.5368263277786054,0.15789473684210525,0.21052631578947367,4.586206894298158,0.3975883199332918,1.047619047095238,0.5914285715861631
jdebiase3,0,1567,16.0,0.85,0.6666666666666667,0.7821047314398428,1.1857456338438703,0.125,0.0625,2.666666663529412,0.2351497822571136,0.4714285709655611,1.5499999991749998
blunder_master_04434,0,1243,30.0,1.0296296296296297,0.8888888888888888,0.7444913541393882,1.2787430080314106,0.36666666666666664,0.1,3.237410068798199,0.17773615764601186,0.6151515146230442,0.6352941179366782
ViktorMV61,0,1263,26.0,0.9846153846153846,0.8666666666666667,0.8432354389493675,0.7882394003522072,0.2692307692307692,0.0,4.197916662403158,0.26425875761460255,0.37777777747673613,1.3132530116802146
ahmatttttt,0,1149,51.0,0.7745098039215687,0.5,1.0449748501730916,0.9389533251542823,0.17647058823529413,0.0392156862745098,6.132911384486621,0.4269589688388517,0.9626865659284919,0.5730380734693477
Anish_Nitin,0,1797,42.0,0.8412698412698413,0.6666666666666666,1.0527219787156943,1.4066431202699217,0.35714285714285715,0.3333333333333333,4.7547169754802425,0.4277460988218854,0.5813953482287723,0.3250000005315624
herulputtra,0,1661,53.0,0.6121593291404612,0.4444444444444444,1.2533685123026232,1.0117545445672977,0.22641509433962265,0.05660377358490566,7.986301356816899,0.2265225253182764,0.8468660955306543,0.4571642355835459
Mukabwa,0,1719,21.0,1.1396825396825396,0.7333333333333333,0.9381771075374994,1.005662983152615,0.14285714285714285,0.0,3.8607242305957437,0.28689592025693095,1.4477419339427262,0.9347714433012978
Hacker_snowwolf,1,1657,18.0,1.3472222222222223,1.375,0.7996837502681493,1.4211802302298497,0.16666666666666666,0.1111111111111111,3.1546391729161436,0.10263443986689538,0.45569620225476687,0.8301886793606266
M_Ragab404,1,1023,25.0,1.139047619047619,0.7619047619047619,1.0151149050573043,0.9624670548683061,0.28,0.0,4.431438123199824,0.4404845912745893,0.6495633182709736,0.3201663205521717
sk-999,0,1943,20.0,0.9625,0.625,1.3097581258634674,1.5875590622294125,0.35,0.2,5.974025967819194,-0.09193828886545027,0.20833333315972222,3.2777777727160493
ZombieOne4,1,1549,25.0,0.7839999999999999,0.3333333333333333,1.4491312859217491,1.6036521529900092,0.12,0.08,5.8673469312916495,-0.0393657950994544,4.697802185605981,2.4273504241785373
chumbichess,0,1721,26.0,1.3076923076923075,1.3333333333333333,0.5380557930792218,0.7407508077170268,0.23076923076923078,0.038461538461538464,2.0392156847151095,0.42553855141125024,1.436842104072091,1.1249999998984377
sanjayvemula,0,1722,26.0,0.7128205128205127,0.33333333333333337,1.081938806496067,1.358977626618761,0.23076923076923078,0.07692307692307693,3.9280575484462505,0.14814774172826412,0.3745210723852846,1.2063492060298566
georgekannimelsamuel,0,1531,17.0,0.9725490196078432,0.8,0.6511815876590302,0.8513077526064935,0.23529411764705882,0.0,2.193548384841311,0.4142665655426204,0.21471471455512942,1.0114942528616724
skmtt,0,1887,32.0,1.0916666666666668,0.7333333333333334,0.9228436193304103,0.9917117283260463,0.0625,0.0,3.5419847295798608,0.07996942156405851,0.45528455245687094,1.2782608692748585
INES35SURCO,0,1836,30.0,0.9111111111111111,0.6666666666666666,0.640214865073261,1.003197818771882,0.5,0.13333333333333333,2.195121948810232,-0.04063883236888384,0.6764705875488755,0.8636363637758264
snagglepuss1,0,1659,56.0,0.58125,0.5,0.7218272887239107,0.6951469030335297,0.25,0.0,3.612903219590704,0.32803666787891955,0.7162783053673852,0.7690217394819233
PAPASOTE,0,1684,28.0,0.43095238095238086,0.3,0.7617700697304598,0.7766810195566344,0.10714285714285714,0.0,2.7845303802789907,0.3033539949120603,0.7448275845888228,0.8659793817334469
DRT7,0,1778,32.0,1.0625,1.0,0.8713916087206107,1.357055933739976,0.0,0.25,3.7647058788096883,0.3294457983102789,0.7954545447585226,0.5000000003529411
LowerMyTaxes,0,1403,19.0,1.6982456140350877,1.3333333333333333,0.6970622436873759,0.8288142037579861,0.3684210526315789,0.0,2.6694214860314354,0.41636163550217237,0.5879999996912999,1.3687499997407229
mewlut,0,1544,34.0,0.5882352941176471,0.4444444444444444,0.8341477487652137,1.3727002641524237,0.2647058823529412,0.17647058823529413,3.39999999422,-0.1599217441531939,0.5487012978675578,1.249999999521875
JuniorMarinho,1,1542,66.0,0.5606060606060608,0.13333333333333333,1.9476644029067034,1.9540339081362434,0.12121212121212122,0.22727272727272727,9.51351349654346,0.5531340551682519,0.7291028434184602,0.08610567603205024
Vitorcaaaampos,0,1907,19.0,1.894736842105263,1.3333333333333333,1.096508987798136,1.3491856203294306,0.3684210526315789,0.15789473684210525,4.222222219993827,0.3358406733080332,0.8333333329166669,2.3399999987939997
Saxypants,0,1733,35.0,1.0329670329670328,0.6153846153846154,0.9108768817632945,0.9655244646637638,0.2857142857142857,0.0,3.574468081645994,0.3959962221889089,0.36906377176240923,0.6185446012358038
srikanth1320,0,1434,20.0,0.7666666666666667,0.6666666666666666,0.7302679809224981,1.0193725016975508,0.0,0.05,2.6086956487712665,0.1686526895254629,0.6315789466204987,1.0294117646669552
pijagachess,1,1717,22.0,1.2424242424242427,0.6666666666666666,1.1359152207632894,1.4704661753784254,0.36363636363636365,0.2727272727272727,3.7560975579524087,0.1000030012327586,0.7857142851250001,1.04999999995875
Dash4cash,0,1113,39.0,0.7914529914529914,0.5333333333333333,1.2610024979500718,1.0137275581677148,0.3333333333333333,0.0,6.570194376147811,0.021721416862951527,0.3588516742548248,0.5563356168713848
ShriVivek91,0,1531,23.0,1.4021739130434783,0.75,1.5344138334875679,1.3517468591005808,0.13043478260869565,0.08695652173913043,7.488372087682711,-0.17504541926088557,0.269999999838,0.36865942059180057
azizhaoua,0,1647,31.0,1.0918114143920594,0.7692307692307693,1.0350669709739044,0.8044704788353678,0.22580645161290322,0.0,5.63636363120124,0.521165549510694,1.316239314923077,0.525265957775082
hrayr-chess,0,1532,19.0,1.0263157894736843,0.75,0.8055527208768977,1.0809899176975866,0.15789473684210525,0.05263157894736842,3.166666663581196,-0.2762237837133453,0.6124999994640624,2.9999999960000006
retadorV,0,1804,28.0,0.43809523809523815,0.26666666666666666,1.0276195237237806,0.8533105890679589,0.39285714285714285,0.0,3.8043478174031184,0.17618527819027494,1.137221266560973,2.1724137888585013
Carlosfermag,0,1287,23.0,0.736231884057971,0.4666666666666667,1.214424944428217,0.7461693856195185,0.21739130434782608,0.0,6.338582668555863,0.2758623303862874,0.4639999994431999,0.5117586917007759
BarakSaltz,0,1950,34.0,1.0980392156862746,1.3333333333333333,1.3324827206563195,1.3101615767754704,0.47058823529411764,0.4117647058823529,7.28571427907908,-0.06388310004268986,0.9599999991360001,2.499999997609375
RiyanChamp,0,1938,23.0,0.8115942028985507,1.3333333333333333,0.9367769308889001,1.220258190891887,0.5217391304347826,0.43478260869565216,3.2857142816658165,-0.10481871507263683,0.599999999325,0.916666666764881
salihhubeyb,0,1554,29.0,0.4298850574712644,0.26666666666666666,1.1793596002526625,0.8898991612560792,0.2413793103448276,0.0,5.427807474004833,0.34871391749854913,0.5428571416938776,0.4302083342681479
niorrn,0,1028,22.0,0.3333333333333333,0.0,1.5666988989011834,1.2751215287370734,1.0,0.6363636363636364,5.999999982,0.038346487236203444,0.26666666602666667,1.1999999993400001
Misaseka,0,1777,53.0,0.4427672955974842,0.4,0.6816287600272907,0.5911789516647415,0.20754716981132076,0.0,3.3124999925186436,0.06904335895503964,1.2727272696900824,0.9629629630450337
zerin,0,1821,31.0,0.6666666666666667,0.6666666666666666,0.9158109384055346,1.2351205630439495,0.5161290322580645,0.2903225806451613,3.9999999939999995,0.3270437373465138,0.5303030296401516,0.8789062501702883
gurprinder,0,1341,29.0,1.2873563218390802,1.3333333333333333,0.5595871287079064,0.7021575113213324,0.41379310344827586,0.034482758620689655,2.5892857122743944,0.4053108158999572,0.8130081294864168,1.0769230768609463
WalledMahmoud,0,1060,18.0,0.7185185185185187,0.5333333333333333,0.6402551560253866,0.640658242144965,0.3333333333333333,0.0,2.2268041206121794,-0.13592276219183713,0.9027777765552663,1.3658536579342653
vishwanand22,1,1844,44.0,0.9300699300699299,0.46153846153846156,1.8945428929179498,1.0408735401682696,0.13636363636363635,0.022727272727272728,12.571428557911926,0.24469910504732775,0.39574468048984157,0.5200000003922286
trinx,0,1619,43.0,0.6682170542635658,0.5333333333333333,0.847785789789168,0.998932952322699,0.16279069767441862,0.0,3.491879345122362,0.442051668810232,0.21289537685700716,1.0621657753050782
toanabc123456789,0,1998,25.0,1.0133333333333332,0.6666666666666666,0.6740130769593659,1.118858064595417,0.36,0.16,2.631578944771468,-0.21501852099347646,0.8657407399230966,1.2692307689278848
Ivanpino,0,1591,16.0,1.2833333333333332,0.8,0.9004224934107333,0.8468989121346485,0.125,0.0,3.220779218269523,0.25726828492788895,0.4736842102057775,1.5666666661
Mangesh930999,0,1674,32.0,0.9166666666666666,0.6666666666666666,0.6492207655229274,1.070607181573913,0.4375,0.15625,2.1818181794380167,0.09909328847579305,0.657142856495102,0.7600000002303999
dr4xxxxx,1,1420,18.0,1.4074074074074074,0.6666666666666666,1.1152431623874373,1.1269775884814646,0.5,0.1111111111111111,4.263157891707756,-0.1772739745413017,0.8171428566035429,0.26666666699666663
Ronaldo7QC,0,1518,43.0,0.7906976744186046,0.4444444444444444,0.9473742905228051,1.0176565995176956,0.2558139534883721,0.046511627906976744,4.777777771735295,0.3904102797372037,0.7292110865384591,0.6329051387169913
David_mj,1,1864,33.0,0.8484848484848485,0.6666666666666666,0.9331389485319159,1.414531619650123,0.2727272727272727,0.3333333333333333,3.142857139153061,-0.12156907509853429,0.43076923030532555,1.6941176459482354
Tshreyan,1,1500,16.0,1.2166666666666666,1.0,0.8051951779511051,0.768891586689621,0.125,0.0,3.1780821891686997,-0.04031355884187175,1.3688888876340741,1.3548387093340268
Piero8Silva,1,1760,23.0,1.2173913043478262,1.3333333333333333,0.6784669922414975,0.9518863479246048,0.30434782608695654,0.08695652173913043,2.7380952358460884,0.6205698923213913,0.7199999994445713,1.8333333323511907
zkaufman,0,1425,43.0,0.8914728682170543,0.7333333333333333,0.7694310854580546,0.880301181165728,0.11627906976744186,0.0,3.1408695616941547,0.23741751908875794,0.6613778698802045,0.5533216787082267
Nimzowitch2010,1,1798,22.0,1.6666666666666659,0.8888888888888888,1.3349989588323867,0.9072673772371631,0.3181818181818182,0.0,6.133333329653335,0.3202789646900921,0.36538461518435655,0.4473684212925901
Milo1302,1,1226,15.0,1.0222222222222221,0.6666666666666666,1.1387652905128423,1.2032446202070366,0.26666666666666666,0.06666666666666667,4.347826082703214,-0.17929868473783142,0.6779661010744037,1.4471153840736872
gelmore,0,1787,26.0,1.1846153846153846,0.5333333333333333,0.970402108292596,0.9961170302914113,0.3076923076923077,0.0,3.6017315986911784,0.3121014074110042,0.7407407401528512,1.9615384603365384
brandlez,0,1378,29.0,0.7267904509283818,0.46153846153846156,0.9911430444520136,0.8499796308773985,0.10344827586206896,0.0,4.445255468336274,0.06213599332745992,0.6148648641087473,0.5196969701936468
irradiante,0,1745,19.0,1.1228070175438596,0.6666666666666666,0.7221387498750541,0.8008713079612733,0.5789473684210527,0.05263157894736842,2.9687499973559572,0.2255774744706261,1.3333333320000003,0.9000000000843751
DMagnusH1993,0,1629,36.0,0.7222222222222222,0.6666666666666666,0.7653749505607271,1.2495680157491484,0.3888888888888889,0.2777777777777778,2.76923076539645,0.21887152283987293,1.15555555388642,0.5000000005192308
maaziokunammiri,0,1235,20.0,1.7333333333333332,1.6666666666666665,0.7029102643059005,1.2964758109770111,0.3,0.15,2.3076923063609467,-0.23837856529788598,0.55714285687125,0.7931034483828776
asdf1408,1,1020,23.0,0.9326086956521739,0.55,1.0152204248239374,0.8522886930243013,0.21739130434782608,0.0,4.6107226057787125,0.24070737868066938,1.011111110022222,1.330476190060735
mageto,1,1585,48.0,0.5527777777777779,0.26666666666666666,0.9760522318148936,1.0528845092696977,0.14583333333333334,0.0,3.3768844160016154,0.532384794705805,0.8297577840459168,0.36769759528394796
GalaxyTheGOAT,0,1958,46.0,0.719806763285024,0.4444444444444444,1.3490600652565492,1.5693435142978833,0.15217391304347827,0.21739130434782608,7.718120794646639,0.34654126159692605,0.9576612890019349,0.5851063834355478
nandmann,0,1813,16.0,1.75,1.3333333333333333,0.8397710513557688,1.211047845026221,0.25,0.125,3.428571426612245,0.12146068833317707,0.45622119795800514,2.230769229633136
Omar_Shirov,1,1910,23.0,0.9971014492753624,0.6666666666666666,1.0236191205236258,0.9662095100903892,0.34782608695652173,0.0,4.145348833051903,0.38890393932418565,1.174603173344671,0.7087628868456399
Nippur1957,0,1543,44.0,0.7333333333333333,0.4,1.1875259481149087,1.159183293702321,0.11363636363636363,0.045454545454545456,5.636363628677687,0.22467462162174137,1.070935051480009,0.42352941232422153
z-rick,0,1724,18.0,1.1851851851851851,0.6666666666666666,0.7395099722634905,1.0414738966736354,0.4444444444444444,0.1111111111111111,2.8124999976269534,0.14389847189447666,0.9090909083471075,1.0
Ruy_Saraiva,0,1543,21.0,0.7428571428571429,0.4,1.086243750012433,0.7580976670805869,0.19047619047619047,0.0,4.846153839630178,0.2024492091326729,0.506930692467013,1.8181818166083914
R-STORM61,1,1990,20.0,1.246153846153846,0.7692307692307693,1.1144668110646876,1.3586005189838828,0.15,0.05,3.703703700731596,0.1069907866392535,1.118644066872307,0.9058823530131488
eugenedubois,1,1524,29.0,0.6130268199233716,0.4444444444444444,0.93106122095801,0.6383030593178219,0.3448275862068966,0.0,5.074999991721407,-0.009348836516206294,0.7628205116982867,0.9333333334383334
NoFinalTePego,1,1084,22.0,0.6363636363636364,0.0,1.5304913004509613,1.4944003548921614,1.0,0.5454545454545454,5.238095229863946,0.3693224298248051,1.3131313108034897,0.40000000066
Mikhail31387,0,1282,39.0,0.4478632478632477,0.4,0.91073532938293,0.6464735914583911,0.2564102564102564,0.0,5.656488536988376,0.25560711950264947,0.5833333322395835,0.7547945210266002
Antonellaa,0,1165,20.0,1.1777777777777778,0.8888888888888888,0.6145848098518555,0.5792168848621361,0.35,0.0,2.264150941473834,0.5530100049655776,0.5902777773074002,0.7096774195655565
Codewhy123,0,1917,31.0,1.1182795698924732,0.6666666666666666,1.1167100867674016,1.166074482524442,0.45161290322580644,0.16129032258064516,5.96153845620747,0.27768720203538955,0.9198606263700179,0.5397727275865184
Dpietro,0,1209,35.0,0.6228571428571428,0.4,1.0043718537925839,0.7947936682547685,0.11428571428571428,0.0,5.351681948594395,0.47966625733977086,1.1025641007264957,0.6074818542159852
Flintern,1,1577,39.0,0.8547008547008546,0.6666666666666666,0.5571355304355162,0.9552036415729274,0.48717948717948717,0.1282051282051282,2.3399999972622005,0.29506881860063916,0.7905405396752192,0.8092592594605964
yosoycampeon,0,1684,34.0,0.9738562091503269,0.6666666666666666,1.0084325321793923,0.9348695726734072,0.2647058823529412,0.029411764705882353,4.563758384575469,0.04916286951663444,1.1126126114398587,1.0135135134995437
Jacuru,1,1085,27.0,0.831275720164609,0.4444444444444444,1.1214810869395349,1.6555645557674774,0.18518518518518517,0.2222222222222222,4.009900985275219,0.662671399020875,0.5377777771862223,0.11349206406829364
knightfortk1,0,1613,23.0,1.507246376811594,1.3333333333333333,0.4558949839717505,0.3761223379895749,0.6521739130434783,0.0,2.6538461520854293,0.07190216421525607,0.6545454541438018,0.9166666667195514
Clasher_69,1,1192,20.0,0.7300000000000001,0.3333333333333333,1.069887470312863,1.2654570095282294,0.25,0.05,4.200913236254457,0.34481440553016224,1.2152777760054978,1.6071428560586736
carneasada,0,1819,24.0,1.472222222222222,1.0,0.7506968396439704,1.0297177212419713,0.0,0.08333333333333333,2.7169811302299753,0.3904480235526373,0.613636363259814,1.2083333331770836
pankajvir,0,1692,23.0,0.9855072463768113,0.6666666666666666,1.092246624554864,0.8130057315127711,0.13043478260869565,0.0,5.4117647003910045,-0.08589673953045629,0.679186227879345,0.8474842768720035
Gancius80,0,1424,51.0,0.6274509803921569,0.6666666666666666,0.826009482083506,1.181505690395108,0.5490196078431373,0.27450980392156865,4.249999993226562,0.2546407873773877,0.7499999988750001,0.5272952859316218
Farzadman20,0,1545,74.0,0.33590733590733585,0.19047619047619047,0.8209700746065203,0.6284452509143701,0.4189189189189189,0.0,5.3869731640395475,0.23403984237473324,1.252800593565555,0.9051094893201821
sts_p,0,1616,18.0,1.2222222222222219,1.0,1.0794856433929592,1.2096834464694624,0.0,0.16666666666666666,4.909090905074382,-0.03563185903612585,2.5789473655706368,0.7368421054501387
emre2006,0,1753,50.0,0.7644444444444445,0.4444444444444444,0.7911250544615657,0.7255484210555041,0.24,0.0,3.488372088459978,0.12310291085131803,0.6157407400095488,0.8494623657734999
nabildon,1,1829,27.0,0.908641975308642,0.5333333333333333,1.0701692785787544,1.0246040369607574,0.25925925925925924,0.0,3.8152173871055353,0.2498337569508694,0.5666666661431159,0.5193704604455565
WhiteCat79,0,1296,55.0,0.45575757575757575,0.2,1.27513768404875,1.3360875273629982,0.10909090909090909,0.05454545454545454,6.289893603220313,0.5090503125229392,0.5894568678513866,0.2816642130763289
mpinis,0,1353,19.0,0.6215538847117794,0.47619047619047616,0.6392877790555465,0.6875351962417083,0.3157894736842105,0.0,2.6048387054865705,0.08563589933584703,1.0317460300694443,0.9000000001524191
Volodya9009397374,0,1777,26.0,1.034188034188034,0.4444444444444444,1.0269571920920813,0.8942615625276735,0.2692307692307692,0.0,3.6528925584513354,0.07455381807616102,0.36775362293657454,1.3725490191805076
MERZOUGA,0,1089,21.0,1.2380952380952384,0.6666666666666666,0.8018715773580721,1.2905987748679846,0.3333333333333333,0.19047619047619047,2.6923076901331355,0.06736773417804146,0.6896551719143876,0.7024793390458303
Prikaz,0,1545,36.0,0.670940170940171,0.46153846153846156,1.3556408726293891,1.1189944236435243,0.08333333333333333,0.05555555555555555,8.254777057760396,0.42594776136491214,1.6483516454081633,0.6526315793751801
Milo1302,1,1231,22.0,0.9494949494949495,0.7777777777777777,0.7638860873238325,0.7403029800175175,0.18181818181818182,0.0,3.2765957412299684,0.11244211261494778,0.6974358967518738,1.4736842099092797
maiwashe,1,966,16.0,1.3416666666666668,0.9333333333333333,0.8981761623057739,0.877606953590424,0.1875,0.0,3.378881985059218,0.16292480240423632,0.5454545450826446,1.2361111109143519
Noegomez,1,1021,54.0,0.6666666666666665,0.5238095238095237,0.9412042576595331,1.4095655451164972,0.2037037037037037,0.09259259259259259,4.999999992500001,0.013771228719882622,0.7492260051203022,1.010638297856298
HereComesTheHotPeppa,0,1512,24.0,1.51875,1.0,0.9860898668350107,1.473343972357972,0.25,0.041666666666666664,4.115226334738945,0.2430420825323875,0.3237082065098253,1.07692307687048
yaf2011,0,1704,22.0,1.575757575757576,1.0,1.0483856278299868,0.8995474066938092,0.0,0.045454545454545456,5.076923073701183,0.28131644313144294,0.4166666664583333,1.3636363633636364
Chepeajedrez,1,1844,49.0,0.6639455782312925,0.4,0.8329458013185854,0.7711206684813104,0.12244897959183673,0.0,4.217213108402353,0.2871928611736413,0.25991561145243824,0.775111111410963
clockwisedragon,0,1291,31.0,0.7240143369175627,0.4444444444444444,0.9057106225929462,1.2183964730614887,0.1935483870967742,0.0967741935483871,3.3762376190991574,-0.10540093647049766,0.4076086951537394,1.4903846145358728
Elbro_Z,0,1582,18.0,1.096296296296296,0.5333333333333333,1.0220362369698475,1.353690230097617,0.2777777777777778,0.05555555555555555,3.2837837807884407,0.2587300141592726,0.18840579696833648,2.148936168562698
Gambitsbuster,0,1949,20.0,0.9666666666666666,0.6666666666666666,0.8005646037403746,1.0810185234418201,0.5,0.15,3.448275858501784,0.575002123294103,0.37333333301973337,1.6363636354958682
irradiante,0,1763,21.0,1.0793650793650795,0.6666666666666666,0.5867628624934402,0.45557947901399326,0.6190476190476191,0.0,2.4705882330051896,-0.07440427022545609,0.5517241374744352,0.8080808082407406
Amro619,0,1888,51.0,0.6666666666666665,0.6666666666666666,0.94971615844306,1.306077791390883,0.43137254901960786,0.3333333333333333,3.999999994000001,0.4855382514543991,1.1382113803648626,0.2958579888427401
yaron321,0,1598,20.0,1.7,1.3333333333333333,0.8810447813900117,1.3005544708134353,0.25,0.15,3.13725490011534,-0.272755244340085,0.8906249994990234,1.3181818179648757
luisuma,1,1222,15.0,2.355555555555555,1.3333333333333333,1.2178218533022398,0.7338596900732115,0.26666666666666666,0.0,5.377358488283197,0.25125654492976585,1.885714284582857,0.4500000001650001
korotkov88,0,1478,28.0,0.8650793650793648,0.6666666666666666,0.8162044554707485,1.1356514133409754,0.21428571428571427,0.07142857142857142,3.0825688037761143,0.2775247648526779,0.3096774190851196,0.2674418610017577
fcampora,0,1353,15.0,0.8266666666666667,0.5333333333333333,1.0604353179377861,1.0094764399463936,0.06666666666666667,0.0,4.354838704409469,0.3016186864397352,0.3249999996953124,1.017441860443821
yasseen281,1,1877,23.0,0.4280936454849499,0.3076923076923077,0.608372571514248,0.4998140641700144,0.4782608695652174,0.0,2.874999993284179,0.19913450674966265,1.2822299619043087,1.5277777762054396
Miron1975,1,1852,31.0,0.7526881720430106,0.6666666666666666,0.7951382875193591,0.7813261476619816,0.3870967741935484,0.03225806451612903,3.0999999958814293,0.23308135538893238,0.47916666611562503,0.937500000080357
SwagyDogster,1,1371,20.0,1.5666666666666667,1.3333333333333333,0.8433157944662415,1.2623609351156728,0.2,0.15,3.404255316976007,0.14151159440153135,0.40833333311895836,0.8076923078032545
RobertAronov,0,1945,39.0,0.5282051282051281,0.4,0.7014969012275194,0.6023530462893985,0.3076923076923077,0.0,3.533980575833727,0.1455887330419545,0.7279352213900735,0.9812500000351563
Nakamura_99,1,1582,44.0,0.6863636363636363,0.3666666666666667,1.1907829862106254,1.2088020245467457,0.11363636363636363,0.022727272727272728,5.342163347625105,0.2982341854388021,0.4501915702990818,0.3895705527651587
Mohamednabil56,0,1395,55.0,0.5042424242424242,0.4,0.7370993531572964,0.8340777255423761,0.09090909090909091,0.01818181818181818,3.9663461459802036,0.6546328353504977,1.3677419325719042,0.364001893000499
imbetterurbad,0,1775,24.0,1.4074074074074074,0.8888888888888888,0.977233927075499,0.8944331707637961,0.2916666666666667,0.0,3.4736842080581716,0.5574165339591991,0.6997578687957381,0.6344086023628166
Hassan71,0,1781,22.0,1.1212121212121213,0.6666666666666666,1.1808676894848193,0.9549174476242611,0.5909090909090909,0.09090909090909091,5.945945940642805,-0.0011651985579868153,0.6222222217244443,0.6818181820568182
skd2000,1,1943,21.0,1.5238095238095237,2.0,0.5253966751934789,1.0273882160224266,0.38095238095238093,0.09523809523809523,1.7499999988515624,0.2581112916184879,0.6399999996160001,0.7070707072334455
Hamid_sc,0,1677,49.0,0.6557823129251701,0.5333333333333333,0.7963346401729026,0.9176898534811141,0.32653061224489793,0.02040816326530612,3.0497925264697145,0.530008727455186,1.2642857122538271,0.45073170791992867
LoBajaronADiego,0,1885,30.0,0.9777777777777779,0.6666666666666666,0.6030226885387995,0.9142030775989957,0.4666666666666667,0.1,2.7272727244834707,-0.16645351623883425,0.7499999992968749,1.3157894733102493
Riyad_16_8_1986,0,1158,23.0,1.315217391304348,0.5,0.9449718462400802,1.1450506983706943,0.391304347826087,0.043478260869565216,3.2314049562207496,-0.04647056697415249,0.227678571290338,2.780555552944074
CHESSSBOSSEMPEROR,1,1620,16.0,0.9821428571428571,0.8095238095238095,0.753248245238444,0.8360759777538994,0.25,0.0,3.2969696936127826,0.26058512986442706,0.4977477472886763,1.2916666663263887
Zamoadop,1,954,15.0,2.0,1.3333333333333333,0.9340385338232394,1.3765934593889344,0.2,0.06666666666666667,3.222222220611111,0.2350759357356099,0.8214285710325256,0.6015625001568846
opus_2,0,1520,54.0,0.5740740740740741,0.3333333333333333,1.0020790025776087,1.31872161039086,0.14814814814814814,0.037037037037037035,3.251612897561707,0.6565472325852079,0.5320699700310882,0.21727748774084454
scroca,1,1601,21.0,1.365079365079365,1.3333333333333333,0.698449181706076,1.1728172329939464,0.42857142857142855,0.14285714285714285,2.4418604633274748,0.2433580862113413,0.4571428568685715,1.2626262624074078
Badmirror,0,1854,23.0,0.6376811594202899,0.4,1.02980379900372,1.1234448988967154,0.08695652173913043,0.043478260869565216,4.390909084023346,0.5949631912404213,1.0046511612136286,2.5603448231472945
Svelazco24,1,1635,23.0,1.1207729468599033,0.8888888888888888,0.7566589047556256,0.6114954369872068,0.34782608695652173,0.0,2.9741379283808342,-0.201318183600897,0.45436893168151576,1.1683006534314206
Chaischess,0,1774,17.0,1.803921568627451,1.3333333333333333,0.6048012058927105,0.913681882437359,0.47058823529411764,0.058823529411764705,2.21739130311862,-0.2761269901128171,0.4459459457470782,1.3827160491275723
AlexisBaltazar,0,1756,17.0,2.156862745098039,1.3333333333333333,1.1783164900733007,1.4804213540877111,0.11764705882352941,0.17647058823529413,4.6363636342140495,0.12121226510106854,0.6390977441086266,1.439153438902494
manojak1972,0,1400,18.0,1.740740740740741,1.3333333333333333,1.0842716850146445,1.1921946107449064,0.2777777777777778,0.1111111111111111,4.595744678210955,0.1638927722661607,0.3499999998424999,0.5161290324687825
Zionchik9,0,1451,22.0,0.6666666666666667,0.4,0.9667189104087177,0.7583181116612883,0.2727272727272727,0.0,4.5999999931,0.017327949209532886,0.564356434847319,2.437499996293945
DankDuce,0,1373,36.0,0.882716049382716,0.4444444444444444,0.7971721246263718,0.9276326788757927,0.3333333333333333,0.027777777777777776,3.272727269019708,0.13114270717327423,0.8999999990059092,1.042857142807551
coryhuffer,0,1408,20.0,0.3969230769230769,0.15384615384615385,1.2777536066771074,1.1697339317606068,0.1,0.0,4.496124019680308,0.19188472917619342,0.9780219755769228,1.1864406774525997
aein95,1,1664,50.0,0.6729999999999998,0.42500000000000004,1.0249595771682969,0.9283002830867669,0.2,0.0,4.903417526146483,0.2953691936389422,0.23336631186680884,0.7345360828163195
Lanabean,0,714,50.0,0.7413333333333333,0.5333333333333333,0.7996298496284996,0.9028884297298669,0.32,0.02,3.2374100675754365,0.34461204752322383,0.788091888335188,0.5274725279593346
OtavioOivato,0,1500,17.0,1.9607843137254903,1.3333333333333333,1.834557166339356,1.5241689498485909,0.29411764705882354,0.23529411764705882,8.1599999958384,0.22308531087897465,0.32727272713884303,0.22222222245555556
ramz45,0,1831,26.0,1.205128205128205,1.3333333333333333,0.6140795607526494,1.040234139381452,0.3076923076923077,0.11538461538461539,2.2127659556106836,-0.19381988849206047,0.7894736835872576,1.1363636362427687
TonyDanyAnna,0,1381,22.0,0.5555555555555554,0.4444444444444444,0.7977240337815628,0.6407625647576812,0.2727272727272727,0.0,3.5999999935200013,-0.1947803682928632,0.4958333325430991,1.74999999814375
itachisan127,0,1715,48.0,0.8493589743589743,0.3076923076923077,1.4376863243993967,1.1043952286730954,0.20833333333333334,0.020833333333333332,6.701886784562308,0.38969411323644926,0.5672268901366428,0.24413145595265484
jorgerocstar,1,1051,33.0,0.9898989898989901,0.6666666666666666,0.7972255087711542,1.2453973654978092,0.3333333333333333,0.21212121212121213,2.6938775482990414,0.363537405146539,0.4487804874272457,0.45632798613514824
RioDonDiego,0,1977,23.0,0.685990338164251,0.4444444444444444,1.1538985418820802,1.1816022693056782,0.2608695652173913,0.08695652173913043,4.535211260994447,0.1001314195550271,0.7322033888252801,0.5625000004921874
zad38,0,1724,27.0,0.9382716049382717,0.6666666666666666,0.7797648618020429,1.1581070477968805,0.4074074074074074,0.18518518518518517,3.552631575161011,0.31374800496652133,0.9675925915712449,0.9285714286447366
Jallaerra,0,1260,22.0,1.2900432900432899,0.8095238095238095,0.9757890732358542,0.9309857520108441,0.13636363636363635,0.0,4.429530197908653,0.3548135740256,0.6307053937512095,0.432692308007327
asvan,0,1696,26.0,1.3846153846153844,1.3333333333333333,0.7777777772160496,1.1034992789326672,0.3076923076923077,0.11538461538461539,3.3703703679362147,0.21543915312173484,0.41666666640624994,1.5714285708979592
Abdullahegg,0,1902,20.0,0.9076923076923077,0.6153846153846154,0.8657351033934874,1.1734977915881604,0.3,0.05,3.2203389795030164,0.3103405319930306,0.4992319503912509,1.0701754385164663
anvepive,0,1766,21.0,1.5767195767195765,0.6666666666666666,1.8519355620647666,1.4162794917513697,0.2857142857142857,0.09523809523809523,8.738255028015,0.1355995145430177,0.1992753622213689,1.5993265988271608
anv12,0,1199,15.0,0.4874074074074075,0.26666666666666666,1.1059987953867518,0.9260238465252384,0.13333333333333333,0.0,4.60486321243683,0.19611880699317819,0.25392156831378315,0.36584051810241486
sovon92,0,1381,17.0,2.1176470588235294,1.3333333333333333,1.1181873431349691,0.591107280393179,0.5294117647058824,0.0,5.351851849324588,0.1750176359817012,0.685714285420408,0.5228758171618608
JulianKYMak,1,1242,47.0,0.5503546099290779,0.4,0.8715304395426937,0.84252095616185,0.14893617021276595,0.0,4.845360815938198,0.42033872119066984,0.9452091750966972,0.4554816230210095
andresserdna,0,1911,38.0,0.9122807017543857,0.6666666666666666,0.8937653866066227,1.2654483327390411,0.3684210526315789,0.23684210526315788,4.384615379809173,0.46140991423388533,1.0740740728760683,0.7931034484791912
davidcaballerocr,0,1679,22.0,1.5757575757575757,1.3333333333333333,0.9334354686008274,1.0536034578607463,0.3181818181818182,0.09090909090909091,4.653846150892751,0.3516836695912218,0.44850498315402143,2.2499999987109374
usama1990,1,1871,47.0,0.8477905073649753,0.6153846153846154,1.0312133438363869,1.3876128735972795,0.14893617021276595,0.0851063829787234,3.9922779875689547,0.3851072560304459,0.562731385664965,0.47639691760083985
wankrupt,0,1423,26.0,0.9230769230769231,0.6666666666666666,0.6961091151426411,0.9582111875118026,0.5769230769230769,0.11538461538461539,2.888888885759259,0.5449709094525778,0.7264957257832019,0.5652173916729678
saankrit,0,1805,27.0,0.41975308641975306,0.3333333333333333,0.732063489366745,0.726921199278813,0.3333333333333333,0.0,3.335294109701211,-0.1943384349400342,0.7070610671640275,1.294768610860444
bubael,0,1850,43.0,0.7751937984496123,0.4444444444444444,0.9565214743918745,0.794333150255257,0.13953488372093023,0.0,4.586666660749867,0.2678530583304947,0.39669421444327574,0.6363636367454545
Sajithraa,0,959,23.0,0.6782608695652174,0.4,0.8072286451768702,0.7835837452508901,0.17391304347826086,0.0,3.1452991406618453,0.15464653785141455,0.41015624951934804,0.733333333671795
Gdslbr,0,1462,20.0,0.9666666666666666,0.6666666666666666,0.5549474800959536,0.7005240207059308,0.55,0.05,2.758620686801427,0.17194190504977766,0.9333333324,1.2307692305029587
Anton12345678910,1,1316,30.0,1.1555555555555554,1.0,0.7133552682669583,1.0946663744895802,0.0,0.13333333333333333,2.884615382119083,0.4856589367942782,0.6877076406442478,0.575757576046832
batorres,1,1164,28.0,0.9142857142857144,0.4666666666666667,1.1540425612592315,0.9399658143587251,0.32142857142857145,0.0,5.104166661083984,0.1977968007265832,0.7161290315303852,1.1098901097633136
tom_2600,0,1579,35.0,0.8190476190476189,0.6666666666666666,0.763945523078007,0.8319833608404028,0.17142857142857143,0.0,3.255813949513251,0.23417250773822448,0.4791666661861072,1.286935286533262
DataNerdIsCool,0,1297,22.0,1.3636363636363635,1.3333333333333333,0.6162410939419586,0.7880401021684723,0.4090909090909091,0.045454545454545456,2.444444442651852,0.26581664929924376,0.7792207786894925,0.800000000132
unremarkable_pelvis,0,1500,34.0,0.7266968325791856,0.5230769230769231,0.9423692867717492,1.0551180736516468,0.17647058823529413,0.0,3.5566625106723384,0.7118238755027686,0.6827445643129402,0.33833333394261805
zechla,0,1474,75.0,0.4782222222222222,0.26666666666666666,1.9466708740984757,1.6310498567385916,0.18666666666666668,0.24,15.33457245864053,0.07278884828518549,2.2619680794213832,0.20084965877118724
MissDiamonds,0,1027,21.0,1.1746031746031746,0.6666666666666666,0.8563772705009143,1.2655388334059674,0.3333333333333333,0.19047619047619047,3.4054054025062084,-0.45781489837739187,0.9916666658237497,1.4935064929777369
Kir1111111,0,1573,45.0,0.4962962962962962,0.26666666666666666,2.3322393934716916,0.8400956615136926,0.37777777777777777,0.0,16.119402952595237,0.08674969593601377,0.4522968190208394,1.930278101425456
kingindisguise01,0,1541,27.0,1.259259259259259,1.3333333333333333,0.7935727972069888,1.1757847636410228,0.25925925925925924,0.14814814814814814,3.176470585712803,0.07127192113678478,0.45454545423553727,1.439285713857411
Mysteron97,1,1751,24.0,0.9038461538461539,0.5384615384615385,1.0133409167858725,0.935860632370623,0.2916666666666667,0.0,4.2553191442281575,0.017168969556357917,0.6649999993156043,0.9859154929732198
thakrar_sneh,0,1313,19.0,1.0526315789473684,0.0,1.2884098714485233,1.2767162760742503,1.0,0.5789473684210527,3.79999999639,0.298407467911389,2.285714283102041,0.6000000003
OSTA95OSTA,0,1773,15.0,1.8370370370370372,0.8888888888888888,1.32694990254668,1.6878890105100168,0.13333333333333333,0.13333333333333333,4.3548387073068415,0.15836444137972214,1.4085365845155786,1.0285087719140695
abuelo1406,0,1636,25.0,0.6646153846153845,0.46153846153846156,0.9298988824352014,1.0479900970113538,0.16,0.04,3.4722222169978143,0.1512851589036911,0.7800632900481392,1.2923076918010257
Mc-SergioBorTo,0,716,48.0,0.7467948717948718,0.6153846153846154,0.7061488038937934,0.9994869666224537,0.4166666666666667,0.041666666666666664,2.678111584396692,0.11742731149122711,0.9761583432807073,0.713235294446583
new_roll,0,1499,30.0,0.9583333333333334,0.5,0.9645904730334622,1.0138507923354692,0.2,0.03333333333333333,4.434782604068053,0.1136378615697389,0.4797979793928171,1.3958333328385417
thaitiel,0,1293,16.0,1.125,1.0,0.4551187302415428,0.4181618325833645,0.0,0.0,1.7777777761975306,0.2428920278925878,0.9285714277755102,1.076923076852071
shotoSZN,0,1770,33.0,1.01010101010101,0.6666666666666666,1.2172099231711973,1.3744382502602526,0.42424242424242425,0.2727272727272727,5.9399999941194,0.3956761383736268,1.5918367329201168,0.2972136227348867
GazzaKing,0,1700,23.0,1.391304347826087,1.3333333333333333,0.5636562186977339,0.4837735563311906,0.391304347826087,0.0,2.874999997933594,0.336004847879858,0.842342341761809,0.996376811596802
NazarioRRR,0,1730,44.0,0.3696969696969697,0.26666666666666666,0.805950722625337,0.8004903889789701,0.3409090909090909,0.022727272727272728,3.245901630564364,-0.05299904520679392,0.6599999983664999,1.711111108503703
bouzeid,1,1520,17.0,0.6823529411764705,0.5333333333333333,0.6880248920021331,0.6860021047567473,0.35294117647058826,0.0,3.0287356277452444,0.5672908145741077,0.6043165459800217,1.9753086398079558
Tbonez822,0,865,22.0,0.5734265734265735,0.5384615384615385,0.555648084391712,0.6130022746445747,0.22727272727272727,0.0,2.146341459671624,0.06534994169980313,0.5714285707038327,0.7826086959900758
Ecke_ecke,0,931,15.0,1.1174603174603175,0.7619047619047619,0.7912633081638307,1.0662102820310342,0.2,0.0,2.812499997483132,0.16570153912431573,0.11695906424130502,0.9156976744906535
MKVOP,0,1364,22.0,0.5174825174825175,0.3076923076923077,1.070215666754763,0.7492951205176229,0.45454545454545453,0.0,5.054054044287437,0.21273301428281802,0.47014925291033643,2.3636363592045453
great1one,0,1129,24.0,1.3583333333333334,0.6333333333333333,1.2408067083380532,1.2021003766417977,0.20833333333333334,0.0,5.644171774985885,0.4990214290246608,0.49285714254030605,2.4436619700009925
ibatguy,0,1156,39.0,0.9230769230769229,0.6666666666666666,0.9340385332783839,1.258405914067358,0.41025641025641024,0.23076923076923078,3.611111107199075,0.4288866230972859,0.9195121941463711,0.4364864869205442
jaimeTorres,0,1935,26.0,1.0341880341880343,0.6666666666666666,0.8838339704890015,0.9788292038040245,0.15384615384615385,0.038461538461538464,3.6528925584513345,0.5188778001186419,1.2499999987215913,0.4235294121614533
jorgemario1959,0,1988,22.0,1.4886363636363635,1.125,0.909294571614339,0.8281743873774873,0.22727272727272727,0.0,4.030534348437504,0.3447872785366645,0.5679012342313672,0.7466666668152889
sa_noah,1,891,24.0,0.17820512820512824,0.15384615384615385,0.7426119342447325,0.8627340106167074,0.25,0.0,2.589928043020547,0.47709984513835413,0.7465277739868166,0.957746479105336
egor_okhterov,0,1509,34.0,0.6549019607843138,0.5333333333333333,1.0087821176403071,1.285485742688277,0.35294117647058826,0.08823529411764706,5.2934131655699375,0.34658207213326564,0.35357142815471937,0.5607476640748101
Sergey2507,0,1775,33.0,1.1226551226551225,0.8571428571428571,0.7907882886096748,1.1930670586076537,0.21212121212121213,0.030303030303030304,3.5629820019676783,0.14367500086628227,0.650232918724577,1.6739495790231935
AshuPandey,0,1852,22.0,1.0909090909090908,0.6666666666666666,1.082977148430489,1.3169431356575325,0.36363636363636365,0.22727272727272727,4.888888884407407,0.26431802583822595,1.39999999853,0.4400000003696
gergashyi,1,1890,21.0,0.9450549450549453,0.6153846153846154,1.0076326692762285,1.15017137356916,0.38095238095238093,0.047619047619047616,4.069767437554082,-0.22626121829295845,0.657943924594148,1.4363636357963638
dtzk_1018,1,1289,29.0,0.8429118773946358,0.4444444444444444,1.404243861217666,1.4000258356970838,0.20689655172413793,0.13793103448275862,7.118181809737068,0.29627211857305313,1.528957526912032,0.6222222225828281
snerxx,0,1628,41.0,0.6883468834688347,0.6666666666666666,0.6125559152920499,0.9196801808857572,0.1951219512195122,0.04878048780487805,2.5826771616023314,0.15338913281014638,0.7044025147663464,0.7275132278538359
vilmaratheesh12,1,1168,50.0,0.6933333333333331,0.6666666666666666,0.9214729641102559,1.3030370457913452,0.42,0.32,3.84615384060651,0.1448604263449042,0.3214285710153062,0.8571428573341835
Chris_Franz,1,978,16.0,2.0416666666666665,1.6666666666666665,0.6372446934020024,0.6274185618519099,0.375,0.0,2.6122448966797167,0.47752755769088756,0.7465437784767356,1.3333333331428572
gabito2010,0,954,22.0,1.424242424242424,1.3333333333333333,0.7098224385489451,0.5251452017822507,0.45454545454545453,0.0,3.276595742380263,0.09850636549546775,0.47297297270452876,0.6206896553882282
Jesusruiz_r,0,1563,36.0,0.7407407407407407,0.5555555555555556,1.1357816676267498,0.8638039696103381,0.5277777777777778,0.027777777777777776,6.599999991090002,-0.028465388001467567,0.8857142845375513,1.5531914884083295
DinoSayRawr,0,1272,26.0,0.5743589743589743,0.26666666666666666,1.1212380391871735,1.2441066780405121,0.34615384615384615,0.038461538461538464,4.178571421296238,0.6087549608212328,0.3527131778639355,0.38271605012574306
Carlocastro,0,1911,27.0,0.7901234567901234,0.6666666666666666,0.7275279195056484,1.175780351687647,0.4444444444444444,0.2222222222222222,2.531249996796387,0.17098044543342306,0.87272727168,0.8193277312996788
cabtorral,0,1654,51.0,0.7752639517345399,0.3076923076923077,1.2997739809608264,1.0471408722002544,0.21568627450980393,0.0196078431372549,6.548638123848741,0.5642976014297754,0.9472361796978674,0.23805078476834118
arjunsai17,0,1543,18.0,1.4814814814814814,1.3333333333333333,0.5099019510150946,0.8465993299884153,0.6666666666666666,0.1111111111111111,1.799999998785,0.09071410395316395,0.8666666661033332,0.8181818182933884
Malodemierda,0,1727,44.0,0.5606060606060607,0.6666666666666666,1.0739630513980944,1.329853750776663,0.4090909090909091,0.4090909090909091,4.756756748271731,0.04702760081155638,1.0727969329237679,0.8500000002475001
whoRUsir,0,1509,15.0,0.4842105263157895,0.42105263157894735,0.3532190603416545,0.28616698303297183,0.8666666666666667,0.0,1.9565217350897919,0.07800614758230527,1.1025641001469426,1.072580645005593
yaherroyamerro,0,1891,31.0,0.6451612903225805,0.4444444444444444,1.0065219404526258,1.2572560061621962,0.41935483870967744,0.12903225806451613,4.477777770837223,0.267375736353193,0.37606837559105866,1.120426829070029
tumnut,0,1591,16.0,1.175,0.5333333333333333,1.6043895058492599,1.1081673457155374,0.375,0.0,6.468085100878224,0.6782060140346896,1.7869249374229488,3.2727272685950415
joker_god,1,1539,17.0,0.5725490196078432,0.4,0.8732272324834364,0.868501036224069,0.11764705882352941,0.0,3.14383561094741,-0.2344551453433264,0.3721374040262077,1.7596371863482805
khaledktn,0,1244,22.0,1.5281385281385282,1.4761904761904763,0.6379223488707684,0.8321787016749292,0.2727272727272727,0.0,2.305949006989591,0.026446325717205565,0.4952830185735582,0.9831460674266665
ChillBillVol1,0,1164,17.0,1.8431372549019607,1.3333333333333333,0.8731184901085504,0.7263453522493152,0.11764705882352941,0.0,3.6170212746333186,0.2816821753039999,0.8783783779154493,1.3099415202720839
bishop1988,1,1911,43.0,0.7751937984496123,0.6666666666666666,0.749506503341138,0.5206103034986842,0.5116279069767442,0.0,4.643999994009241,0.40559085389197613,1.0129310331729338,0.6051693408699016
Retivski,0,1371,17.0,1.3725490196078431,1.3333333333333333,0.7719574900722193,0.8872724520446267,0.23529411764705882,0.058823529411764705,3.399999997522857,0.15172523482207026,0.9629629622674897,1.7037037030000004
robsoniwamoto,0,1611,28.0,1.2380952380952377,1.0,0.7297563825263614,0.9017887777953338,0.0,0.07142857142857142,3.230769228159764,-0.03279283385657779,1.1111111101851852,0.73333333352
saoud_ali97,0,1153,22.0,1.4659090909090908,1.125,0.9188254070540607,1.1161391419659887,0.18181818181818182,0.045454545454545456,3.581395346394087,-0.07913753509738057,1.379999998896,0.6753246755102041
inactivehumble,0,1606,22.0,1.0068181818181818,0.975,0.6170626148650684,0.9333750910044954,0.2727272727272727,0.0,2.085778778966721,-0.26108258428475434,0.6058510632819433,0.9954954954999593
Mary055,1,976,16.0,1.375,1.3333333333333333,0.4008714104758193,0.39844337413026926,0.5,0.0,1.9393939379834708,0.14501480692684227,0.7246376806868303,0.9411764706297578
ADVARDOS,0,1673,24.0,1.3541666666666667,1.0,0.7831056358909012,0.776053021078586,0.25,0.0,2.9538461516648518,-0.18892476221117005,0.7522123888479911,1.3636363633190083
Pfeffersackdigga,0,1503,19.0,0.6783625730994152,0.4444444444444444,0.8127257746221148,0.9497038537401861,0.3684210526315789,0.05263157894736842,3.6034482705500896,0.40530067206354486,0.7714285703871427,0.840000000216
abvgdeyozh,0,1709,20.0,1.1222222222222222,1.1111111111111112,0.6431072247360423,1.0802150967549142,0.35,0.05,1.9801980180374472,0.5412038797433049,0.6925925920038889,1.805555554548611
esperanzaveliz33,0,1179,19.0,1.4035087719298247,0.8,0.9446692536164866,0.932435461337653,0.2631578947368421,0.0,3.419999997563249,0.3999625948784824,0.5215517238411861,1.378481012334842
booxoi,0,1614,37.0,1.0436590436590436,0.7692307692307693,0.921619955021502,0.7977447024083052,0.24324324324324326,0.0,4.569721111159291,0.2409502214838372,0.9560185176122927,0.7390817471369993
crnogorica,0,1879,31.0,1.139784946236559,0.6666666666666666,0.7747345339484993,0.6942026597944703,0.5483870967741935,0.03225806451612903,4.094339619049307,0.45822569329668256,0.6526806521785905,0.5681818184762396
hisham2080,0,1408,29.0,0.7310344827586207,0.3333333333333333,1.009409469510792,1.0910629096254176,0.20689655172413793,0.0,4.28616351614943,0.5973770433897899,0.561068701615509,0.5887179491608678
frycu80,0,948,57.0,0.631578947368421,0.4,0.7734269833133937,0.975507013549963,0.19298245614035087,0.03508771929824561,3.37777777242963,0.32593985271285264,0.7678571417106898,0.5954986583653551
KrishnaRabbit,0,1434,18.0,1.123456790123457,0.7777777777777777,0.8979440879520111,0.8050677148479867,0.2777777777777778,0.0,3.3626373596442454,0.30305641749525974,0.39493670856830637,0.8571428572609331
eoy5006,0,1757,43.0,0.740608228980322,0.3076923076923077,1.278378075212172,1.5140475737737884,0.32558139534883723,0.13953488372093023,5.193236707963722,0.4691595841756309,0.9522058810786656,0.7058823532785469
karadi111,0,1783,25.0,0.3413333333333333,0.26666666666666666,0.8087352660436293,0.8081573313705124,0.36,0.0,3.3203124902725216,0.254066880473898,0.586956520303639,1.0795306386100365
caspablanca81,0,1929,18.0,1.6296296296296293,0.6666666666666666,1.3166134862793726,1.4694474670587552,0.3333333333333333,0.2222222222222222,5.318181814918389,-0.41225376965834154,1.142857142122449,2.1428571417551017
bishop1988,1,1936,21.0,1.231746031746032,1.0666666666666667,0.7653554361709103,0.7460256532481068,0.38095238095238093,0.0,3.2474226777759316,0.44600763901580015,0.7101851846722735,0.8905380334789483
ariescxo,0,1923,46.0,0.3420289855072463,0.13333333333333333,1.1282331655584792,1.2031993545408326,0.4782608695652174,0.10869565217391304,5.06779659535263,0.13814293001018726,0.7897435875717947,0.3258426979358667
nestoruy,0,1670,15.0,0.6755555555555557,0.5333333333333333,0.7471089234508393,1.2007662530975676,0.2,0.06666666666666667,2.763157890646641,0.07747704088687843,1.3333333312280704,2.8194444391377314
mak910,0,1178,15.0,0.3671794871794872,0.27692307692307694,0.7677042833304986,0.8005709641557779,0.13333333333333333,0.0,3.016759768320277,0.013188488580089168,0.7968749979766846,0.8461538465384616
r2sori,0,1381,32.0,0.7777777777777778,0.3333333333333333,1.1888083539781922,1.3785519537873818,0.0,0.125,3.999999994857143,-0.4339961680736818,1.0199252788789384,0.15463917588521625
Ajuanomar,1,1479,25.0,0.5173333333333333,0.4,0.5834996892038796,0.5738022459771114,0.4,0.0,2.4484536035145874,0.41561349663596203,0.9746240582817359,0.5817711706390793
Moonstyle,0,1730,63.0,0.5445665445665445,0.3076923076923077,1.0805593150976485,1.2451300326328325,0.15873015873015872,0.09523809523809523,6.215246625358102,0.44012268485988887,0.8729729714087,0.34053030383565547
MACROSPACE-1,0,1991,41.0,0.7479674796747968,0.6666666666666666,1.099492921695399,1.435184218350578,0.3170731707317073,0.3902439024390244,4.456521733172259,0.2871271826348047,1.0743801638241923,0.7326007329092701
dtzk_1018,1,1289,38.0,0.9941520467836256,0.2222222222222222,3.4737971172349233,1.4042749045664906,0.39473684210526316,0.15789473684210525,21.90588233090644,0.21330614357335334,0.1620209057855284,0.12582781506451474
Loncho70,0,978,29.0,0.796934865900383,0.4444444444444444,1.0027698313943085,1.2479935520648853,0.3103448275862069,0.10344827586206896,4.182692302443835,0.3562082586376017,0.8830985904858463,0.3783783789075969
defriz,0,1825,31.0,1.075268817204301,0.6666666666666666,0.7662897617140713,1.055270139894441,0.41935483870967744,0.12903225806451613,3.099999997117,0.2307304144100233,0.8588588580928495,0.9375000000562498
Nakamura_99,1,1526,18.0,0.8962962962962963,0.7333333333333334,0.6974051050000779,0.7529903574328911,0.16666666666666666,0.0,2.380165286600642,0.14112309148660396,0.6351351345557888,1.240740740439815
ZBRasimAVCI,0,1540,20.0,0.95,0.5,1.0006922800956684,1.0705231418695953,0.4,0.05,3.6842105224376733,0.20277064984900225,0.7499999992499999,2.7999999964
Rafamatanzas,0,1743,21.0,0.5714285714285714,0.4444444444444444,0.9865348576711348,1.294577806788621,0.19047619047619047,0.14285714285714285,3.888888882083334,0.7715082983981804,0.6329787223739813,0.23255814033802058
elmoaly77,0,1723,17.0,0.660633484162896,0.6153846153846154,0.7483013842781279,0.6857885537241798,0.29411764705882354,0.0,3.260273967667667,0.6203937322218428,0.576612902439939,0.9135802470384088
HossamHanafy,0,1874,33.0,0.9494949494949495,0.4444444444444444,1.0066925577442425,0.8505831106572558,0.2727272727272727,0.0,4.914893611844953,0.239915464715511,1.165178570164561,2.0748663084015564
joker_god,1,1528,42.0,0.45714285714285713,0.26666666666666666,1.3318676811219234,1.2026770232222805,0.30952380952380953,0.047619047619047616,8.312499981816405,0.19648638683276293,0.4915254228228241,0.8823529414186851
Abokhaled59,0,1283,76.0,0.4736842105263157,0.26666666666666666,1.1591350045019573,0.8501378301794718,0.3026315789473684,0.013157894736842105,7.037037022181071,0.2402027956464485,0.7703377370671244,0.4361702136206997
alexious,0,1391,28.0,1.1587301587301586,0.8888888888888888,0.8365142261696946,1.018740618610938,0.25,0.03571428571428571,3.4520547915413773,0.16939027609584187,0.8086956515093763,0.896103896188902
FI123581321,1,1668,38.0,0.6140350877192982,0.4444444444444444,0.9409311723177134,1.1733562193715397,0.2894736842105263,0.10526315789473684,4.704761897099865,0.15334964069338372,0.4185606055041109,0.5909090914390496
RollaStogie,1,1723,22.0,1.5575757575757572,1.0,0.9853274127604398,1.0886433157838344,0.2727272727272727,0.0,3.252918285849294,0.3928528809804971,0.3025423727179061,0.44382022497688095
sergio_7,1,1459,26.0,0.2641025641025641,0.23333333333333334,0.6202204346878814,0.5966449400870755,0.5,0.0,2.524271835102271,0.2899780789100251,0.6270270249934258,0.5606060619042701
NoSeJugarAjedreZxd,1,1990,41.0,0.6829268292682927,0.6666666666666666,1.3023613629670034,1.470921232838914,0.24390243902439024,0.4634146341463415,5.857142848566326,0.6652952268848756,0.764267989038982,0.12870012940658807
sotakazama,0,1832,42.0,0.253968253968254,0.13333333333333333,1.1445523097192847,1.4005481271621116,0.2857142857142857,0.23809523809523808,5.249999979328123,0.20925952599047912,0.6333333309266665,0.7391304356758034
HeleneLouise,0,1187,25.0,1.1384615384615384,1.0769230769230769,0.8126106143334044,0.7068390901734093,0.24,0.0,4.05405405049306,-0.18251497377242432,0.47204968907889366,1.2947052944067619
Autoinductivo,0,852,66.0,0.4282828282828283,0.3333333333333333,0.9488052460175863,0.8243575063534594,0.25757575757575757,0.0,5.759433948816415,0.056926289980728226,0.6003913881494573,0.5531135539238418
Vigil39,0,1131,18.0,0.9829059829059832,0.6153846153846154,0.9188222912070799,1.0375527582498125,0.3333333333333333,0.0,2.9739130404526266,0.10443944862804375,0.22685185166070823,1.2549019604919263
Dim88,0,1275,21.0,0.63003663003663,0.3384615384615385,0.9357221725707724,1.0687773677286239,0.23809523809523808,0.0,3.369767436511939,-0.03836521621586123,0.44844213593630033,0.8282828285308642
EVART,0,1170,18.0,0.8941798941798942,0.7619047619047619,0.6793404505301878,0.7424908562045224,0.2777777777777778,0.0,2.4497041392722245,0.05959399344756084,1.0215053751907734,1.2533333330141334
TonyDanyAnna,0,1392,20.0,0.9666666666666666,0.8888888888888888,0.679134309491583,0.6066321167086185,0.35,0.0,2.9885057440348795,0.3108482137548032,0.527027026546293,1.8999999986500002
victormgc,0,1246,22.0,0.6,0.4,0.9457803963846786,0.8656229324302294,0.22727272727272727,0.0,3.6666666605555562,0.3165467805136748,0.47765363056443316,0.6229508201820749
jfurman,0,1898,31.0,0.7311827956989246,0.6666666666666666,0.877437286457405,1.3832217753194191,0.25806451612903225,0.3548387096774194,2.7352941139061424,0.08875020949618943,1.0185185171180557,0.6562500003867187
stanmagusiak,0,1340,24.0,0.5166666666666666,0.4,0.7572061013928596,0.6528786097847582,0.20833333333333334,0.0,3.0967741875546313,0.22360736667885833,0.7699999986525,0.9375000001171873
Murtaza6062,0,1673,26.0,1.4615384615384615,1.3333333333333333,0.6696608656468045,0.9589845380763247,0.3076923076923077,0.07692307692307693,3.192982453955679,-0.031611099527319365,0.32051282032790923,1.7142857136224483
srkakaroto27,1,1819,18.0,1.3950617283950617,1.1111111111111112,0.8574942681823099,0.9720679139517624,0.0,0.0,2.8672566351128514,-0.30107128458809224,0.33980582503487605,2.5312499980620116
goopymonster,0,1913,22.0,1.2840909090909092,0.5,2.269165291576291,1.1035683299052255,0.2727272727272727,0.045454545454545456,11.29203538943629,0.1838093334429872,0.4331306988116795,0.298850575067248
Alyaz0,1,1719,35.0,0.9904761904761904,0.6666666666666666,1.1305337262969857,1.1436233691989894,0.5142857142857142,0.17142857142857143,6.057692301576369,0.17464490171243255,1.403174601611066,0.41975308683076124
GAMBITIZER,1,1787,26.0,0.7881656804733725,0.47692307692307695,1.192993730597172,1.7611894384761153,0.15384615384615385,0.07692307692307693,5.192192185604502,0.04038220912602912,0.2935583548207973,2.4507771988966143
tactmogul,0,1774,29.0,1.1126436781609195,0.8,0.7226326427450556,0.7819653928787187,0.3103448275862069,0.0,3.1157024765385732,-0.05262395561396957,0.5854054049544852,1.177570093283693
skd2000,1,1945,30.0,1.2222222222222223,1.3333333333333333,0.8341868900050805,1.1090723707544072,0.43333333333333335,0.13333333333333333,3.818181815057851,0.303473189628552,1.1282051272504934,0.5714285717040816
JWALK516,0,1363,19.0,1.5789473684210529,1.3333333333333333,0.7652966820807593,1.1149638824512664,0.3157894736842105,0.10526315789473684,2.9555555536837033,-0.1826681042486954,0.5416666663732638,0.4500000002474998
Stoindlscheyba,0,1910,33.0,1.128205128205128,0.6153846153846154,0.949910034836569,0.8205370241449065,0.3333333333333333,0.0,4.499999996011364,0.352317533664323,0.7922222215642378,0.6628003316471288
soni1973,0,1473,42.0,0.8412698412698412,0.4444444444444444,0.85212582822807,1.0436150942032107,0.2619047619047619,0.047619047619047616,3.1698113169868285,0.2691868461971044,0.3824675320864309,0.7666666669116666
mvreal63,0,1724,37.0,0.4828828828828828,0.3333333333333333,0.9255235775726383,0.8385496736656846,0.1891891891891892,0.0,4.694029841025424,0.252083048880512,0.6965305213051755,0.7681365580332361
alexford1957,0,1536,79.0,0.45850914205344584,0.4444444444444444,0.8633538966324904,1.216583527361639,0.27848101265822783,0.1518987341772152,4.361963180670688,0.43678815888425654,0.8257042235989448,0.4439732151569885
Kim_Erin,0,1615,17.0,1.2941176470588236,1.0769230769230769,0.9136518180676783,0.7852937140209164,0.23529411764705882,0.0,4.1608391576239665,-0.007576982379554671,0.7588075875144865,2.3703703685432105
widhiw165,0,1954,17.0,0.6666666666666666,0.4444444444444444,0.775439996220573,0.6918281143723708,0.4117647058823529,0.0,2.6666666626666666,-0.4963362425065684,0.8380952369099322,1.3777777770977777
kjman,0,1385,17.0,1.4677871148459385,1.1428571428571428,0.7567076652730368,0.6203864929054769,0.4117647058823529,0.0,3.438931295366987,-0.11271190153778365,1.0602409631177239,0.8110300082261648
eduabjd,0,1291,38.0,0.7824561403508771,0.26666666666666666,1.8589539905776944,1.554060416587358,0.23684210526315788,0.13157894736842105,9.372197297439122,0.45638968201897295,0.6033519546246997,0.19251336959928803
small_island_nation,0,1999,41.0,0.8780487804878049,0.0,1.2372809681086572,1.3458518996797455,1.0,0.5365853658536586,4.555555550367284,0.21277593973524503,1.017543858484303,0.6547619050855654
jeffmoser,0,1501,69.0,0.5024154589371981,0.4,0.9972298890740071,1.1337533391681196,0.13043478260869565,0.07246376811594203,5.307692297127958,0.4438044562527408,1.1035175856938464,0.323809524693773
Blakout,0,1377,28.0,1.0238095238095237,0.4444444444444444,1.335922309373075,0.8444961064560674,0.32142857142857145,0.0,6.294573637262665,0.14833754446352998,0.6727828740066774,0.44943820263691464
Nakamura_99,1,1553,25.0,0.4693333333333334,0.26666666666666666,0.9023900751723765,0.7703035454132784,0.36,0.0,3.1249999933416186,0.3541903189607303,0.9672727252414544,1.8779840821558582
Ajmal-Reza,1,1593,19.0,0.40350877192982454,0.3333333333333333,0.679040798503408,0.7500574983263117,0.2631578947368421,0.0,2.4782608634234404,0.17522930768285858,0.4528301876539693,1.62439024184652
Vishaljain05229,0,1466,60.0,0.6074074074074074,0.4444444444444444,1.405669659482745,1.45432860284267,0.21666666666666667,0.2,9.878048764225165,0.3802624782416482,0.15723270418001667,0.4909090915338844
dugo22447,0,1438,36.0,0.6666666666666666,0.6666666666666666,1.2472191270538187,1.4084580646128932,0.3333333333333333,0.4166666666666667,5.999999991000001,0.02325014838162879,1.571428568547619,0.20000000071999993
rndnrs,0,1456,18.0,1.0037037037037038,0.6666666666666666,1.1424165914771678,1.5155396436393684,0.2777777777777778,0.05555555555555555,4.715867153973121,0.0641667374980504,0.6817838240457593,3.044776115282913
Mysteron97,1,1745,46.0,0.6354515050167223,0.46153846153846156,0.6574524818970486,0.6569721561207538,0.17391304347826086,0.0,3.147368416099668,0.44993976424817256,0.7877984073226655,0.7592592595925067
mopitup,0,1128,19.0,1.263157894736842,1.25,0.5901756442917482,0.6640237439991113,0.42105263157894735,0.0,2.177083331609809,0.07031787900277446,1.1881720420142212,1.1093023254898864
SargeZ,0,785,17.0,0.7619047619047619,0.38095238095238093,0.9363964080411765,0.7855736310055548,0.35294117647058826,0.0,3.874999994914063,0.5904273419659546,0.5142857137071427,0.42512077347174954
super_charged,0,1233,37.0,0.7927927927927929,0.6666666666666666,0.8205633119377593,0.8753983359742379,0.24324324324324326,0.02702702702702703,3.9242424192925274,0.12179275839178791,0.7649082559649493,1.1721677071677377
astrointruso,0,1753,44.0,0.8333333333333331,0.6666666666666666,0.6849021156085672,1.0426045813514908,0.5227272727272727,0.1590909090909091,3.1999999961600007,0.39369330881099546,0.8996960475698118,0.6176470591946365
hruaiachhakchhuak,0,1522,40.0,0.8692307692307694,0.7692307692307693,0.8325641884318938,0.761752312046069,0.25,0.0,4.778761056449213,0.15944757252519298,0.5427135672719376,0.6865671644831812
docmiller,0,1623,19.0,1.618421052631579,0.75,1.327271565823313,1.4659546507556165,0.15789473684210525,0.10526315789473684,5.5609756063200475,0.4209808112641986,1.1351351343988312,0.20700000028547996
alesfer_82,0,1297,40.0,0.8666666666666668,0.5555555555555556,1.0026263986388746,0.9011865968685665,0.45,0.025,5.641025634516765,0.41759526119172374,0.4605714281403337,0.4054054058875091
Konon_Varvar,0,1958,32.0,0.8541666666666667,0.6666666666666666,0.9200651752087048,1.2670196196335355,0.4375,0.25,3.902439019821535,0.1809180187774203,0.8437499990507813,0.5769230773136094
Ubermensch1,0,1511,30.0,1.111111111111111,1.0,0.8671793347666905,1.4128818961504477,0.0,0.26666666666666666,2.9999999973,0.3764439917824351,0.564102563668639,0.562500000307617
shmy61,0,1299,31.0,0.8387096774193549,0.6666666666666666,0.6374257887095335,0.9590009495471941,0.5806451612903226,0.12903225806451613,2.384615381772189,-0.1066917211728672,1.5584415562152134,0.652173913383743
ap729,0,1285,24.0,1.4166666666666667,1.3333333333333333,0.8517571221036015,1.2786114295196442,0.25,0.16666666666666666,2.823529409771626,0.25935987251429565,1.7043478245308123,0.5454545457024793
yogeshsharama1,0,1760,18.0,0.9382716049382714,0.4444444444444444,0.8632220762829727,0.739986292057875,0.4444444444444444,0.0,2.8421052601288093,0.07298330482593925,0.8666666657771931,0.5510204085343606
alerudy,0,1664,40.0,0.6384615384615385,0.3076923076923077,1.3626181091825302,1.208040351369545,0.45,0.075,7.710843361416751,0.36927679078651704,0.39299030521052364,0.26717557324631436
Rodrigosaxo,0,1808,21.0,0.28253968253968254,0.2,0.7350753786925365,0.6773895791832464,0.14285714285714285,0.0,2.8314606641358413,0.2476525301726889,1.2083333288020832,2.3272727193090907
ccphector,0,879,20.0,0.9400000000000001,0.5333333333333333,0.8141831607213649,0.6966527037170848,0.55,0.0,2.8368794296061566,0.27925318190475,1.755102038667222,1.8775510190649733
fikro,0,1787,28.0,0.5761904761904761,0.4,0.822926387135465,0.7117576737916199,0.25,0.0,3.933884290693259,-0.011437121639499682,0.5223367689920998,1.3725490188408302
aminemath2024,0,1634,49.0,0.6575963718820862,0.4444444444444444,0.8900560430548694,1.1880901762349145,0.2653061224489796,0.10204081632653061,4.055172407626444,0.3800258149969897,0.4933333326762135,0.4604081638599584
struktured,0,1817,34.0,0.8627450980392156,0.6666666666666666,0.849160985027991,1.2406888919611785,0.4117647058823529,0.23529411764705882,3.8636363591580585,0.29728003618702276,0.8571428561785714,0.8333333335104165
Woman40,0,807,48.0,0.48055555555555557,0.26666666666666666,0.9967537250733364,0.8724591487578801,0.2916666666666667,0.020833333333333332,4.4393063491436395,0.22247313189632686,0.4689655164166469,0.5175438604108957
alvisfreddy,0,1034,35.0,0.8514285714285714,0.4,1.2589454386251948,1.0047657084297965,0.17142857142857143,0.0,5.402684557412954,0.3012410675526124,0.4025974022052623,0.26867816145542256
Mostawful,0,1954,47.0,0.8037825059101653,0.6666666666666666,0.9134898279366486,1.187020002592635,0.19148936170212766,0.0851063829787234,4.4235294062613155,0.49240665121962474,0.5998817960202268,0.7040816329655873
mat_as96,0,1503,17.0,1.8039215686274508,2.0,0.5635426691143719,0.9197420536974065,0.23529411764705882,0.058823529411764705,2.21739130311862,0.18695879252732525,1.5428571418653065,0.9696969697134987
Blazewar,0,1533,16.0,1.0,0.75,0.9921567406570647,0.7799403047822059,0.25,0.0,4.24999999575,0.5221345659337027,0.673469387150354,2.36842105032687
Firdavs2121,0,1563,32.0,1.1125,1.0,0.6947237435153364,0.718067904520973,0.3125,0.0,3.3558052404292384,0.21431612275687106,0.575892856680086,1.6435643556710127
mcagribey,0,1815,33.0,1.0707070707070705,0.6666666666666666,0.7955912687780051,1.0254374496592724,0.42424242424242425,0.12121212121212122,4.358490561967071,0.09319701369243727,0.7597402590668534,0.6679316890616391
BraveSirRobin47,0,1603,45.0,0.7851851851851851,0.6666666666666666,1.6627341742497845,1.4059553595722185,0.4,0.37777777777777777,10.188679232306873,0.3263678897030042,0.5494949488721884,0.1956521745163044
scroca,1,1613,32.0,1.2083333333333333,1.3333333333333333,0.5922608283828761,0.9638165851983014,0.28125,0.09375,2.2068965498977406,0.10770373019493405,0.6666666661666666,1.1481481480164608
AhmadS20,0,1290,26.0,0.6282051282051282,0.5,0.6523082383319114,0.736025035772067,0.2692307692307692,0.0,2.334693873834569,0.3149929147998855,1.4514563082487741,1.3333333327142856
Adidodu,0,1976,23.0,1.681159420289855,1.3333333333333333,1.102370162319851,1.4897037813917342,0.2608695652173913,0.391304347826087,3.9655172390205116,-0.20990690703553777,0.5480769227765347,3.513888885432292
OsamaAlahmad,0,1521,17.0,1.0588235294117647,0.6666666666666666,0.8097485588306242,1.1903927510598826,0.4117647058823529,0.17647058823529413,2.5185185161399173,0.31114670776060765,0.6617647053568337,1.7777777767407406
vicsantoyo,1,1685,24.0,1.1666666666666667,0.6666666666666666,1.2589813385782334,1.3044575193287011,0.5,0.20833333333333334,5.714285709387754,0.0036156948433282445,0.79999999936,1.4705882347958474
AliHasan01,0,1380,20.0,0.9555555555555554,0.8888888888888888,0.6540633067771541,1.0196338977216406,0.25,0.05,2.32558139291509,-0.157613095178608,0.8020833325437826,1.324324323929876
pijagachess,1,1711,26.0,1.3333333333333335,1.0,0.8435273916543279,1.1017430604459901,0.0,0.11538461538461539,2.9999999977499994,0.3266673583410505,0.9121621614965304,1.3636363633140498
sparrow_003,0,1203,31.0,0.8817204301075269,0.6666666666666666,1.0586602141266759,1.4615743744952834,0.3225806451612903,0.3548387096774194,3.7804878005904228,-0.1018010879788294,0.5906249994186034,1.3235294113365053
Ahkarado-shootout,0,1986,24.0,0.6851851851851851,0.6666666666666666,0.7367034135431362,0.6872337763913261,0.20833333333333334,0.0,2.9189189146588754,0.49614977438457863,1.3127272706865785,0.7619047622108845
JokerLoop,1,1863,50.0,0.5226666666666666,0.3333333333333333,0.8275535352406461,1.0052392123073608,0.3,0.02,3.698979584759606,0.2595206116734356,0.7087087074317563,0.7268722471472376
Voxel9999,0,1877,18.0,1.4102564102564101,1.0,0.8714005060236804,0.9054223141437142,0.1111111111111111,0.0,3.4909090884337193,0.26942244202934174,0.35714285694387754,0.8131868133069072
Nurbagomedov_IN,0,1787,43.0,0.5984496124031007,0.26666666666666666,1.270708881059759,1.4349859953222295,0.2558139534883721,0.06976744186046512,7.018134703298714,0.4325348938709932,0.9861111094675928,0.7916846190098289
CAOB,0,1688,23.0,1.6231884057971013,1.3333333333333333,0.4968009905240622,0.4950882988150052,0.2608695652173913,0.0,2.464285712767538,0.1586978870618548,0.8173076918361685,1.0576923076556954
Apricot1,0,1607,18.0,1.2222222222222223,0.6666666666666666,0.8181818175123966,1.0562888027331585,0.4444444444444444,0.1111111111111111,3.2727272700495864,-0.16194019777212734,0.2758620687942924,0.6500000002362499
DorianR,1,1358,27.0,1.2314814814814814,1.0,0.7452337854618473,0.6995631535651989,0.4444444444444444,0.0,3.654135335378597,0.034151883084058775,0.5497685181316444,1.4929971983768882
Putrapangalengan,1,1059,19.0,1.263157894736842,1.3333333333333333,0.8543642492808338,1.2027148686522604,0.2631578947368421,0.15789473684210525,3.694444441519676,0.541001659136286,0.8749999993437498,0.5727272729894627
Vadim25region,0,984,34.0,1.050420168067227,0.9523809523809523,0.7137357113783317,0.7565024394123561,0.3235294117647059,0.0,3.1733333303123197,0.23618262974757243,0.5411764701425604,1.5167785228708395
Nimzowitch2010,1,1790,15.0,0.5333333333333333,0.4444444444444444,0.726483155894623,0.5856792640859019,0.4666666666666667,0.0,2.916666661197917,0.008167416401841862,1.5151515114325065,2.6249999943124998
axaxaxaxxaxaxaxaxaxa,0,1118,23.0,1.507246376811594,0.8888888888888888,1.14530313101021,1.576869976940398,0.21739130434782608,0.13043478260869565,4.570512817480462,0.42191015186598496,0.8956228950529537,0.419781931732593
zhekamisyuk,0,1784,22.0,1.6545454545454545,1.0666666666666667,1.1059177689528215,1.6341332142560552,0.18181818181818182,0.09090909090909091,3.706959704719237,0.19417595813387065,0.6696428567806706,0.4368421055076871
ARSIMNES,0,1588,73.0,0.5711275026343519,0.46153846153846156,0.8639731062377018,0.7181629338668576,0.136986301369863,0.0,4.848708478595159,0.22045478885600692,0.6179594454029436,0.7503974566615543
starbuckrogers,0,1564,23.0,1.478260869565217,1.3333333333333333,0.7278710266946986,0.8446188275866916,0.30434782608695654,0.043478260869565216,2.705882351110727,-0.13856978045237944,0.5163043475062027,2.0052083322967125
Niknolan369,0,1629,52.0,0.6752136752136751,0.4444444444444444,1.244825854102823,1.046790423731517,0.23076923076923078,0.057692307692307696,6.911392394827433,0.25437615050644985,1.4385964888998155,0.5959595964370983
Abu_Hammam,0,1463,22.0,1.3636363636363635,1.3333333333333333,1.0879814805260266,1.286215629332304,0.36363636363636365,0.18181818181818182,5.377777773834074,0.043294718133801785,0.49999999970000003,0.36363636395454546
DarkReggin,0,1548,24.0,1.3333333333333333,0.6666666666666666,1.376892635788856,1.3473330732822297,0.375,0.20833333333333334,6.9999999947500005,0.41083626717204924,2.87012986680313,1.823529410892734
pionbatu,0,1895,62.0,0.5913978494623655,0.4,1.1421713389369643,1.3843110693837264,0.06451612903225806,0.11290322580645161,6.312727262053026,0.4365326761110165,0.32472585731648945,0.5536723169704587
zaza555,0,1801,28.0,0.8071428571428572,0.4666666666666667,0.9208974633825879,0.8838085489340973,0.2857142857142857,0.0,4.1297935052079255,0.3285436400531491,0.7255594808971687,0.5550458719882584
sankg2001,0,1012,46.0,0.7768115942028985,0.5333333333333333,1.0399408352668962,0.84604954204708,0.2391304347826087,0.0,6.5223880513051355,0.4367665340990032,1.0606060592209412,0.4565217396399456
nguyentuanhung2012,0,1911,19.0,0.3964912280701755,0.4,0.5385884607549914,1.0168644441099264,0.42105263157894735,0.05263157894736842,2.35398229494792,-0.07549019267902066,0.6391304333237239,0.9490909092158678
DorianR,1,1605,35.0,1.107482993197279,0.7619047619047619,0.8192030864863724,0.8467402143274887,0.3142857142857143,0.0,3.783783780367222,0.2304127021331401,0.31631762627490734,0.9035790599118059
stnayrb,0,1635,65.0,0.5372781065088758,0.3076923076923077,1.0561300750530003,1.0306608255418654,0.23076923076923078,0.046153846153846156,4.86784140063144,0.13742965727341774,1.2476459486074538,0.5176085182864731
Ahmedhabour125,0,1655,18.0,0.802469135802469,0.6666666666666666,0.7098628911190527,0.6097764789090663,0.2222222222222222,0.0,3.0461538423578705,0.11392901512958935,1.2499999983125005,0.8571428573081633
Nimzowitch2010,1,1781,23.0,1.1111111111111112,0.6666666666666666,1.0450712468906436,0.7021817695240048,0.21739130434782608,0.0,5.199999995319999,-0.1343317383100292,0.7124999993908124,3.1378205087504316
ant0305,0,1510,33.0,1.01010101010101,0.6666666666666666,1.270275559398461,1.244308631137633,0.45454545454545453,0.21212121212121213,7.259999992812601,0.2634067648616729,0.752136751442472,0.4848484852231405
riez160280,0,1609,16.0,1.7083333333333335,1.3333333333333333,0.9753048298257827,1.228199135727053,0.1875,0.125,3.902439022105889,0.1885835155908893,0.4040404038567492,0.6400000001728001
elisglez,0,1836,44.0,0.7622377622377623,0.46153846153846156,0.9952754299571027,0.8631033041532243,0.1590909090909091,0.0,4.2385321045311,0.3145170502743029,0.4144927531155851,0.4342105268480782
David_mj,1,1848,43.0,0.8992248062015503,0.6666666666666666,1.2679156062348345,1.41106803815336,0.3953488372093023,0.32558139534883723,5.18965516664254,-0.08430011869266889,0.860869564291021,0.46503496546705214
LoLiTo_CH32,0,1347,15.0,1.6444444444444446,1.3333333333333333,0.6922296468690872,1.2314468465271955,0.13333333333333333,0.13333333333333333,2.0270270257943754,0.36149046151343955,0.42968749977844234,1.148437499902588
jjroman18201,0,1433,25.0,0.8076190476190477,0.7619047619047619,0.603257443734105,0.8423683080683233,0.4,0.0,2.0047169786498196,0.24447214986659738,0.7394366188981601,1.2512820509302562
SergioSousa,0,1428,26.0,1.4102564102564101,0.6666666666666666,0.7454545449259503,0.8264455058908452,0.5,0.038461538461538464,2.836363634352397,-0.0008539979976783528,0.6785714281318993,0.7187500001713866
viktor0859,0,1848,36.0,0.9230769230769229,0.6153846153846154,0.8543642490316444,0.7820013667208563,0.3611111111111111,0.0,3.4999999962083344,0.2124835597134384,0.5427807481348338,1.69999999897625
djb5,0,1515,19.0,0.6801619433198379,0.46153846153846156,0.7672801438396308,0.7425923904042433,0.10526315789473684,0.0,3.3928571378688357,0.10293885210734155,0.6857142848228572,0.9000000001392859
scroca,1,1599,43.0,0.8372093023255814,0.6666666666666666,0.8602644174418644,1.2701073853690261,0.3953488372093023,0.2558139534883721,3.9814814767258233,0.1714798914084581,0.6599999992740001,0.8228840127315694
putra-surya,1,1511,25.0,0.5538461538461539,0.46153846153846156,0.7027283676574915,0.6736392129590328,0.16,0.0,3.05555555003858,-0.2734006658380046,0.6093749990716554,0.5604395610518054
misha_kvasov,1,1667,25.0,0.6333333333333334,0.4166666666666667,1.0480161958052308,0.6818990520634667,0.4,0.0,4.736842097783933,0.17053577133066244,1.0524475507474447,0.7008547012535613
Kayecta,0,1994,36.0,0.7777777777777777,0.6666666666666666,0.8715716759138425,1.156774717693549,0.19444444444444445,0.08333333333333333,3.7142857095102046,0.3261091734712227,0.4285714281428571,0.4823529416697576
jancan,0,1343,39.0,0.2452619843924191,0.12173913043478261,1.1362254415102775,0.9898315616794894,0.1794871794871795,0.0,5.318181796498142,0.09453008509392652,0.8280394272366751,0.5912979364203745
seixas_38,0,1486,45.0,0.8296296296296295,0.6666666666666666,0.7791937215347731,1.1463042914326944,0.4888888888888889,0.2,3.2142857104113527,-0.061716057003162135,0.671328670596313,1.3724007556093536
Alex-d4c,0,1445,18.0,1.6444444444444446,0.7333333333333334,1.4324324315613581,1.207816831644876,0.2222222222222222,0.0,4.7837837808747254,-0.2929945900877426,1.335714284795982,5.727272717603306
KerilMeks,0,1350,25.0,1.413333333333333,0.6666666666666666,1.2104916921507232,1.6075045825608074,0.24,0.32,5.1886792416117835,0.5034181851865692,1.111969111157675,0.5158371043287198
Condor91,0,1090,37.0,0.5801801801801802,0.4,1.0689006075637992,1.5145224009954976,0.13513513513513514,0.16216216216216217,4.826086948203483,0.4644715568794525,0.49240607439596523,0.46491228137061413
Dospss,1,1862,36.0,0.5222222222222221,0.4666666666666667,0.8666132687412215,0.7967919190378697,0.19444444444444445,0.0,4.0851063751561805,0.04159278633646492,0.7543103434620245,0.698795181212803
Ruthvikasalem,0,1506,27.0,0.8467236467236468,0.46153846153846156,1.1765416728038258,1.3434627710543998,0.3333333333333333,0.037037037037037035,4.615074018775602,0.13062512876315563,0.4341085266943093,2.236238529714171
EnlikKazakhstanTaraz,0,1537,28.0,0.6587301587301588,0.4444444444444444,0.7515407301242004,0.6335103304262205,0.32142857142857145,0.0,3.3734939707824063,0.2293348143456984,0.6617647049626947,1.2432432428290723
Lorenzo1978,1,1953,27.0,1.0,0.5333333333333333,1.0675921899959024,1.0174931607313868,0.25925925925925924,0.0,4.1999999958,0.42911168075533956,0.5078124996032715,0.6318909309439651
gundala123,1,1715,34.0,0.6405228758169934,0.4444444444444444,0.523897862569565,0.48327732600094414,0.4117647058823529,0.0,2.7755101997484384,0.034903375641594306,0.9599999985188575,1.0
stracca,0,1422,40.0,0.9566666666666667,0.6,1.0150741367968108,1.3846019890587995,0.2,0.075,4.459930308926902,0.5644806841052316,0.4166666662946429,0.47938144370150904
ahmedwalid744,1,1830,33.0,1.0909090909090908,0.6666666666666666,1.4649541054398,1.5419847218715674,0.2727272727272727,0.36363636363636365,6.722222216060185,0.5094714524206914,3.0933333288789338,0.18823529455058827
dboenn,0,1489,64.0,0.5729166666666667,0.4444444444444444,0.9860552030470168,1.0108979745136148,0.265625,0.0625,4.266666659219394,0.10238135825326092,0.8429118759558727,0.701030928278882
Sinitsyndg,1,1618,19.0,1.7447368421052634,1.2,0.9472720958511464,1.1118422161739496,0.3684210526315789,0.0,3.266968323919384,0.38656221774065364,0.48860135527966164,1.982608694797732
premiashish,0,1529,22.0,1.1818181818181819,0.75,1.08086503726976,0.9006171442879778,0.13636363636363635,0.0,4.865384611267751,0.26507514101908514,0.5210727965515479,1.8108108098466034
spartacus1029,0,1631,23.0,1.0338164251207727,0.4444444444444444,1.1542718196033523,0.7435775857033228,0.5217391304347826,0.0,4.9439252288626525,0.21778945114888598,0.329670329425794,1.2155797099129453
drakik,1,1497,29.0,1.0957854406130267,0.8888888888888888,0.816296913591158,0.7700149907027445,0.41379310344827586,0.0,3.0419580391819894,0.16416465374995634,0.547747747325834,0.6555555558138886
jpgtello,0,1833,30.0,1.0177777777777777,0.4666666666666667,0.9881836517977927,1.380364347512031,0.16666666666666666,0.06666666666666667,3.144104800404264,0.12184586334216431,0.668539325251152,0.8174603176232995
Fanes,1,1862,42.0,0.9142857142857143,0.2,1.9314421404327908,1.763859283685361,0.09523809523809523,0.09523809523809523,9.041666656777345,0.47318771684958655,0.2855901266363994,0.06469500978673029
PIDIOS5,0,1734,24.0,0.9277777777777777,0.6666666666666666,0.7530401401546488,0.6879641745023858,0.3333333333333333,0.0,3.4491017926895915,-0.1426390064537103,0.5909090903047522,0.988095238107993
pclndev,0,1768,21.0,1.1428571428571428,2.0,1.0206207252666144,1.2343006039419004,0.47619047619047616,0.47619047619047616,3.4999999969375,-0.10739696380427115,1.4285714271428571,1.2727272724545453
mattcaissie,0,1237,17.0,0.9647058823529413,0.6666666666666666,0.8447463541071475,0.7858521949994546,0.29411764705882354,0.0,3.0406504033521706,0.017125423581498333,0.3774509800868656,1.0634920634240361
midy17,1,1594,28.0,0.8428571428571427,0.6333333333333333,0.8019614299655421,0.9085568147273689,0.21428571428571427,0.0,2.9265536688442024,0.18258226245670037,1.240159440368207,0.7019230772240199
Silent_Slash,1,1355,27.0,0.6666666666666666,0.0,1.4142135602517747,1.1303786719805962,1.0,0.6666666666666666,2.9999999955000005,-0.3413844466002364,2.8749999944895834,1.160714285453125
Berto555,0,896,22.0,0.7151515151515153,0.6,0.6323646806811045,0.6615624311863132,0.22727272727272727,0.0,2.4237288101702092,0.2021923873631483,0.686111110274913,0.6857142860846936
cossuttafan,0,1909,22.0,1.4545454545454546,1.3333333333333333,0.9736101197929699,1.326953802802162,0.2727272727272727,0.18181818181818182,4.124999997164062,0.22409278850730116,0.7682926824208803,2.4285714268877556
iman100,1,1823,20.0,0.8625,0.4,1.0632388198183964,1.1632853925546565,0.25,0.0,3.362318836681369,0.2812291627399621,0.8235294108604383,0.9491525424303363
rjgwolf,0,1150,25.0,1.2,1.3333333333333333,0.6849348886479961,1.050839009289749,0.4,0.12,3.3333333305555555,0.3612365261989006,0.6464646459944903,1.6730769223197115
Paulo1588,0,1762,27.0,1.0370370370370372,1.3333333333333333,0.5050762717890674,0.8216847880726535,0.4074074074074074,0.07407407407407407,1.9285714267117342,0.2325870930077756,0.7620689648471461,0.928571428637755
zeuz60,0,1840,20.0,1.7666666666666664,1.3333333333333333,0.7940236000222816,0.6883486953070688,0.15,0.0,3.3962264131719477,0.34423332724931854,1.3039215678220877,2.1176470578373707
airam5ij,0,1031,22.0,0.921212121212121,0.6666666666666666,0.7235645826286318,0.7497264641397136,0.3181818181818182,0.0,2.4605263131185082,0.45134777669328496,0.48571428524865723,0.727272727528409
Baxti2107,0,1946,26.0,1.4102564102564104,1.3333333333333333,0.8326002279081788,1.2399687406872424,0.23076923076923078,0.15384615384615385,3.3090909067444625,0.2269170354692161,1.222222221325926,1.115384615298077
FBr1,0,1407,19.0,1.2581453634085213,1.1428571428571428,0.8569720182630696,1.3775400567914153,0.21052631578947367,0.05263157894736842,2.7250995994276597,0.2612188473410776,0.566164153715504,1.696551723381332
Filantrop888,0,1342,50.0,0.7384615384615385,0.5384615384615385,0.8630131312150022,0.7242332445291007,0.26,0.0,4.166666661024306,0.41311498335919794,0.610465115503921,0.6551724141795483
Abdallahzyx,0,1572,16.0,0.7916666666666666,0.7777777777777777,0.5698379560841246,0.625562379599298,0.3125,0.0,2.2456140322511544,0.22050176980896694,0.8697478981236408,0.7812500002460938
Gnyambe,0,1612,22.0,1.4155844155844157,0.8571428571428571,1.0717203801311945,1.0434713735280883,0.22727272727272727,0.0,4.0366972448548095,0.2828803517773977,1.1379591828443847,1.4402985070831757
surs16,0,1141,35.0,0.9676190476190476,0.4,1.2444557421375835,1.2168462544514878,0.11428571428571428,0.02857142857142857,5.787401568822075,0.37121572555886645,1.3480023146097022,0.15596330324593893
ramses005,1,1767,21.0,1.0582010582010584,0.8888888888888888,0.744311761933761,0.8204801901512918,0.23809523809523808,0.0,2.9399999972216992,0.17290043201752808,0.5974025969138135,2.225705327251649
RamRamSa,1,1729,54.0,0.12386831275720166,0.06666666666666667,1.1787467084531493,1.167207138338679,0.2222222222222222,0.05555555555555555,7.176079676286133,0.26548106511645675,0.49053029951855204,1.1197183088348044
uncletony,0,1062,23.0,1.2057971014492754,0.6666666666666666,1.040107313241139,0.9402203135426321,0.2608695652173913,0.0,4.09134615045309,0.09125669521270444,1.0861195532803034,1.807142856191582
Mkhonta,0,1549,34.0,0.8156862745098039,0.5333333333333333,0.8791638028192912,0.8068566496128082,0.35294117647058826,0.0,3.5961538417451,0.4350113803154125,1.0666666653333337,0.7049180330952701
RameshAmate,0,1254,15.0,1.9999999999999998,1.3333333333333333,0.8944271905527024,1.2672991273887289,0.3333333333333333,0.13333333333333333,3.666666664833334,0.06836228891749319,1.3124999992617188,0.3951612905274453
claudio_1958,0,1202,17.0,1.986928104575163,1.3333333333333333,0.9106080731452194,0.7580970313532881,0.29411764705882354,0.0,3.8026315770335444,0.5226068758969057,1.2118811874708753,0.5333333335101754
Anyger,0,1652,26.0,1.1538461538461537,0.6666666666666666,0.8412219206375056,1.0452712125088706,0.46153846153846156,0.11538461538461539,4.04444444093926,0.24841586394857612,0.2812499998101562,1.4999999994583333
Capadorada,0,1869,15.0,1.866666666666667,1.3333333333333333,1.4474937281360485,1.2790070503841175,0.26666666666666666,0.13333333333333333,6.07142856817602,0.0106423133852122,0.1585365852904521,2.4659090895098137
Savant95,0,1467,20.0,1.5666666666666667,1.3333333333333333,0.9821862876780761,1.2698782330279146,0.25,0.15,4.255319146220009,0.48075170732386446,0.6306306302727049,0.46875000024902347
tweetysweettea,0,1734,35.0,0.4952380952380953,0.4,0.8059505012062116,0.9749561492452073,0.2857142857142857,0.02857142857142857,3.903846145963387,-0.1761368692976098,0.5370370360386989,1.8459595935082354
le-bleu,0,1505,42.0,0.8843537414965985,0.2857142857142857,1.447762333517654,1.6061727756790927,0.14285714285714285,0.09523809523809523,7.215384607225682,0.22054480752718894,0.3130904180748159,0.12716763061404493
MAJ042888,0,1115,42.0,0.6571428571428571,0.4,1.2888776606077401,1.0598931481377674,0.14285714285714285,0.023809523809523808,6.289855062892251,0.22259517537766096,0.378096479326785,0.37086092780853924
Nimzowitch2010,1,1780,52.0,0.7094017094017093,0.6666666666666666,0.6814422034914259,0.7308660889370996,0.23076923076923078,0.019230769230769232,3.132530116066193,0.03577012596470435,0.9264705869477728,1.2432432428586557
RadikZiyangirov,0,1236,50.0,0.5870000000000001,0.3,2.029961830348174,0.9330294701685246,0.14,0.0,14.310051082947101,0.3419633822690587,0.5283058715887416,0.3556581993583624
ZBRasimAVCI,0,1537,25.0,1.24,0.75,1.0287870060454627,1.0651523296371888,0.12,0.04,4.435483867390738,-0.001089384371570625,0.6456310674847769,0.7357859533610587
luispahissa,1,1710,33.0,1.0033670033670032,0.6666666666666666,1.1399521969486401,1.3899271070471693,0.15151515151515152,0.12121212121212122,4.872483216620378,0.15276413100927388,1.0751999989161984,0.5349845204762718
Obehi_Harry,0,1204,25.0,1.5626666666666669,1.0666666666666667,1.1018447702955432,1.4184259796890732,0.44,0.08,5.631399313802431,0.18179835036065348,0.2158273380130428,0.821836228391291
Jesus-is-The-Messiah,0,1657,41.0,0.9118198874296436,0.46153846153846156,1.3417405004093148,1.421733450310858,0.14634146341463414,0.0975609756097561,6.748971186013988,0.26925418681576724,0.32409090879407126,0.48506359106944
eunho17,0,1564,26.0,0.8846153846153846,0.75,0.7020763149435286,1.2535321642970396,0.11538461538461539,0.11538461538461539,2.543478257994329,-0.003170184981580836,0.7741935475879292,1.29999999961
BjoernWissling,0,1728,26.0,0.4974358974358975,0.4,0.6110367621834802,0.6329821446204749,0.15384615384615385,0.0,2.412371129171006,0.04666054617783928,0.8658008641142407,1.2558139529083288
ariotofmyown,1,1924,22.0,0.575757575757576,0.4,0.6747524413770021,0.6013709893237037,0.22727272727272727,0.0,2.778947363594459,-0.2703580762591166,0.8476562486093137,1.4999999989144732
mahipalchoudhary,0,1345,25.0,0.8693333333333334,0.5333333333333333,0.997871194501097,1.2711663338053858,0.44,0.08,4.2944785226673945,-0.2044643031450999,0.23376623353853931,2.027149319454352
Monarch_Butterfly,0,964,49.0,0.5605442176870749,0.4,0.9742175411685143,1.4510272605188024,0.10204081632653061,0.14285714285714285,5.233009699402276,-0.11234989973684367,0.813394681641818,0.3945205486916871
rgnelson,0,1708,39.0,0.7416173570019723,0.46153846153846156,1.0586843636596412,1.2785748260895824,0.05128205128205128,0.07692307692307693,4.563829781080155,0.06993637898781938,0.8342465742653736,0.5508403366005985
Noobitron,0,1829,39.0,0.9458689458689458,0.6666666666666666,0.9748246293263793,1.3972817637570936,0.1282051282051282,0.1282051282051282,4.93373493454295,0.47641424294059576,1.0236220461559922,0.4094827590559415
Paulbrasil,0,1499,52.0,0.5307692307692308,0.4,0.7130637691021291,0.643985778700482,0.23076923076923078,0.0,3.7681159349296367,0.248112493822924,0.6863106187894312,0.7844827589829818
Nikiniki2000,0,1684,52.0,0.8058608058608059,0.5238095238095237,1.186459416465478,1.1913553923124247,0.15384615384615385,0.019230769230769232,5.318181811582438,0.291208333737569,0.4351638204751457,0.8723404256802171
olokpa,0,1689,22.0,1.0484848484848486,0.5333333333333333,1.1625396956586855,0.9693879710247749,0.36363636363636365,0.0,5.213872827397172,-0.021344896378481578,0.2348008383972153,2.089285712680963
Howl0,0,1835,34.0,1.0784313725490193,0.6666666666666666,0.7034742583350733,0.9251156023198769,0.5294117647058824,0.08823529411764706,3.090909088042976,0.25730570818087184,1.2187499988117185,0.7187500002241209
eljot-kerry,0,1949,37.0,0.5639639639639639,0.3333333333333333,1.167511985420028,1.089214251711166,0.32432432432432434,0.02702702702702703,5.083067083638652,0.12217091011880096,0.5311355302892165,0.47141777957986075
gustavosamaja,0,1458,31.0,1.1827956989247306,0.6666666666666666,0.935613114137608,1.2803187542673442,0.3870967741935484,0.1935483870967742,3.38181817895901,0.4049576868831498,1.1083333323635414,0.6250000002556817
Verdict1,0,1395,17.0,1.1633986928104576,0.6666666666666666,1.2018796025430205,0.8789133472482722,0.17647058823529413,0.0,5.348314602144425,0.1516965812378032,0.8821428564056377,0.6933333335541332
David_mj,1,1870,31.0,1.032258064516129,0.6666666666666666,0.9400428468125398,1.4274416317912042,0.2903225806451613,0.2903225806451613,3.2291666635384115,-0.14175308585402127,0.44999999959500003,2.812499996601563
pablozuniga,0,1474,30.0,1.0222222222222224,0.6666666666666666,0.8542122906595094,1.3795981223086704,0.3,0.26666666666666666,2.6086956496219273,0.34943782673591856,0.41880341846515445,0.6428571431441326
BobbyNoFishR,0,1637,16.0,0.2666666666666667,0.26666666666666666,0.6123724333993976,0.8633747308870685,0.375,0.0625,2.4999999906249992,-0.28571428571428575,0.5076923060813608,1.6666666633333336
Aristofan1,0,1906,22.0,0.9999999999999999,0.6,0.9737981445793901,0.7851583927358051,0.13636363636363635,0.0,4.5333333288,0.29528897177911556,0.7222222215820706,0.8333333334861109
CreoGo,1,1386,61.0,0.37814207650273224,0.26666666666666666,0.9343801432982807,0.8290924269038408,0.3114754098360656,0.0,4.583815016779796,0.3208555698148277,1.0746268627845847,0.5612019452233367
Charlesdiconca,1,1483,15.0,0.3555555555555554,0.2222222222222222,0.8797490147649035,0.8764515389677799,0.06666666666666667,0.0,3.124999991210939,0.08858508602801742,0.4365482223530625,1.1061320751563053
mahi-8585,0,1963,18.0,0.31851851851851853,0.2,0.8729453172185883,0.8068000321728039,0.1111111111111111,0.0,3.5581395237128173,0.0753674948833754,0.5055555541863427,0.592592593611111
Victorricardo,0,1937,26.0,1.2564102564102564,0.6666666666666666,1.0946463935698842,1.3908662014912747,0.38461538461538464,0.23076923076923078,3.7142857113294463,0.534966335702956,1.9675925905020257,1.041666666632813
Javiera_reyes,0,1088,40.0,0.6824999999999999,0.375,1.0438660700384554,0.8678457894236932,0.2,0.0,4.542124535469416,0.1832197197225089,0.2992125980482361,0.4877384201768518
palash32,0,1903,18.0,1.3333333333333333,1.1111111111111112,0.8069910575244206,1.1880983031988563,0.3333333333333333,0.05555555555555555,2.99999999775,-0.026119703701392768,1.1764705873010382,1.1176470587301037
jetskipebble,0,1488,42.0,0.8888888888888887,0.6666666666666666,1.232013449375438,1.492114986180685,0.30952380952380953,0.38095238095238093,5.249999994093751,0.3053687899031862,0.59999999937,0.16666666721354167
mohamedttarek,0,873,21.0,0.6222222222222222,0.5333333333333333,0.8135155671821458,0.8446184711554713,0.38095238095238093,0.0,3.642857137002551,0.42356593930492004,0.8087431682056796,0.46153846215976346
srkakaroto27,1,1831,42.0,0.91005291005291,0.6666666666666666,0.8042612300832518,0.8941298615746591,0.14285714285714285,0.023809523809523808,3.418604647406301,0.2792942348801363,0.7035460985722649,0.6074766358606866
Danny2222,0,1680,46.0,0.5782608695652174,0.3666666666666667,0.763243282749111,0.671725146893796,0.2608695652173913,0.0,3.343358390208228,0.14805923627802917,0.6729534499375024,0.8302752296263991
ultramatematik,0,1263,28.0,0.8571428571428571,0.46153846153846156,1.066648174137705,0.8353393389222395,0.17857142857142858,0.0,4.8461538405,0.09217163175487131,0.5392156857075404,1.5161290315005203
Fluxpavision,0,1697,29.0,0.9336870026525198,0.46153846153846156,1.2076771027386284,0.946107696481934,0.1724137931034483,0.0,5.107954539983811,0.17793182361543436,2.558666662453396,0.2074074079082819
BenLipson,0,1377,24.0,0.888888888888889,0.6666666666666666,0.7359800713660097,1.1676427728247174,0.16666666666666666,0.08333333333333333,2.9999999966249997,-0.051745061686957645,0.6271186434938234,0.7142857145612242
dfaniel,0,1626,33.0,0.5656565656565656,0.38095238095238093,0.7344103748423442,0.6277320842274089,0.5454545454545454,0.0,3.198979586181396,0.2533267501221487,1.3410596001311899,0.6769865845833469
ijohndoe99,1,988,42.0,0.7603174603174603,0.3666666666666667,1.161676759863312,1.380210853461099,0.07142857142857142,0.047619047619047616,6.400835064650258,0.1298227116080391,0.6016713085134349,0.18858560857467876
ireland2,0,1446,47.0,0.7819148936170213,0.75,0.5885041830264618,0.5330348952714811,0.2978723404255319,0.0,2.87755101672803,0.122304387769145,0.7431111102074881,0.9982638888911072
chessmanuz2023,0,1899,18.0,0.8205128205128205,0.3076923076923077,1.0734727510240594,0.9219380635984555,0.3888888888888889,0.0,3.3749999958867187,-0.184491137915032,1.5149253710767432,4.052631569548476
Back_And_Better,0,1878,50.0,0.4773333333333333,0.3333333333333333,0.8552049006945609,0.7604243318286327,0.22,0.0,4.748603342007116,0.2498841587953062,0.47499999910937496,0.6728971968348764
SCOTTSKY,0,1824,31.0,0.8888888888888887,0.6666666666666666,0.6286185563865163,0.6063765626801138,0.16129032258064516,0.0,2.9999999966250006,0.2285117155842638,0.7539682531604308,1.1019736840897683
real_qiniso,0,1537,15.0,1.422222222222222,1.3333333333333333,0.41457809850292476,0.8465040594100811,0.4,0.06666666666666667,1.4062499990112305,0.27376368852664806,0.8999999993924999,0.9916666666724999
EID300,0,1581,26.0,0.9564102564102565,0.8666666666666667,0.7716011443685582,0.7483618908015663,0.4230769230769231,0.0,3.694369969327602,0.48357168321908134,0.8105576833289783,1.1560693639859334
